season,player,runs,balls,dismissals,strike_rate,average,full_name
2008,A Chopra,42,55,4,76.36,10.5,A Chopra
2008,A Kumble,13,17,1,76.47,13.0,A Kumble
2008,A Mishra,37,42,3,88.1,12.33,Amit Mishra
2008,A Mukund,0,1,1,0.0,0.0,A Mukund
2008,A Nehra,3,13,0,23.08,,Ashish Nehra
2008,A Symonds,161,111,2,145.05,80.5,A Symonds
2008,AA Noffke,9,12,1,75.0,9.0,AA Noffke
2008,AB Agarkar,54,49,4,110.2,13.5,AB Agarkar
2008,AB Dinda,2,4,1,50.0,2.0,Ashok Dinda
2008,AB de Villiers,95,100,4,95.0,23.75,AB de Villiers
2008,AC Gilchrist,436,328,13,132.93,33.54,AC Gilchrist
2008,AD Mascarenhas,9,8,1,112.5,9.0,AD Mascarenhas
2008,AM Nayar,206,142,8,145.07,25.75,Abhishek Nayar
2008,AM Rahane,4,19,2,21.05,2.0,Ajinkya Rahane
2008,AS Yadav,49,40,5,122.5,9.8,AS Yadav
2008,Abdur Razzak,0,2,0,0.0,,Abdur Razzak
2008,B Akhil,46,32,2,143.75,23.0,B Akhil
2008,B Chipli,20,30,3,66.67,6.67,B Chipli
2008,B Lee,17,14,1,121.43,17.0,B Lee
2008,BB McCullum,188,96,3,195.83,62.67,Brendon McCullum
2008,BJ Hodge,12,18,2,66.67,6.0,Brad Hodge
2008,CK Kapugedera,16,24,3,66.67,5.33,CK Kapugedera
2008,CL White,114,105,5,108.57,22.8,CL White
2008,CRD Fernando,2,1,0,200.0,,CRD Fernando
2008,D Kalyankrishna,3,8,1,37.5,3.0,D Kalyankrishna
2008,D Salunkhe,33,24,1,137.5,33.0,Dinesh Salunkhe
2008,DB Das,103,95,6,108.42,17.17,Debabrata Das
2008,DB Ravi Teja,109,85,6,128.24,18.17,DB Ravi Teja
2008,DJ Bravo,178,137,6,129.93,29.67,Dwayne Bravo
2008,DJ Hussey,319,267,11,119.48,29.0,DJ Hussey
2008,DJ Thornely,39,54,3,72.22,13.0,DJ Thornely
2008,DNT Zoysa,11,9,1,122.22,11.0,DNT Zoysa
2008,DP Vijaykumar,1,1,0,100.0,,DP Vijaykumar
2008,DPMD Jayawardene,179,138,7,129.71,25.57,DPMD Jayawardene
2008,DR Smith,45,41,2,109.76,22.5,Dwayne Smith
2008,DS Kulkarni,2,17,0,11.76,,Dhawal Kulkarni
2008,DS Lehmann,18,19,2,94.74,9.0,DS Lehmann
2008,DT Patil,13,13,1,100.0,13.0,DT Patil
2008,DW Steyn,2,5,1,40.0,2.0,Dale Steyn
2008,G Gambhir,534,394,13,135.53,41.08,Gautam Gambhir
2008,GC Smith,441,375,9,117.6,49.0,GC Smith
2008,GD McGrath,4,5,1,80.0,4.0,GD McGrath
2008,H Das,2,5,1,40.0,2.0,H Das
2008,HH Gibbs,167,159,9,105.03,18.56,HH Gibbs
2008,Harbhajan Singh,30,17,2,176.47,15.0,Harbhajan Singh
2008,I Sharma,11,11,1,100.0,11.0,Ishant Sharma
2008,IK Pathan,131,120,5,109.17,26.2,Irfan Pathan
2008,Iqbal Abdulla,1,2,0,50.0,,Iqbal Abdulla
2008,J Arunkumar,23,24,3,95.83,7.67,J Arunkumar
2008,JA Morkel,241,168,7,143.45,34.43,JA Morkel
2008,JDP Oram,18,13,1,138.46,18.0,Jacob Oram
2008,JH Kallis,199,188,10,105.85,19.9,Jacques Kallis
2008,JR Hopes,221,152,11,145.39,20.09,JR Hopes
2008,Joginder Sharma,16,11,2,145.45,8.0,Joginder Sharma
2008,K Goel,76,79,5,96.2,15.2,K Goel
2008,KC Sangakkara,320,207,9,154.59,35.56,KC Sangakkara
2008,KD Karthik,145,108,6,134.26,24.17,KD Karthik
2008,Kamran Akmal,128,78,4,164.1,32.0,Kamran Akmal
2008,L Balaji,0,5,1,0.0,0.0,Lakshmipathy Balaji
2008,L Ronchi,34,34,2,100.0,17.0,L Ronchi
2008,LA Pomersbach,152,101,1,150.5,152.0,Luke Pomersbach
2008,LPC Silva,40,27,2,148.15,20.0,LPC Silva
2008,LR Shukla,163,127,8,128.35,20.38,Laxmi Ratan Shukla
2008,LRPL Taylor,149,85,4,175.29,37.25,LRPL Taylor
2008,M Kaif,176,176,9,100.0,19.56,M Kaif
2008,M Kartik,30,28,3,107.14,10.0,Murali Kartik
2008,M Muralitharan,0,3,1,0.0,0.0,Muttiah Muralitharan
2008,M Ntini,11,19,1,57.89,11.0,M Ntini
2008,M Rawat,34,39,4,87.18,8.5,M Rawat
2008,MA Khote,24,22,2,109.09,12.0,MA Khote
2008,MEK Hussey,168,100,2,168.0,84.0,Michael Hussey
2008,MF Maharoof,125,79,6,158.23,20.83,MF Maharoof
2008,MK Pandey,3,10,2,30.0,1.5,Manish Pandey
2008,MK Tiwary,104,87,3,119.54,34.67,Manoj Tiwary
2008,ML Hayden,189,135,2,140.0,94.5,ML Hayden
2008,MM Patel,0,1,0,0.0,,Munaf Patel
2008,MS Dhoni,414,319,10,129.78,41.4,MS Dhoni
2008,MS Gony,35,25,1,140.0,35.0,Manpreet Gony
2008,MV Boucher,225,181,7,124.31,32.14,MV Boucher
2008,Misbah-ul-Haq,117,82,7,142.68,16.71,Misbah-ul-Haq
2008,Mohammad Asif,3,6,2,50.0,1.5,Mohammad Asif
2008,Mohammad Hafeez,64,84,7,76.19,9.14,Mohammad Hafeez
2008,NK Patel,103,83,2,124.1,51.5,NK Patel
2008,P Kumar,112,100,9,112.0,12.44,Praveen Kumar
2008,PA Patel,302,315,11,95.87,27.45,Parthiv Patel
2008,PJ Sangwan,2,5,2,40.0,1.0,Pradeep Sangwan
2008,PM Sarvesh Kumar,1,2,0,50.0,,PM Sarvesh Kumar
2008,PP Chawla,90,61,4,147.54,22.5,Piyush Chawla
2008,PP Ojha,2,4,1,50.0,2.0,Pragyan Ojha
2008,PR Shah,34,38,4,89.47,8.5,PR Shah
2008,Pankaj Singh,5,8,0,62.5,,Pankaj Singh
2008,R Bhatia,34,28,2,121.43,17.0,Rajat Bhatia
2008,R Dravid,371,299,13,124.08,28.54,R Dravid
2008,R Vinay Kumar,25,28,3,89.29,8.33,Rajan Kumar
2008,RA Jadeja,135,108,7,125.0,19.29,Ravindra Jadeja
2008,RG Sharma,404,276,11,146.38,36.73,Rohit Sharma
2008,RP Singh,27,25,4,108.0,6.75,R. P. Singh
2008,RR Powar,28,21,0,133.33,,RR Powar
2008,RR Raje,8,9,0,88.89,,RR Raje
2008,RR Sarwan,73,78,3,93.59,24.33,RR Sarwan
2008,RT Ponting,39,53,3,73.58,13.0,Ricky Ponting
2008,RV Uthappa,320,291,9,109.97,35.56,Robin Uthappa
2008,S Anirudha,1,8,1,12.5,1.0,Srikkanth Anirudha
2008,S Badrinath,192,138,6,139.13,32.0,Subramaniam Badrinath
2008,S Chanderpaul,25,33,3,75.76,8.33,S Chanderpaul
2008,S Dhawan,340,308,9,110.39,37.78,Shikhar Dhawan
2008,S Sohal,4,8,2,50.0,2.0,S Sohal
2008,S Sreesanth,0,3,1,0.0,0.0,S Sreesanth
2008,S Vidyut,145,115,8,126.09,18.12,S Vidyut
2008,SA Asnodkar,311,241,8,129.05,38.88,SA Asnodkar
2008,SB Bangar,47,49,5,95.92,9.4,SB Bangar
2008,SB Joshi,6,16,2,37.5,3.0,SB Joshi
2008,SB Styris,112,124,6,90.32,18.67,SB Styris
2008,SC Ganguly,349,324,12,107.72,29.08,SC Ganguly
2008,SD Chitnis,18,10,2,180.0,9.0,SD Chitnis
2008,SE Marsh,616,452,9,136.28,68.44,Shaun Marsh
2008,SK Raina,421,304,9,138.49,46.78,SK Raina
2008,SK Trivedi,5,12,1,41.67,5.0,Sagar Trivedi
2008,SK Warne,70,60,5,116.67,14.0,SK Warne
2008,SM Katich,96,72,1,133.33,96.0,SM Katich
2008,SM Pollock,147,116,8,126.72,18.38,SM Pollock
2008,SP Fleming,196,171,9,114.62,21.78,SP Fleming
2008,SP Goswami,82,86,3,95.35,27.33,Shreevats Goswami
2008,SR Tendulkar,188,189,5,99.47,37.6,SR Tendulkar
2008,SR Watson,472,322,9,146.58,52.44,Shane Watson
2008,SS Tiwary,26,20,2,130.0,13.0,Saurabh Tiwary
2008,ST Jayasuriya,514,333,12,154.35,42.83,ST Jayasuriya
2008,Salman Butt,193,172,7,112.21,27.57,Salman Butt
2008,Shahid Afridi,81,46,8,176.09,10.12,Shahid Afridi
2008,Shoaib Akhtar,2,8,1,25.0,2.0,Shoaib Akhtar
2008,Shoaib Malik,52,49,4,106.12,13.0,Shoaib Malik
2008,Sohail Tanvir,36,31,3,116.13,12.0,Sohail Tanvir
2008,T Kohli,10,16,2,62.5,5.0,T Kohli
2008,T Taibu,31,26,3,119.23,10.33,T Taibu
2008,TM Dilshan,104,79,4,131.65,26.0,TM Dilshan
2008,TM Srivastava,8,10,1,80.0,8.0,TM Srivastava
2008,U Kaul,0,1,0,0.0,,U Kaul
2008,Umar Gul,39,19,3,205.26,13.0,Umar Gul
2008,V Kohli,165,168,11,98.21,15.0,Virat Kohli
2008,V Sehwag,406,229,11,177.29,36.91,Virender Sehwag
2008,VRV Singh,4,3,1,133.33,4.0,VRV Singh
2008,VS Yeligati,2,2,1,100.0,2.0,VS Yeligati
2008,VVS Laxman,155,134,5,115.67,31.0,VVS Laxman
2008,VY Mahesh,15,28,2,53.57,7.5,VY Mahesh
2008,W Jaffer,115,110,5,104.55,23.0,W Jaffer
2008,WA Mota,26,28,1,92.86,26.0,WA Mota
2008,WP Saha,159,119,5,133.61,31.8,Wriddhiman Saha
2008,WPUJC Vaas,21,18,2,116.67,10.5,WPUJC Vaas
2008,Y Venugopal Rao,288,217,8,132.72,36.0,Yalaka Venugopal Rao
2008,YK Pathan,435,253,12,171.94,36.25,Yusuf Pathan
2008,YV Takawale,70,69,2,101.45,35.0,Yogesh Takawale
2008,Younis Khan,3,7,1,42.86,3.0,Younis Khan
2008,Yuvraj Singh,299,191,12,156.54,24.92,Yuvraj Singh
2008,Z Khan,34,43,4,79.07,8.5,Zaheer Khan
2009,A Chopra,11,20,1,55.0,11.0,A Chopra
2009,A Flintoff,62,57,2,108.77,31.0,A Flintoff
2009,A Kumble,16,20,1,80.0,16.0,A Kumble
2009,A Mishra,26,20,2,130.0,13.0,Amit Mishra
2009,A Nehra,1,1,0,100.0,,Ashish Nehra
2009,A Singh,1,3,1,33.33,1.0,A Singh
2009,A Symonds,249,171,7,145.61,35.57,A Symonds
2009,AA Bilakhia,67,84,4,79.76,16.75,AA Bilakhia
2009,AB Agarkar,66,58,2,113.79,33.0,AB Agarkar
2009,AB Dinda,2,3,2,66.67,1.0,Ashok Dinda
2009,AB McDonald,3,4,1,75.0,3.0,AB McDonald
2009,AB de Villiers,465,359,9,129.53,51.67,AB de Villiers
2009,AC Gilchrist,495,337,16,146.88,30.94,AC Gilchrist
2009,AD Mascarenhas,39,39,4,100.0,9.75,AD Mascarenhas
2009,AD Mathews,16,14,1,114.29,16.0,Angelo Mathews
2009,AM Nayar,193,155,9,124.52,21.44,Abhishek Nayar
2009,AM Rahane,144,128,6,112.5,24.0,Ajinkya Rahane
2009,AN Ghosh,7,8,2,87.5,3.5,AN Ghosh
2009,AS Raut,78,65,4,120.0,19.5,AS Raut
2009,B Akhil,17,16,2,106.25,8.5,B Akhil
2009,B Lee,28,35,2,80.0,14.0,B Lee
2009,BAW Mendis,0,1,1,0.0,0.0,BAW Mendis
2009,BB McCullum,286,248,12,115.32,23.83,Brendon McCullum
2009,BJ Hodge,365,317,9,115.14,40.56,Brad Hodge
2009,C Nanda,0,1,1,0.0,0.0,C Nanda
2009,CH Gayle,184,159,7,115.72,26.29,Chris Gayle
2009,D du Preez,10,13,1,76.92,10.0,D du Preez
2009,DA Warner,163,137,7,118.98,23.29,David Warner
2009,DB Ravi Teja,65,71,3,91.55,21.67,DB Ravi Teja
2009,DJ Bravo,218,211,8,103.32,27.25,Dwayne Bravo
2009,DJ Hussey,98,61,3,160.66,32.67,DJ Hussey
2009,DL Vettori,34,32,2,106.25,17.0,DL Vettori
2009,DPMD Jayawardene,219,172,6,127.33,36.5,DPMD Jayawardene
2009,DR Smith,215,134,8,160.45,26.88,Dwayne Smith
2009,DS Kulkarni,9,18,2,50.0,4.5,Dhawal Kulkarni
2009,DW Steyn,0,3,1,0.0,0.0,Dale Steyn
2009,FH Edwards,4,5,1,80.0,4.0,Fidel Edwards
2009,G Gambhir,286,283,13,101.06,22.0,Gautam Gambhir
2009,GC Smith,212,222,11,95.5,19.27,GC Smith
2009,GJ Bailey,45,40,2,112.5,22.5,George Bailey
2009,GR Napier,15,16,1,93.75,15.0,GR Napier
2009,HH Gibbs,371,344,11,107.85,33.73,HH Gibbs
2009,Harbhajan Singh,84,57,8,147.37,10.5,Harbhajan Singh
2009,I Sharma,16,13,2,123.08,8.0,Ishant Sharma
2009,IK Pathan,196,164,10,119.51,19.6,Irfan Pathan
2009,J Botha,47,42,2,111.9,23.5,Johan Botha
2009,JA Morkel,97,73,4,132.88,24.25,JA Morkel
2009,JD Ryder,56,49,5,114.29,11.2,Jesse Ryder
2009,JDP Oram,88,94,6,93.62,14.67,Jacob Oram
2009,JH Kallis,361,349,13,103.44,27.77,Jacques Kallis
2009,JP Duminy,372,334,8,111.38,46.5,Jean-Paul Duminy
2009,Joginder Sharma,20,18,1,111.11,20.0,Joginder Sharma
2009,K Goel,124,140,7,88.57,17.71,K Goel
2009,KC Sangakkara,332,332,11,100.0,30.18,KC Sangakkara
2009,KD Karthik,288,224,8,128.57,36.0,KD Karthik
2009,KP Appanna,0,1,0,0.0,,KP Appanna
2009,KP Pietersen,93,89,6,104.49,15.5,Kevin Pietersen
2009,KV Sharma,1,3,1,33.33,1.0,Karn Sharma
2009,Kamran Khan,3,5,1,60.0,3.0,Kamran Khan
2009,L Balaji,4,10,2,40.0,2.0,Lakshmipathy Balaji
2009,L Ronchi,0,3,1,0.0,0.0,L Ronchi
2009,LA Carseldine,81,71,3,114.08,27.0,LA Carseldine
2009,LA Pomersbach,41,49,3,83.67,13.67,Luke Pomersbach
2009,LR Shukla,83,86,5,96.51,16.6,Laxmi Ratan Shukla
2009,LRPL Taylor,280,211,9,132.7,31.11,LRPL Taylor
2009,M Kartik,21,20,0,105.0,,Murali Kartik
2009,M Manhas,75,65,3,115.38,25.0,Mithun Manhas
2009,M Morkel,8,9,1,88.89,8.0,Morne Morkel
2009,M Muralitharan,8,8,2,100.0,4.0,Muttiah Muralitharan
2009,M Rawat,16,20,0,80.0,,M Rawat
2009,M Vijay,60,69,4,86.96,15.0,Murali Vijay
2009,MC Henriques,38,40,2,95.0,19.0,Moises Henriques
2009,MF Maharoof,21,21,1,100.0,21.0,MF Maharoof
2009,MK Pandey,168,120,2,140.0,84.0,Manish Pandey
2009,MK Tiwary,9,13,1,69.23,9.0,Manoj Tiwary
2009,ML Hayden,572,409,10,139.85,57.2,ML Hayden
2009,MM Patel,33,26,3,126.92,11.0,Munaf Patel
2009,MN van Wyk,167,135,3,123.7,55.67,MN van Wyk
2009,MS Dhoni,332,270,8,122.96,41.5,MS Dhoni
2009,MS Gony,13,7,2,185.71,6.5,Manpreet Gony
2009,MV Boucher,150,121,5,123.97,30.0,MV Boucher
2009,Mashrafe Mortaza,2,2,0,100.0,,Mashrafe Mortaza
2009,Mohammad Ashraful,2,12,1,16.67,2.0,Mohammad Ashraful
2009,NK Patel,18,41,2,43.9,9.0,NK Patel
2009,NV Ojha,168,145,7,115.86,24.0,Naman Ojha
2009,P Kumar,65,46,5,141.3,13.0,Praveen Kumar
2009,PA Patel,142,131,8,108.4,17.75,Parthiv Patel
2009,PC Valthaty,6,12,2,50.0,3.0,PC Valthaty
2009,PJ Sangwan,6,10,1,60.0,6.0,Pradeep Sangwan
2009,PP Chawla,31,39,3,79.49,10.33,Piyush Chawla
2009,PP Ojha,1,7,3,14.29,0.33,Pragyan Ojha
2009,PR Shah,53,54,3,98.15,17.67,PR Shah
2009,Pankaj Singh,1,2,1,50.0,1.0,Pankaj Singh
2009,R Ashwin,8,15,1,53.33,8.0,Ravichandran Ashwin
2009,R Bhatia,8,18,5,44.44,1.6,Rajat Bhatia
2009,R Bishnoi,19,17,3,111.76,6.33,R Bishnoi
2009,R Dravid,271,239,11,113.39,24.64,R Dravid
2009,R Vinay Kumar,47,44,4,106.82,11.75,Rajan Kumar
2009,RA Jadeja,295,276,11,106.88,26.82,Ravindra Jadeja
2009,RE van der Merwe,122,101,8,120.79,15.25,RE van der Merwe
2009,RG Sharma,362,323,13,112.07,27.85,Rohit Sharma
2009,RJ Harris,21,18,1,116.67,21.0,RJ Harris
2009,RJ Quiney,103,105,7,98.1,14.71,RJ Quiney
2009,RP Singh,8,17,4,47.06,2.0,R. P. Singh
2009,RR Powar,23,22,0,104.55,,RR Powar
2009,RR Raje,12,9,1,133.33,12.0,RR Raje
2009,RS Bopara,138,124,5,111.29,27.6,Ravi Bopara
2009,RV Uthappa,175,177,11,98.87,15.91,Robin Uthappa
2009,S Badrinath,177,166,9,106.63,19.67,Subramaniam Badrinath
2009,S Dhawan,40,46,4,86.96,10.0,Shikhar Dhawan
2009,S Sohal,115,102,7,112.75,16.43,S Sohal
2009,S Sreesanth,5,19,0,26.32,,S Sreesanth
2009,SA Asnodkar,98,98,8,100.0,12.25,SA Asnodkar
2009,SB Bangar,2,9,1,22.22,2.0,SB Bangar
2009,SB Jakati,20,16,1,125.0,20.0,Shadab Jakati
2009,SB Styris,14,8,1,175.0,14.0,SB Styris
2009,SC Ganguly,189,213,11,88.73,17.18,SC Ganguly
2009,SD Chitnis,6,9,1,66.67,6.0,SD Chitnis
2009,SK Raina,434,318,14,136.48,31.0,SK Raina
2009,SK Trivedi,9,19,2,47.37,4.5,Sagar Trivedi
2009,SK Warne,108,118,7,91.53,15.43,SK Warne
2009,SL Malinga,0,1,1,0.0,0.0,SL Malinga
2009,SM Harwood,9,14,0,64.29,,SM Harwood
2009,SM Katich,145,119,8,121.85,18.12,SM Katich
2009,SP Goswami,53,64,2,82.81,26.5,Shreevats Goswami
2009,SR Tendulkar,364,315,11,115.56,33.09,SR Tendulkar
2009,SS Shaikh,6,7,0,85.71,,SS Shaikh
2009,SS Tiwary,13,12,1,108.33,13.0,Saurabh Tiwary
2009,ST Jayasuriya,221,205,12,107.8,18.42,ST Jayasuriya
2009,Shoaib Ahmed,1,6,2,16.67,0.5,Shoaib Ahmed
2009,T Henderson,11,16,1,68.75,11.0,T Henderson
2009,T Kohli,1,4,1,25.0,1.0,T Kohli
2009,T Thushara,2,8,1,25.0,2.0,T Thushara
2009,TL Suman,237,193,9,122.8,26.33,Tirumalasetti Suman
2009,TM Dilshan,418,357,10,117.09,41.8,TM Dilshan
2009,TM Srivastava,0,1,0,0.0,,TM Srivastava
2009,V Kohli,246,225,11,109.33,22.36,Virat Kohli
2009,V Sehwag,198,146,10,135.62,19.8,Virender Sehwag
2009,VVS Laxman,19,33,5,57.58,3.8,VVS Laxman
2009,W Jaffer,15,19,2,78.95,7.5,W Jaffer
2009,WA Mota,30,48,4,62.5,7.5,WA Mota
2009,WP Saha,72,41,3,175.61,24.0,Wriddhiman Saha
2009,WPUJC Vaas,30,21,1,142.86,30.0,WPUJC Vaas
2009,Y Nagar,20,22,1,90.91,20.0,Y Nagar
2009,Y Venugopal Rao,124,118,10,105.08,12.4,Yalaka Venugopal Rao
2009,YK Pathan,261,192,12,135.94,21.75,Yusuf Pathan
2009,YV Takawale,18,22,1,81.82,18.0,Yogesh Takawale
2009,Yashpal Singh,47,67,4,70.15,11.75,Yashpal Singh
2009,Yuvraj Singh,340,317,12,107.26,28.33,Yuvraj Singh
2009,Z Khan,8,11,1,72.73,8.0,Zaheer Khan
2010,A Kumble,6,12,0,50.0,,A Kumble
2010,A Mishra,39,54,4,72.22,9.75,Amit Mishra
2010,A Mithun,5,4,1,125.0,5.0,Abhimanyu Mithun
2010,A Nehra,23,20,1,115.0,23.0,Ashish Nehra
2010,A Symonds,429,356,12,120.51,35.75,A Symonds
2010,A Uniyal,4,7,1,57.14,4.0,A Uniyal
2010,AA Bilakhia,2,4,1,50.0,2.0,AA Bilakhia
2010,AA Jhunjhunwala,183,172,8,106.4,22.88,AA Jhunjhunwala
2010,AB Agarkar,40,30,1,133.33,40.0,AB Agarkar
2010,AB Barath,42,43,2,97.67,21.0,AB Barath
2010,AB Dinda,0,1,1,0.0,0.0,Ashok Dinda
2010,AB McDonald,65,54,0,120.37,,AB McDonald
2010,AB de Villiers,111,123,5,90.24,22.2,AB de Villiers
2010,AC Gilchrist,289,200,16,144.5,18.06,AC Gilchrist
2010,AC Voges,181,143,4,126.57,45.25,AC Voges
2010,AD Mascarenhas,12,11,1,109.09,12.0,AD Mascarenhas
2010,AD Mathews,233,197,6,118.27,38.83,Angelo Mathews
2010,AG Paunikar,0,1,1,0.0,0.0,Amit Paunikar
2010,AJ Finch,21,21,1,100.0,21.0,Aaron Finch
2010,AM Nayar,58,51,2,113.73,29.0,Abhishek Nayar
2010,AN Ahmed,4,8,0,50.0,,Abu Nechim Ahmed
2010,AP Dole,34,23,2,147.83,17.0,AP Dole
2010,AP Tare,50,41,4,121.95,12.5,Aditya Tare
2010,AS Raut,56,48,2,116.67,28.0,AS Raut
2010,AT Rayudu,356,258,12,137.98,29.67,Ambati Rayudu
2010,Anirudh Singh,63,69,4,91.3,15.75,Anirudh Singh
2010,B Lee,11,11,1,100.0,11.0,B Lee
2010,B Sumanth,35,38,1,92.11,35.0,B Sumanth
2010,BAW Mendis,1,1,0,100.0,,BAW Mendis
2010,BB McCullum,114,117,3,97.44,38.0,Brendon McCullum
2010,BJ Hodge,99,95,4,104.21,24.75,Brad Hodge
2010,Bipul Sharma,9,7,0,128.57,,Bipul Sharma
2010,C Madan,15,21,1,71.43,15.0,C Madan
2010,CA Pujara,122,119,4,102.52,30.5,Cheteshwar Pujara
2010,CH Gayle,292,197,9,148.22,32.44,Chris Gayle
2010,CK Langeveldt,0,1,1,0.0,0.0,CK Langeveldt
2010,CL White,48,33,2,145.45,24.0,CL White
2010,CRD Fernando,2,2,0,100.0,,CRD Fernando
2010,DA Warner,282,195,9,144.62,31.33,David Warner
2010,DE Bollinger,18,17,0,105.88,,DE Bollinger
2010,DJ Bravo,61,53,7,115.09,8.71,Dwayne Bravo
2010,DJ Hussey,94,89,4,105.62,23.5,DJ Hussey
2010,DL Vettori,33,28,1,117.86,33.0,DL Vettori
2010,DP Nannes,4,13,1,30.77,4.0,Dirk Nannes
2010,DPMD Jayawardene,445,312,11,142.63,40.45,DPMD Jayawardene
2010,DR Martyn,19,26,1,73.08,19.0,DR Martyn
2010,DR Smith,22,25,2,88.0,11.0,Dwayne Smith
2010,DW Steyn,13,17,4,76.47,3.25,Dale Steyn
2010,EJG Morgan,35,31,3,112.9,11.67,Eoin Morgan
2010,FY Fazal,164,160,8,102.5,20.5,FY Fazal
2010,G Gambhir,277,223,8,124.22,34.62,Gautam Gambhir
2010,GC Smith,44,40,2,110.0,22.0,GC Smith
2010,GJ Bailey,18,27,1,66.67,18.0,George Bailey
2010,HH Gibbs,267,243,9,109.88,29.67,HH Gibbs
2010,Harbhajan Singh,105,64,5,164.06,21.0,Harbhajan Singh
2010,Harmeet Singh,0,1,1,0.0,0.0,Harmeet Singh
2010,I Sharma,6,17,1,35.29,6.0,Ishant Sharma
2010,IK Pathan,276,188,7,146.81,39.43,Irfan Pathan
2010,Iqbal Abdulla,0,1,0,0.0,,Iqbal Abdulla
2010,J Theron,2,6,2,33.33,1.0,J Theron
2010,JA Morkel,199,135,7,147.41,28.43,JA Morkel
2010,JH Kallis,572,517,12,110.64,47.67,Jacques Kallis
2010,JM Kemp,26,25,2,104.0,13.0,JM Kemp
2010,JP Duminy,157,134,4,117.16,39.25,Jean-Paul Duminy
2010,Jaskaran Singh,8,11,1,72.73,8.0,Jaskaran Singh
2010,K Goel,18,20,1,90.0,18.0,K Goel
2010,KA Pollard,273,152,12,179.61,22.75,Kieron Pollard
2010,KAJ Roach,10,9,1,111.11,10.0,KAJ Roach
2010,KB Arun Karthik,3,5,0,60.0,,KB Arun Karthik
2010,KC Sangakkara,357,260,12,137.31,29.75,KC Sangakkara
2010,KD Karthik,278,242,12,114.88,23.17,KD Karthik
2010,KM Jadhav,76,60,3,126.67,25.33,Kedar Jadhav
2010,KP Appanna,2,3,1,66.67,2.0,KP Appanna
2010,KP Pietersen,236,159,3,148.43,78.67,Kevin Pietersen
2010,L Balaji,18,20,2,90.0,9.0,Lakshmipathy Balaji
2010,LR Shukla,36,27,2,133.33,18.0,Laxmi Ratan Shukla
2010,LRPL Taylor,88,77,4,114.29,22.0,LRPL Taylor
2010,M Kaif,28,31,3,90.32,9.33,M Kaif
2010,M Kartik,22,22,1,100.0,22.0,Murali Kartik
2010,M Manhas,157,151,4,103.97,39.25,Mithun Manhas
2010,M Morkel,9,16,1,56.25,9.0,Morne Morkel
2010,M Muralitharan,1,2,1,50.0,1.0,Muttiah Muralitharan
2010,M Vijay,458,305,12,150.16,38.17,Murali Vijay
2010,MC Henriques,11,5,1,220.0,11.0,Moises Henriques
2010,MD Mishra,166,149,10,111.41,16.6,MD Mishra
2010,MEK Hussey,37,44,2,84.09,18.5,Michael Hussey
2010,MF Maharoof,31,24,3,129.17,10.33,MF Maharoof
2010,MJ Lumb,278,196,9,141.84,30.89,MJ Lumb
2010,MK Pandey,249,233,11,106.87,22.64,Manish Pandey
2010,MK Tiwary,237,192,9,123.44,26.33,Manoj Tiwary
2010,ML Hayden,346,295,16,117.29,21.62,ML Hayden
2010,MM Patel,4,5,0,80.0,,Munaf Patel
2010,MR Marsh,28,31,2,90.32,14.0,Mitchell Marsh
2010,MS Bisla,218,189,9,115.34,24.22,Manvinder Bisla
2010,MS Dhoni,287,215,9,133.49,31.89,MS Dhoni
2010,MS Gony,2,7,1,28.57,2.0,Manpreet Gony
2010,MV Boucher,13,10,1,130.0,13.0,MV Boucher
2010,Mandeep Singh,4,11,2,36.36,2.0,Mandeep Singh
2010,NV Ojha,377,294,11,128.23,34.27,Naman Ojha
2010,OA Shah,115,96,2,119.79,57.5,OA Shah
2010,P Dogra,107,108,5,99.07,21.4,Paras Dogra
2010,P Kumar,4,8,2,50.0,2.0,Praveen Kumar
2010,PA Patel,72,83,4,86.75,18.0,Parthiv Patel
2010,PD Collingwood,203,159,4,127.67,50.75,PD Collingwood
2010,PJ Sangwan,10,15,0,66.67,,Pradeep Sangwan
2010,PP Chawla,62,63,5,98.41,12.4,Piyush Chawla
2010,PP Ojha,3,8,3,37.5,1.0,Pragyan Ojha
2010,Pankaj Singh,1,2,1,50.0,1.0,Pankaj Singh
2010,R Ashwin,30,40,3,75.0,10.0,Ravichandran Ashwin
2010,R Bhatia,24,17,3,141.18,8.0,Rajat Bhatia
2010,R Dravid,256,203,9,126.11,28.44,R Dravid
2010,R McLaren,66,71,3,92.96,22.0,Ryan McLaren
2010,R Sathish,112,98,6,114.29,18.67,Rajagopal Sathish
2010,R Sharma,29,26,3,111.54,9.67,Rahul Sharma
2010,R Vinay Kumar,27,35,3,77.14,9.0,Rajan Kumar
2010,RE van der Merwe,1,2,1,50.0,1.0,RE van der Merwe
2010,RG Sharma,404,310,14,130.32,28.86,Rohit Sharma
2010,RJ Harris,45,39,4,115.38,11.25,RJ Harris
2010,RP Singh,9,20,2,45.0,4.5,R. P. Singh
2010,RR Powar,5,8,1,62.5,5.0,RR Powar
2010,RS Bopara,248,223,7,111.21,35.43,Ravi Bopara
2010,RS Gavaskar,2,8,1,25.0,2.0,RS Gavaskar
2010,RS Sodhi,4,2,0,200.0,,RS Sodhi
2010,RV Uthappa,374,224,12,166.96,31.17,Robin Uthappa
2010,S Anirudha,30,19,1,157.89,30.0,Srikkanth Anirudha
2010,S Badrinath,356,310,11,114.84,32.36,Subramaniam Badrinath
2010,S Dhawan,191,180,10,106.11,19.1,Shikhar Dhawan
2010,S Ladda,0,10,1,0.0,0.0,Sarabjit Ladda
2010,S Narwal,14,13,2,107.69,7.0,Sumit Narwal
2010,S Sreesanth,27,22,0,122.73,,S Sreesanth
2010,S Sriram,27,31,1,87.1,27.0,S Sriram
2010,S Tyagi,3,4,0,75.0,,Sudeep Tyagi
2010,SA Asnodkar,5,4,1,125.0,5.0,SA Asnodkar
2010,SC Ganguly,493,440,13,112.05,37.92,SC Ganguly
2010,SE Bond,1,2,1,50.0,1.0,SE Bond
2010,SE Marsh,147,117,3,125.64,49.0,Shaun Marsh
2010,SJ Srivastava,1,2,1,50.0,1.0,SJ Srivastava
2010,SK Raina,528,387,11,136.43,48.0,SK Raina
2010,SK Trivedi,20,15,2,133.33,10.0,Sagar Trivedi
2010,SK Warne,10,21,3,47.62,3.33,SK Warne
2010,SL Malinga,1,1,0,100.0,,SL Malinga
2010,SP Goswami,8,10,1,80.0,8.0,Shreevats Goswami
2010,SR Tendulkar,618,489,13,126.38,47.54,SR Tendulkar
2010,SR Watson,185,117,5,158.12,37.0,Shane Watson
2010,SS Tiwary,419,319,13,131.35,32.23,Saurabh Tiwary
2010,ST Jayasuriya,33,35,4,94.29,8.25,ST Jayasuriya
2010,STR Binny,8,5,1,160.0,8.0,Stuart Binny
2010,SW Tait,12,13,1,92.31,12.0,SW Tait
2010,T Thushara,10,11,1,90.91,10.0,T Thushara
2010,TL Suman,307,264,8,116.29,38.38,Tirumalasetti Suman
2010,TM Dilshan,44,55,6,80.0,7.33,TM Dilshan
2010,UT Yadav,3,4,0,75.0,,Upendra Yadav
2010,V Kohli,307,216,11,142.13,27.91,Virat Kohli
2010,V Sehwag,356,227,14,156.83,25.43,Virender Sehwag
2010,VS Malik,6,5,1,120.0,6.0,Vikramjeet Malik
2010,VVS Laxman,64,62,4,103.23,16.0,VVS Laxman
2010,WP Saha,67,53,3,126.42,22.33,Wriddhiman Saha
2010,WPUJC Vaas,30,34,4,88.24,7.5,WPUJC Vaas
2010,Y Nagar,1,7,1,14.29,1.0,Y Nagar
2010,Y Venugopal Rao,34,44,4,77.27,8.5,Yalaka Venugopal Rao
2010,YA Abdulla,0,1,0,0.0,,YA Abdulla
2010,YK Pathan,333,210,10,158.57,33.3,Yusuf Pathan
2010,Yuvraj Singh,259,206,12,125.73,21.58,Yuvraj Singh
2010,Z Khan,24,13,1,184.62,24.0,Zaheer Khan
2011,A Mishra,68,52,4,130.77,17.0,Amit Mishra
2011,A Mithun,27,20,3,135.0,9.0,Abhimanyu Mithun
2011,A Singh,1,4,2,25.0,0.5,A Singh
2011,A Symonds,135,143,3,94.41,45.0,A Symonds
2011,AA Chavan,1,3,0,33.33,,AA Chavan
2011,AA Jhunjhunwala,10,19,2,52.63,5.0,AA Jhunjhunwala
2011,AB Agarkar,7,7,0,100.0,,AB Agarkar
2011,AB Dinda,0,5,1,0.0,0.0,Ashok Dinda
2011,AB McDonald,8,7,1,114.29,8.0,AB McDonald
2011,AB de Villiers,312,248,8,125.81,39.0,AB de Villiers
2011,AC Blizzard,120,88,6,136.36,20.0,Aiden Blizzard
2011,AC Gilchrist,383,309,14,123.95,27.36,AC Gilchrist
2011,AC Thomas,1,4,0,25.0,,AC Thomas
2011,AG Murtaza,2,5,0,40.0,,AG Murtaza
2011,AG Paunikar,49,60,4,81.67,12.25,Amit Paunikar
2011,AJ Finch,47,51,6,92.16,7.83,Aaron Finch
2011,AL Menaria,180,158,9,113.92,20.0,AL Menaria
2011,AM Nayar,61,67,6,91.04,10.17,Abhishek Nayar
2011,AM Rahane,120,99,5,121.21,24.0,Ajinkya Rahane
2011,AN Ahmed,18,13,0,138.46,,Abu Nechim Ahmed
2011,AS Raut,60,59,3,101.69,20.0,AS Raut
2011,AT Rayudu,395,355,13,111.27,30.38,Ambati Rayudu
2011,AUK Pathan,33,18,4,183.33,8.25,AUK Pathan
2011,B Akhil,13,9,1,144.44,13.0,B Akhil
2011,B Chipli,207,172,8,120.35,25.88,B Chipli
2011,B Kumar,1,1,0,100.0,,Bhuvneshwar Kumar
2011,B Lee,5,9,2,55.56,2.5,B Lee
2011,BA Bhatt,0,5,0,0.0,,BA Bhatt
2011,BB McCullum,357,292,13,122.26,27.46,Brendon McCullum
2011,BJ Haddin,18,11,1,163.64,18.0,BJ Haddin
2011,BJ Hodge,285,245,8,116.33,35.62,Brad Hodge
2011,Bipul Sharma,23,18,1,127.78,23.0,Bipul Sharma
2011,CA Ingram,21,26,2,80.77,10.5,Colin Ingram
2011,CA Pujara,34,32,3,106.25,11.33,Cheteshwar Pujara
2011,CH Gayle,608,342,9,177.78,67.56,Chris Gayle
2011,CJ Ferguson,48,56,2,85.71,24.0,CJ Ferguson
2011,CK Langeveldt,8,8,1,100.0,8.0,CK Langeveldt
2011,CL White,104,109,4,95.41,26.0,CL White
2011,DA Warner,324,281,13,115.3,24.92,David Warner
2011,DB Ravi Teja,183,147,7,124.49,26.14,DB Ravi Teja
2011,DE Bollinger,0,1,0,0.0,,DE Bollinger
2011,DH Yagnik,16,23,1,69.57,16.0,Dishant Yagnik
2011,DJ Bravo,11,6,1,183.33,11.0,Dwayne Bravo
2011,DJ Hussey,64,65,6,98.46,10.67,DJ Hussey
2011,DJ Jacobs,92,91,6,101.1,15.33,DJ Jacobs
2011,DL Vettori,23,30,1,76.67,23.0,DL Vettori
2011,DPMD Jayawardene,299,272,11,109.93,27.18,DPMD Jayawardene
2011,DS Kulkarni,2,4,1,50.0,2.0,Dhawal Kulkarni
2011,DT Christian,190,161,10,118.01,19.0,Daniel Christian
2011,DW Steyn,36,37,3,97.3,12.0,Dale Steyn
2011,EJG Morgan,137,123,8,111.38,17.12,Eoin Morgan
2011,FY Fazal,19,19,1,100.0,19.0,FY Fazal
2011,G Gambhir,378,332,11,113.86,34.36,Gautam Gambhir
2011,GC Smith,42,54,4,77.78,10.5,GC Smith
2011,Harbhajan Singh,103,74,3,139.19,34.33,Harbhajan Singh
2011,Harpreet Singh,14,20,1,70.0,14.0,Harpreet Singh
2011,I Malhotra,7,4,0,175.0,,I Malhotra
2011,I Sharma,4,5,0,80.0,,Ishant Sharma
2011,IK Pathan,150,146,7,102.74,21.43,Irfan Pathan
2011,IR Jaggi,28,38,2,73.68,14.0,Ishank Jaggi
2011,Iqbal Abdulla,15,12,0,125.0,,Iqbal Abdulla
2011,J Botha,230,200,5,115.0,46.0,Johan Botha
2011,J Syed Mohammad,15,13,0,115.38,,J Syed Mohammad
2011,JA Morkel,138,108,5,127.78,27.6,JA Morkel
2011,JD Ryder,292,201,13,145.27,22.46,Jesse Ryder
2011,JDP Oram,0,3,1,0.0,0.0,Jacob Oram
2011,JE Taylor,3,4,0,75.0,,JE Taylor
2011,JEC Franklin,107,80,2,133.75,53.5,JEC Franklin
2011,JH Kallis,424,386,12,109.84,35.33,Jacques Kallis
2011,JJ van der Wath,18,17,2,105.88,9.0,JJ van der Wath
2011,JP Duminy,205,176,10,116.48,20.5,Jean-Paul Duminy
2011,JR Hopes,196,162,5,120.99,39.2,JR Hopes
2011,Joginder Sharma,0,1,1,0.0,0.0,Joginder Sharma
2011,KA Pollard,146,141,10,103.55,14.6,Kieron Pollard
2011,KB Arun Karthik,7,8,2,87.5,3.5,KB Arun Karthik
2011,KC Sangakkara,358,298,13,120.13,27.54,KC Sangakkara
2011,KD Karthik,282,225,11,125.33,25.64,KD Karthik
2011,KM Jadhav,18,23,3,78.26,6.0,Kedar Jadhav
2011,L Ablish,0,2,0,0.0,,L Ablish
2011,L Balaji,4,2,0,200.0,,Lakshmipathy Balaji
2011,LA Pomersbach,51,41,4,124.39,12.75,Luke Pomersbach
2011,LR Shukla,14,10,1,140.0,14.0,Laxmi Ratan Shukla
2011,LRPL Taylor,181,158,5,114.56,36.2,LRPL Taylor
2011,M Kaif,41,35,3,117.14,13.67,M Kaif
2011,M Kartik,12,15,1,80.0,12.0,Murali Kartik
2011,M Klinger,73,78,4,93.59,18.25,M Klinger
2011,M Manhas,114,128,10,89.06,11.4,Mithun Manhas
2011,M Morkel,40,25,2,160.0,20.0,Morne Morkel
2011,M Muralitharan,5,8,0,62.5,,Muttiah Muralitharan
2011,M Vijay,434,349,16,124.36,27.12,Murali Vijay
2011,MA Agarwal,141,129,7,109.3,20.14,Mayank Agarwal
2011,MD Mishra,67,60,4,111.67,16.75,MD Mishra
2011,MEK Hussey,492,423,12,116.31,41.0,Michael Hussey
2011,MJ Lumb,0,2,1,0.0,0.0,MJ Lumb
2011,MK Pandey,246,233,9,105.58,27.33,Manish Pandey
2011,MK Tiwary,359,336,7,106.85,51.29,Manoj Tiwary
2011,MM Patel,0,1,1,0.0,0.0,Munaf Patel
2011,MR Marsh,50,50,2,100.0,25.0,Mitchell Marsh
2011,MS Bisla,72,90,4,80.0,18.0,Manvinder Bisla
2011,MS Dhoni,392,247,9,158.7,43.56,MS Dhoni
2011,MS Gony,0,2,1,0.0,0.0,Manpreet Gony
2011,MS Wade,22,33,3,66.67,7.33,Matthew Wade
2011,MV Boucher,6,6,1,100.0,6.0,MV Boucher
2011,Mandeep Singh,47,42,4,111.9,11.75,Mandeep Singh
2011,ND Doshi,0,13,1,0.0,0.0,ND Doshi
2011,NJ Rimmington,1,1,0,100.0,,NJ Rimmington
2011,NL McCullum,26,23,1,113.04,26.0,Nathan McCullum
2011,NLTC Perera,23,29,2,79.31,11.5,NLTC Perera
2011,NV Ojha,160,169,13,94.67,12.31,Naman Ojha
2011,OA Shah,26,16,1,162.5,26.0,OA Shah
2011,P Kumar,27,33,3,81.82,9.0,Praveen Kumar
2011,P Parameswaran,1,1,0,100.0,,Prasanth Parameswaran
2011,PA Patel,202,189,9,106.88,22.44,Parthiv Patel
2011,PC Valthaty,463,351,13,131.91,35.62,PC Valthaty
2011,PP Chawla,48,55,3,87.27,16.0,Piyush Chawla
2011,PR Shah,5,5,1,100.0,5.0,PR Shah
2011,R Ashwin,2,6,2,33.33,1.0,Ravichandran Ashwin
2011,R Bhatia,25,23,2,108.7,12.5,Rajat Bhatia
2011,R Dravid,343,320,11,107.19,31.18,R Dravid
2011,R McLaren,90,101,3,89.11,30.0,Ryan McLaren
2011,R Ninan,3,6,1,50.0,3.0,R Ninan
2011,R Sathish,25,35,2,71.43,12.5,Rajagopal Sathish
2011,R Sharma,24,23,2,104.35,12.0,Rahul Sharma
2011,R Vinay Kumar,50,48,5,104.17,10.0,Rajan Kumar
2011,RA Jadeja,283,234,9,120.94,31.44,Ravindra Jadeja
2011,RE van der Merwe,14,16,0,87.5,,RE van der Merwe
2011,RG Sharma,372,304,10,122.37,37.2,Rohit Sharma
2011,RJ Harris,31,39,5,79.49,6.2,RJ Harris
2011,RN ten Doeschate,107,76,2,140.79,53.5,Ryan Ten Doeschate
2011,RP Singh,2,4,2,50.0,1.0,R. P. Singh
2011,RR Powar,11,13,1,84.62,11.0,RR Powar
2011,RV Gomez,46,52,5,88.46,9.2,RV Gomez
2011,RV Uthappa,264,215,10,122.79,26.4,Robin Uthappa
2011,S Anirudha,83,78,4,106.41,20.75,Srikkanth Anirudha
2011,S Aravind,13,10,0,130.0,,S Aravind
2011,S Badrinath,396,320,6,123.75,66.0,Subramaniam Badrinath
2011,S Dhawan,400,315,11,126.98,36.36,Shikhar Dhawan
2011,S Nadeem,0,1,1,0.0,0.0,Shahbaz Nadeem
2011,S Rana,18,16,1,112.5,18.0,Sachin Rana
2011,S Randiv,2,4,1,50.0,2.0,S Randiv
2011,S Sohal,249,201,9,123.88,27.67,S Sohal
2011,S Sreesanth,1,9,1,11.11,1.0,S Sreesanth
2011,S Sriram,4,7,1,57.14,4.0,S Sriram
2011,SA Asnodkar,9,9,1,100.0,9.0,SA Asnodkar
2011,SB Styris,5,2,0,250.0,,SB Styris
2011,SB Wagh,2,3,2,66.67,1.0,SB Wagh
2011,SC Ganguly,50,61,2,81.97,25.0,SC Ganguly
2011,SD Chitnis,9,9,1,100.0,9.0,SD Chitnis
2011,SE Marsh,504,349,12,144.41,42.0,Shaun Marsh
2011,SJ Srivastava,4,3,0,133.33,,SJ Srivastava
2011,SK Raina,438,335,14,130.75,31.29,SK Raina
2011,SK Trivedi,0,2,1,0.0,0.0,Sagar Trivedi
2011,SK Warne,10,20,2,50.0,5.0,SK Warne
2011,SL Malinga,8,9,2,88.89,4.0,SL Malinga
2011,SP Goswami,29,31,3,93.55,9.67,Shreevats Goswami
2011,SR Tendulkar,553,511,13,108.22,42.54,SR Tendulkar
2011,SR Watson,330,256,10,128.91,33.0,Shane Watson
2011,SS Tiwary,187,196,8,95.41,23.38,Saurabh Tiwary
2011,STR Binny,37,31,1,119.35,37.0,Stuart Binny
2011,SW Tait,10,10,1,100.0,10.0,SW Tait
2011,Shakib Al Hasan,29,23,2,126.09,14.5,Shakib al Hasan
2011,Sunny Singh,43,31,4,138.71,10.75,Sunny Singh
2011,TD Paine,10,29,2,34.48,5.0,TD Paine
2011,TL Suman,65,53,6,122.64,10.83,Tirumalasetti Suman
2011,TM Dilshan,226,185,8,122.16,28.25,TM Dilshan
2011,TR Birt,75,59,5,127.12,15.0,TR Birt
2011,UBT Chand,2,12,2,16.67,1.0,Unmukt Chand
2011,UT Yadav,1,6,1,16.67,1.0,Upendra Yadav
2011,V Kohli,557,473,12,117.76,46.42,Virat Kohli
2011,V Sehwag,424,247,9,171.66,47.11,Virender Sehwag
2011,VR Aaron,0,5,0,0.0,,Varun Aaron
2011,VVS Laxman,44,42,2,104.76,22.0,VVS Laxman
2011,WD Parnell,37,42,3,88.1,12.33,Wayne Parnell
2011,WP Saha,68,67,1,101.49,68.0,Wriddhiman Saha
2011,Y Gnaneswara Rao,19,18,1,105.56,19.0,Y Gnaneswara Rao
2011,Y Nagar,111,108,7,102.78,15.86,Y Nagar
2011,Y Venugopal Rao,336,292,12,115.07,28.0,Yalaka Venugopal Rao
2011,YK Pathan,283,205,9,138.05,31.44,Yusuf Pathan
2011,Yuvraj Singh,343,269,9,127.51,38.11,Yuvraj Singh
2011,Z Khan,21,24,2,87.5,10.5,Zaheer Khan
2012,A Ashish Reddy,35,30,4,116.67,8.75,Ashish Reddy
2012,A Chandila,0,1,0,0.0,,A Chandila
2012,A Mishra,16,21,3,76.19,5.33,Amit Mishra
2012,A Nehra,11,13,0,84.62,,Ashish Nehra
2012,A Singh,0,3,1,0.0,0.0,A Singh
2012,AA Chavan,11,8,1,137.5,11.0,AA Chavan
2012,AA Jhunjhunwala,24,27,2,88.89,12.0,AA Jhunjhunwala
2012,AB Dinda,2,5,0,40.0,,Ashok Dinda
2012,AB McDonald,47,36,2,130.56,23.5,AB McDonald
2012,AB de Villiers,319,203,8,157.14,39.88,AB de Villiers
2012,AC Blizzard,0,3,1,0.0,0.0,Aiden Blizzard
2012,AC Gilchrist,172,147,4,117.01,43.0,AC Gilchrist
2012,AC Thomas,19,15,2,126.67,9.5,AC Thomas
2012,AD Mascarenhas,14,16,3,87.5,4.67,AD Mascarenhas
2012,AD Mathews,127,110,6,115.45,21.17,Angelo Mathews
2012,AD Russell,47,27,2,174.07,23.5,Andre Russell
2012,AG Murtaza,3,5,0,60.0,,AG Murtaza
2012,AJ Finch,55,52,2,105.77,27.5,Aaron Finch
2012,AL Menaria,220,207,11,106.28,20.0,AL Menaria
2012,AM Nayar,45,49,2,91.84,22.5,Abhishek Nayar
2012,AM Rahane,560,448,13,125.0,43.08,Ajinkya Rahane
2012,AP Majumdar,87,77,4,112.99,21.75,AP Majumdar
2012,AT Rayudu,333,261,9,127.59,37.0,Ambati Rayudu
2012,AUK Pathan,6,8,1,75.0,6.0,AUK Pathan
2012,Ankit Sharma,18,13,3,138.46,6.0,Ankit Nagendra Sharma
2012,Azhar Mahmood,186,145,8,128.28,23.25,Azhar Mahmood
2012,B Chipli,37,35,3,105.71,12.33,B Chipli
2012,B Kumar,40,41,3,97.56,13.33,Bhuvneshwar Kumar
2012,B Lee,42,21,2,200.0,21.0,B Lee
2012,BA Bhatt,6,2,0,300.0,,BA Bhatt
2012,BB McCullum,289,287,12,100.7,24.08,Brendon McCullum
2012,BB Samantray,2,2,0,100.0,,BB Samantray
2012,BJ Hodge,245,180,8,136.11,30.62,Brad Hodge
2012,Bipul Sharma,72,47,2,153.19,36.0,Bipul Sharma
2012,CA Lynn,6,10,1,60.0,6.0,Chris Lynn
2012,CA Pujara,17,23,3,73.91,5.67,Cheteshwar Pujara
2012,CH Gayle,733,472,12,155.3,61.08,Chris Gayle
2012,CJ Ferguson,50,63,4,79.37,12.5,CJ Ferguson
2012,CJ McKay,8,15,1,53.33,8.0,Clint McKay
2012,CL White,479,327,11,146.48,43.55,CL White
2012,DA Miller,98,76,2,128.95,49.0,David Miller
2012,DA Warner,256,161,7,159.01,36.57,David Warner
2012,DAJ Bracewell,12,9,0,133.33,,DAJ Bracewell
2012,DB Das,126,96,1,131.25,126.0,Debabrata Das
2012,DB Ravi Teja,4,4,2,100.0,2.0,DB Ravi Teja
2012,DE Bollinger,3,5,1,60.0,3.0,DE Bollinger
2012,DH Yagnik,25,14,1,178.57,25.0,Dishant Yagnik
2012,DJ Bravo,371,271,8,136.9,46.38,Dwayne Bravo
2012,DJ Harris,111,103,3,107.77,37.0,DJ Harris
2012,DJ Hussey,396,313,10,126.52,39.6,DJ Hussey
2012,DJ Jacobs,0,10,1,0.0,0.0,DJ Jacobs
2012,DL Vettori,31,28,3,110.71,10.33,DL Vettori
2012,DPMD Jayawardene,335,306,10,109.48,33.5,DPMD Jayawardene
2012,DR Smith,157,102,4,153.92,39.25,Dwayne Smith
2012,DS Kulkarni,10,5,0,200.0,,Dhawal Kulkarni
2012,DT Christian,145,122,5,118.85,29.0,Daniel Christian
2012,DW Steyn,19,21,5,90.48,3.8,Dale Steyn
2012,F du Plessis,398,310,10,128.39,39.8,Faf du Plessis
2012,G Gambhir,590,429,14,137.53,42.14,Gautam Gambhir
2012,GB Hogg,15,16,2,93.75,7.5,GB Hogg
2012,GJ Maxwell,6,11,1,54.55,6.0,Glenn Maxwell
2012,Gurkeerat Singh,86,54,3,159.26,28.67,Gurkeerat Singh
2012,HH Gibbs,81,91,2,89.01,40.5,HH Gibbs
2012,HV Patel,15,17,2,88.24,7.5,Harshal Patel
2012,Harbhajan Singh,108,82,9,131.71,12.0,Harbhajan Singh
2012,Harmeet Singh,15,7,1,214.29,15.0,Harmeet Singh
2012,Harpreet Singh,6,6,1,100.0,6.0,Harpreet Singh
2012,IK Pathan,176,133,7,132.33,25.14,Irfan Pathan
2012,IR Jaggi,15,22,2,68.18,7.5,Ishank Jaggi
2012,Iqbal Abdulla,2,3,0,66.67,,Iqbal Abdulla
2012,J Botha,58,55,4,105.45,14.5,Johan Botha
2012,J Syed Mohammad,4,1,0,400.0,,J Syed Mohammad
2012,J Theron,7,6,0,116.67,,J Theron
2012,JA Morkel,107,71,7,150.7,15.29,JA Morkel
2012,JD Ryder,256,216,9,118.52,28.44,Jesse Ryder
2012,JEC Franklin,220,229,9,96.07,24.44,JEC Franklin
2012,JH Kallis,409,393,16,104.07,25.56,Jacques Kallis
2012,JP Duminy,244,195,3,125.13,81.33,Jean-Paul Duminy
2012,JP Faulkner,14,14,1,100.0,14.0,James Faulkner
2012,K Upadhyay,11,8,0,137.5,,K Upadhyay
2012,KA Pollard,220,163,9,134.97,24.44,Kieron Pollard
2012,KC Sangakkara,200,190,11,105.26,18.18,KC Sangakkara
2012,KD Karthik,238,217,13,109.68,18.31,KD Karthik
2012,KK Cooper,38,20,2,190.0,19.0,Kevon Cooper
2012,KMDN Kulasekara,5,3,0,166.67,,KMDN Kulasekara
2012,KP Pietersen,305,210,5,145.24,61.0,Kevin Pietersen
2012,LR Shukla,75,57,6,131.58,12.5,Laxmi Ratan Shukla
2012,LRPL Taylor,197,177,9,111.3,21.89,LRPL Taylor
2012,M Kaif,14,16,1,87.5,14.0,M Kaif
2012,M Kartik,26,21,0,123.81,,Murali Kartik
2012,M Manhas,120,99,4,121.21,30.0,Mithun Manhas
2012,M Morkel,3,5,1,60.0,3.0,Morne Morkel
2012,M Muralitharan,6,9,2,66.67,3.0,Muttiah Muralitharan
2012,M Vijay,336,273,12,123.08,28.0,Murali Vijay
2012,MA Agarwal,225,164,11,137.2,20.45,Mayank Agarwal
2012,MD Mishra,4,4,1,100.0,4.0,MD Mishra
2012,MEK Hussey,261,241,8,108.3,32.62,Michael Hussey
2012,MJ Clarke,98,96,6,102.08,16.33,Michael Clarke
2012,MK Pandey,143,115,7,124.35,20.43,Manish Pandey
2012,MK Tiwary,260,251,10,103.59,26.0,Manoj Tiwary
2012,MM Patel,2,7,0,28.57,,Munaf Patel
2012,MN Samuels,124,124,6,100.0,20.67,MN Samuels
2012,MS Bisla,213,171,7,124.56,30.43,Manvinder Bisla
2012,MS Dhoni,358,283,11,126.5,32.55,MS Dhoni
2012,MS Gony,4,8,1,50.0,4.0,Manpreet Gony
2012,Mandeep Singh,432,349,16,123.78,27.0,Mandeep Singh
2012,N Saini,140,143,10,97.9,14.0,N Saini
2012,NLTC Perera,4,12,1,33.33,4.0,NLTC Perera
2012,NV Ojha,255,230,11,110.87,23.18,Naman Ojha
2012,OA Shah,340,269,7,126.39,48.57,OA Shah
2012,P Awana,4,5,0,80.0,,Parvinder Awana
2012,P Dogra,15,25,2,60.0,7.5,Paras Dogra
2012,P Kumar,35,32,2,109.38,17.5,Praveen Kumar
2012,P Negi,36,30,1,120.0,36.0,Pawan Negi
2012,P Parameswaran,0,2,0,0.0,,Prasanth Parameswaran
2012,PA Patel,194,166,11,116.87,17.64,Parthiv Patel
2012,PA Reddy,73,63,3,115.87,24.33,PA Reddy
2012,PC Valthaty,30,52,6,57.69,5.0,PC Valthaty
2012,PP Chawla,106,88,8,120.45,13.25,Piyush Chawla
2012,PP Ojha,4,14,1,28.57,4.0,Pragyan Ojha
2012,R Ashwin,18,15,3,120.0,6.0,Ravichandran Ashwin
2012,R Bhatia,35,30,3,116.67,11.67,Rajat Bhatia
2012,R Dravid,462,424,15,108.96,30.8,R Dravid
2012,R Sharma,2,11,3,18.18,0.67,Rahul Sharma
2012,R Vinay Kumar,68,65,5,104.62,13.6,Rajan Kumar
2012,RA Jadeja,191,153,12,124.84,15.92,Ravindra Jadeja
2012,RE Levi,83,74,6,112.16,13.83,RE Levi
2012,RG Sharma,433,350,14,123.71,30.93,Rohit Sharma
2012,RJ Harris,18,11,1,163.64,18.0,RJ Harris
2012,RJ Peterson,32,32,3,100.0,10.67,RJ Peterson
2012,RN ten Doeschate,21,21,2,100.0,10.5,Ryan Ten Doeschate
2012,RP Singh,6,12,2,50.0,3.0,R. P. Singh
2012,RR Bhatkal,0,2,1,0.0,0.0,RR Bhatkal
2012,RV Uthappa,405,357,14,113.45,28.93,Robin Uthappa
2012,S Anirudha,19,9,0,211.11,,Srikkanth Anirudha
2012,S Aravind,14,8,0,175.0,,S Aravind
2012,S Badrinath,196,188,7,104.26,28.0,Subramaniam Badrinath
2012,S Dhawan,569,448,12,127.01,47.42,Shikhar Dhawan
2012,S Nadeem,0,2,0,0.0,,Shahbaz Nadeem
2012,SA Yadav,0,4,1,0.0,0.0,Sonu Yadav
2012,SB Jakati,7,12,0,58.33,,Shadab Jakati
2012,SC Ganguly,268,288,14,93.06,19.14,SC Ganguly
2012,SD Chitnis,66,64,3,103.12,22.0,SD Chitnis
2012,SE Marsh,336,288,10,116.67,33.6,Shaun Marsh
2012,SK Raina,441,335,17,131.64,25.94,SK Raina
2012,SK Trivedi,5,6,0,83.33,,Sagar Trivedi
2012,SL Malinga,55,55,5,100.0,11.0,SL Malinga
2012,SP Goswami,69,69,5,100.0,13.8,Shreevats Goswami
2012,SP Narine,9,8,1,112.5,9.0,Sunil Narine
2012,SPD Smith,362,272,9,133.09,40.22,Steve Smith
2012,SR Tendulkar,324,297,12,109.09,27.0,SR Tendulkar
2012,SR Watson,255,171,6,149.12,42.5,Shane Watson
2012,SS Tiwary,191,173,8,110.4,23.88,Saurabh Tiwary
2012,STR Binny,90,70,4,128.57,22.5,Stuart Binny
2012,Shakib Al Hasan,91,77,6,118.18,15.17,Shakib al Hasan
2012,Sunny Gupta,0,1,1,0.0,0.0,Sunny Gupta
2012,TL Suman,15,19,2,78.95,7.5,Tirumalasetti Suman
2012,TM Dilshan,285,274,7,104.01,40.71,TM Dilshan
2012,UBT Chand,36,35,2,102.86,18.0,Unmukt Chand
2012,UT Yadav,2,7,2,28.57,1.0,Upendra Yadav
2012,V Kohli,364,333,12,109.31,30.33,Virat Kohli
2012,V Pratap Singh,0,1,1,0.0,0.0,Veer Pratap Singh
2012,V Sehwag,495,317,15,156.15,33.0,Virender Sehwag
2012,VR Aaron,1,3,1,33.33,1.0,Varun Aaron
2012,WD Parnell,19,29,4,65.52,4.75,Wayne Parnell
2012,WP Saha,6,14,1,42.86,6.0,Wriddhiman Saha
2012,Y Nagar,153,134,5,114.18,30.6,Y Nagar
2012,Y Venugopal Rao,132,129,5,102.33,26.4,Yalaka Venugopal Rao
2012,YK Pathan,194,179,10,108.38,19.4,Yusuf Pathan
2012,Z Khan,12,17,2,70.59,6.0,Zaheer Khan
2013,A Ashish Reddy,125,90,6,138.89,20.83,Ashish Reddy
2013,A Chandila,4,6,0,66.67,,A Chandila
2013,A Mishra,89,103,3,86.41,29.67,Amit Mishra
2013,A Mithun,2,2,1,100.0,2.0,Abhimanyu Mithun
2013,A Mukund,19,22,1,86.36,19.0,A Mukund
2013,A Nehra,1,8,4,12.5,0.25,Ashish Nehra
2013,AB Agarkar,12,16,1,75.0,12.0,AB Agarkar
2013,AB Dinda,9,11,2,81.82,4.5,Ashok Dinda
2013,AB McDonald,0,2,1,0.0,0.0,AB McDonald
2013,AB de Villiers,373,226,10,165.04,37.3,AB de Villiers
2013,AC Gilchrist,294,234,12,125.64,24.5,AC Gilchrist
2013,AD Mascarenhas,5,5,0,100.0,,AD Mascarenhas
2013,AD Mathews,172,141,7,121.99,24.57,Angelo Mathews
2013,AD Russell,11,15,2,73.33,5.5,Andre Russell
2013,AG Murtaza,5,4,1,125.0,5.0,AG Murtaza
2013,AJ Finch,456,344,14,132.56,32.57,Aaron Finch
2013,AL Menaria,1,2,1,50.0,1.0,AL Menaria
2013,AM Nayar,66,74,6,89.19,11.0,Abhishek Nayar
2013,AM Rahane,488,472,14,103.39,34.86,Ajinkya Rahane
2013,AP Tare,123,84,5,146.43,24.6,Aditya Tare
2013,AS Rajpoot,2,6,0,33.33,,Ankit Rajpoot
2013,AT Rayudu,265,235,12,112.77,22.08,Ambati Rayudu
2013,Azhar Mahmood,196,158,10,124.05,19.6,Azhar Mahmood
2013,B Chipli,16,19,1,84.21,16.0,B Chipli
2013,B Kumar,52,72,7,72.22,7.43,Bhuvneshwar Kumar
2013,B Laughlin,4,9,1,44.44,4.0,Ben Laughlin
2013,B Lee,21,12,1,175.0,21.0,B Lee
2013,BAW Mendis,2,4,1,50.0,2.0,BAW Mendis
2013,BB McCullum,6,7,1,85.71,6.0,Brendon McCullum
2013,BB Samantray,123,114,5,107.89,24.6,BB Samantray
2013,BJ Hodge,293,224,7,130.8,41.86,Brad Hodge
2013,BJ Rohrer,193,146,7,132.19,27.57,BJ Rohrer
2013,BMAJ Mendis,23,27,3,85.19,7.67,BMAJ Mendis
2013,CA Pujara,92,100,4,92.0,23.0,Cheteshwar Pujara
2013,CH Gayle,720,484,12,148.76,60.0,Chris Gayle
2013,CH Morris,14,17,2,82.35,7.0,Chris Morris
2013,CL White,226,200,12,113.0,18.83,CL White
2013,CM Gautam,44,37,2,118.92,22.0,CM Gautam
2013,DA Miller,418,257,7,162.65,59.71,David Miller
2013,DA Warner,410,333,14,123.12,29.29,David Warner
2013,DB Das,75,76,5,98.68,15.0,Debabrata Das
2013,DB Ravi Teja,14,18,1,77.78,14.0,DB Ravi Teja
2013,DH Yagnik,125,99,7,126.26,17.86,Dishant Yagnik
2013,DJ Bravo,121,112,8,108.04,15.12,Dwayne Bravo
2013,DJ Hussey,235,210,10,111.9,23.5,DJ Hussey
2013,DJG Sammy,174,136,6,127.94,29.0,Darren Sammy
2013,DPMD Jayawardene,331,322,14,102.8,23.64,DPMD Jayawardene
2013,DR Smith,418,351,13,119.09,32.15,Dwayne Smith
2013,DT Christian,6,16,2,37.5,3.0,Daniel Christian
2013,DW Steyn,53,37,2,143.24,26.5,Dale Steyn
2013,EJG Morgan,307,250,10,122.8,30.7,Eoin Morgan
2013,G Gambhir,406,354,15,114.69,27.07,Gautam Gambhir
2013,GH Vihari,241,287,13,83.97,18.54,GH Vihari
2013,GJ Maxwell,36,27,2,133.33,18.0,Glenn Maxwell
2013,Gurkeerat Singh,108,98,8,110.2,13.5,Gurkeerat Singh
2013,Harbhajan Singh,116,82,4,141.46,29.0,Harbhajan Singh
2013,Harmeet Singh,3,4,0,75.0,,Harmeet Singh
2013,IC Pandey,0,2,1,0.0,0.0,Ishwar Pandey
2013,IK Pathan,153,159,8,96.23,19.12,Irfan Pathan
2013,Iqbal Abdulla,8,14,0,57.14,,Iqbal Abdulla
2013,J Botha,43,52,6,82.69,7.17,Johan Botha
2013,J Syed Mohammad,10,13,2,76.92,5.0,J Syed Mohammad
2013,JA Morkel,46,37,3,124.32,15.33,JA Morkel
2013,JD Unadkat,2,2,0,100.0,,Jaydev Unadkat
2013,JH Kallis,311,327,14,95.11,22.21,Jacques Kallis
2013,JP Faulkner,57,57,5,100.0,11.4,James Faulkner
2013,K Upadhyay,1,1,0,100.0,,K Upadhyay
2013,KA Pollard,420,290,10,144.83,42.0,Kieron Pollard
2013,KB Arun Karthik,41,40,3,102.5,13.67,KB Arun Karthik
2013,KC Sangakkara,120,137,9,87.59,13.33,KC Sangakkara
2013,KD Karthik,510,422,17,120.85,30.0,KD Karthik
2013,KK Cooper,39,22,4,177.27,9.75,Kevon Cooper
2013,KK Nair,9,12,2,75.0,4.5,Karun Nair
2013,KL Rahul,20,16,2,125.0,10.0,KL Rahul
2013,KM Jadhav,152,127,7,119.69,21.71,Kedar Jadhav
2013,KV Sharma,85,89,4,95.51,21.25,Karn Sharma
2013,KW Richardson,34,36,2,94.44,17.0,Kane Richardson
2013,L Balaji,9,10,1,90.0,9.0,Lakshmipathy Balaji
2013,LA Pomersbach,58,60,2,96.67,29.0,Luke Pomersbach
2013,LJ Wright,106,63,4,168.25,26.5,LJ Wright
2013,LR Shukla,3,13,2,23.08,1.5,Laxmi Ratan Shukla
2013,LRPL Taylor,63,77,4,81.82,15.75,LRPL Taylor
2013,M Kartik,2,3,1,66.67,2.0,Murali Kartik
2013,M Manhas,13,17,0,76.47,,Mithun Manhas
2013,M Morkel,57,30,5,190.0,11.4,Morne Morkel
2013,M Rawat,5,11,1,45.45,5.0,M Rawat
2013,M Vijay,312,293,12,106.48,26.0,Murali Vijay
2013,M Vohra,161,117,7,137.61,23.0,Manan Vohra
2013,MA Agarwal,67,64,5,104.69,13.4,Mayank Agarwal
2013,MC Henriques,165,127,4,129.92,41.25,Moises Henriques
2013,MC Juneja,125,134,7,93.28,17.86,Manprit Juneja
2013,MDKJ Perera,14,13,2,107.69,7.0,MDKJ Perera
2013,MEK Hussey,733,580,13,126.38,56.38,Michael Hussey
2013,MG Johnson,39,37,4,105.41,9.75,Mitchell Johnson
2013,MK Pandey,136,139,6,97.84,22.67,Manish Pandey
2013,MK Tiwary,146,142,8,102.82,18.25,Manoj Tiwary
2013,MM Sharma,0,5,1,0.0,0.0,Mohit Sharma
2013,MN Samuels,8,18,2,44.44,4.0,MN Samuels
2013,MR Marsh,140,109,6,128.44,23.33,Mitchell Marsh
2013,MS Bisla,255,248,13,102.82,19.62,Manvinder Bisla
2013,MS Dhoni,461,298,10,154.7,46.1,MS Dhoni
2013,MS Gony,45,27,3,166.67,15.0,Manpreet Gony
2013,Mandeep Singh,260,228,12,114.04,21.67,Mandeep Singh
2013,Mohammed Shami,5,10,1,50.0,5.0,Mohammed Shami
2013,NLTC Perera,235,173,10,135.84,23.5,NLTC Perera
2013,NM Coulter-Nile,9,6,1,150.0,9.0,Nathan Coulter-Nile
2013,NV Ojha,9,10,1,90.0,9.0,Naman Ojha
2013,OA Shah,25,24,2,104.17,12.5,OA Shah
2013,P Awana,1,9,2,11.11,0.5,Parvinder Awana
2013,P Dogra,5,8,1,62.5,5.0,Paras Dogra
2013,P Kumar,47,41,5,114.63,9.4,Praveen Kumar
2013,PA Patel,294,261,12,112.64,24.5,Parthiv Patel
2013,PA Reddy,91,104,7,87.5,13.0,PA Reddy
2013,PC Valthaty,6,17,1,35.29,6.0,PC Valthaty
2013,PJ Sangwan,4,2,0,200.0,,Pradeep Sangwan
2013,PP Chawla,64,60,6,106.67,10.67,Piyush Chawla
2013,PP Ojha,2,4,1,50.0,2.0,Pragyan Ojha
2013,PV Tambe,3,6,0,50.0,,Pravin Tambe
2013,Parvez Rasool,5,9,1,55.56,5.0,Parvez Rasool
2013,Q de Kock,6,16,3,37.5,2.0,Quinton de Kock
2013,R Ashwin,35,50,4,70.0,8.75,Ravichandran Ashwin
2013,R Bhatia,99,81,6,122.22,16.5,Rajat Bhatia
2013,R Dhawan,21,21,3,100.0,7.0,Rishi Dhawan
2013,R Dravid,471,433,16,108.78,29.44,R Dravid
2013,R McLaren,3,6,2,50.0,1.5,Ryan McLaren
2013,R Rampaul,38,39,4,97.44,9.5,Ravi Rampaul
2013,R Sathish,109,79,5,137.97,21.8,Rajagopal Sathish
2013,R Sharma,11,17,3,64.71,3.67,Rahul Sharma
2013,R Shukla,1,2,0,50.0,,Rahul Shukla
2013,R Vinay Kumar,70,44,1,159.09,70.0,Rajan Kumar
2013,RA Jadeja,201,139,8,144.6,25.12,Ravindra Jadeja
2013,RE van der Merwe,22,25,2,88.0,11.0,RE van der Merwe
2013,RG Sharma,538,415,14,129.64,38.43,Rohit Sharma
2013,RJ Harris,2,5,1,40.0,2.0,RJ Harris
2013,RN ten Doeschate,85,63,3,134.92,28.33,Ryan Ten Doeschate
2013,RT Ponting,52,76,5,68.42,10.4,Ricky Ponting
2013,RV Gomez,4,1,0,400.0,,RV Gomez
2013,RV Uthappa,434,385,15,112.73,28.93,Robin Uthappa
2013,S Anirudha,0,2,1,0.0,0.0,Srikkanth Anirudha
2013,S Badrinath,124,123,7,100.81,17.71,Subramaniam Badrinath
2013,S Dhawan,311,262,7,118.7,44.43,Shikhar Dhawan
2013,S Kaul,7,9,0,77.78,,Siddharth Kaul
2013,S Nadeem,14,27,5,51.85,2.8,Shahbaz Nadeem
2013,S Narwal,23,16,1,143.75,23.0,Sumit Narwal
2013,S Sreesanth,1,4,1,25.0,1.0,S Sreesanth
2013,SE Marsh,300,256,8,117.19,37.5,Shaun Marsh
2013,SK Raina,548,370,12,148.11,45.67,SK Raina
2013,SK Trivedi,3,7,1,42.86,3.0,Sagar Trivedi
2013,SL Malinga,9,19,3,47.37,3.0,SL Malinga
2013,SMSM Senanayake,10,17,1,58.82,10.0,Sachithra Senanayake
2013,SP Narine,21,20,3,105.0,7.0,Sunil Narine
2013,SPD Smith,159,134,4,118.66,39.75,Steve Smith
2013,SR Tendulkar,287,243,13,118.11,22.08,SR Tendulkar
2013,SR Watson,543,393,14,138.17,38.79,Shane Watson
2013,SS Tiwary,109,113,4,96.46,27.25,Saurabh Tiwary
2013,STR Binny,293,204,8,143.63,36.62,Stuart Binny
2013,SV Samson,206,179,8,115.08,25.75,Sanju Samson
2013,SW Tait,1,3,1,33.33,1.0,SW Tait
2013,Sachin Baby,3,7,1,42.86,3.0,Sachin Baby
2013,Sandeep Sharma,0,1,0,0.0,,Sandeep Sharma
2013,TL Suman,52,58,5,89.66,10.4,Tirumalasetti Suman
2013,TM Dilshan,76,97,5,78.35,15.2,TM Dilshan
2013,UA Birla,7,15,1,46.67,7.0,UA Birla
2013,UBT Chand,158,163,9,96.93,17.56,Unmukt Chand
2013,UT Yadav,38,39,1,97.44,38.0,Upendra Yadav
2013,V Kohli,639,471,14,135.67,45.64,Virat Kohli
2013,V Sehwag,295,244,12,120.9,24.58,Virender Sehwag
2013,WD Parnell,5,7,1,71.43,5.0,Wayne Parnell
2013,WP Saha,70,57,3,122.81,23.33,Wriddhiman Saha
2013,X Thalaivan Sargunam,10,17,1,58.82,10.0,X Thalaivan Sargunam
2013,YK Pathan,332,247,11,134.41,30.18,Yusuf Pathan
2013,Yuvraj Singh,238,193,12,123.32,19.83,Yuvraj Singh
2014,A Mishra,4,7,1,57.14,4.0,Amit Mishra
2014,AB Dinda,4,13,1,30.77,4.0,Ashok Dinda
2014,AB de Villiers,395,255,11,154.9,35.91,AB de Villiers
2014,AD Russell,2,8,2,25.0,1.0,Andre Russell
2014,AJ Finch,309,268,11,115.3,28.09,Aaron Finch
2014,AM Nayar,43,50,3,86.0,14.33,Abhishek Nayar
2014,AM Rahane,339,298,10,113.76,33.9,Ajinkya Rahane
2014,AN Ahmed,4,1,0,400.0,,Abu Nechim Ahmed
2014,AP Tare,126,102,8,123.53,15.75,Aditya Tare
2014,AR Patel,62,61,5,101.64,12.4,Akshar Patel
2014,AT Rayudu,361,296,14,121.96,25.79,Ambati Rayudu
2014,Ankit Sharma,34,31,2,109.68,17.0,Ankit Nagendra Sharma
2014,B Kumar,1,4,1,25.0,1.0,Bhuvneshwar Kumar
2014,BB McCullum,405,341,12,118.77,33.75,Brendon McCullum
2014,BCJ Cutting,8,6,0,133.33,,Ben Cutting
2014,BE Hendricks,0,1,1,0.0,0.0,Beuran Hendricks
2014,BJ Hodge,101,74,3,136.49,33.67,Brad Hodge
2014,BR Dunk,40,36,3,111.11,13.33,Ben Dunk
2014,CA Lynn,58,52,2,111.54,29.0,Chris Lynn
2014,CA Pujara,125,129,4,96.9,31.25,Cheteshwar Pujara
2014,CH Gayle,196,188,9,104.26,21.78,Chris Gayle
2014,CJ Anderson,265,186,9,142.47,29.44,Corey Anderson
2014,CM Gautam,121,116,6,104.31,20.17,CM Gautam
2014,DA Miller,446,307,9,145.28,49.56,David Miller
2014,DA Warner,528,386,11,136.79,48.0,David Warner
2014,DH Yagnik,4,6,0,66.67,,Dishant Yagnik
2014,DJ Bravo,8,3,0,266.67,,Dwayne Bravo
2014,DJ Hussey,116,96,2,120.83,58.0,DJ Hussey
2014,DJG Sammy,108,97,7,111.34,15.43,Darren Sammy
2014,DR Smith,566,425,16,133.18,35.38,Dwayne Smith
2014,DS Kulkarni,35,27,0,129.63,,Dhawal Kulkarni
2014,DW Steyn,22,26,2,84.62,11.0,Dale Steyn
2014,F du Plessis,303,240,9,126.25,33.67,Faf du Plessis
2014,G Gambhir,335,301,14,111.3,23.93,Gautam Gambhir
2014,GJ Bailey,257,190,9,135.26,28.56,George Bailey
2014,GJ Maxwell,552,312,16,176.92,34.5,Glenn Maxwell
2014,HV Patel,13,7,2,185.71,6.5,Harshal Patel
2014,Harbhajan Singh,28,26,6,107.69,4.67,Harbhajan Singh
2014,IK Pathan,55,58,2,94.83,27.5,Irfan Pathan
2014,Imran Tahir,8,10,2,80.0,4.0,Imran Tahir
2014,JA Morkel,45,41,3,109.76,15.0,JA Morkel
2014,JD Unadkat,1,6,1,16.67,1.0,Jaydev Unadkat
2014,JDS Neesham,42,46,3,91.3,14.0,James Neesham
2014,JH Kallis,151,131,6,115.27,25.17,Jacques Kallis
2014,JJ Bumrah,1,4,0,25.0,,Jasprit Bumrah
2014,JO Holder,16,12,1,133.33,16.0,Jason Holder
2014,JP Duminy,410,311,8,131.83,51.25,Jean-Paul Duminy
2014,JP Faulkner,181,99,4,182.83,45.25,James Faulkner
2014,KA Pollard,273,208,8,131.25,34.12,Kieron Pollard
2014,KD Karthik,325,261,14,124.52,23.21,KD Karthik
2014,KK Cooper,39,28,3,139.29,13.0,Kevon Cooper
2014,KK Nair,330,237,10,139.24,33.0,Karun Nair
2014,KL Rahul,166,166,8,100.0,20.75,KL Rahul
2014,KM Jadhav,149,104,3,143.27,49.67,Kedar Jadhav
2014,KP Pietersen,294,239,10,123.01,29.4,Kevin Pietersen
2014,KV Sharma,42,30,3,140.0,14.0,Karn Sharma
2014,KW Richardson,1,2,1,50.0,1.0,Kane Richardson
2014,Karanveer Singh,1,1,0,100.0,,Karanveer Singh
2014,L Balaji,1,3,1,33.33,1.0,Lakshmipathy Balaji
2014,LMP Simmons,394,299,7,131.77,56.29,LMP Simmons
2014,LR Shukla,31,38,3,81.58,10.33,Laxmi Ratan Shukla
2014,LRPL Taylor,59,62,3,95.16,19.67,LRPL Taylor
2014,M Manhas,35,26,2,134.62,17.5,Mithun Manhas
2014,M Morkel,4,4,0,100.0,,Morne Morkel
2014,M Vijay,207,197,11,105.08,18.82,Murali Vijay
2014,M Vohra,324,244,7,132.79,46.29,Manan Vohra
2014,M de Lange,1,2,1,50.0,1.0,Marchant de Lange
2014,MA Agarwal,115,93,8,123.66,14.38,Mayank Agarwal
2014,MA Starc,85,84,5,101.19,17.0,Mitchell Starc
2014,MC Henriques,9,14,2,64.29,4.5,Moises Henriques
2014,MEK Hussey,209,187,8,111.76,26.12,Michael Hussey
2014,MG Johnson,56,51,3,109.8,18.67,Mitchell Johnson
2014,MK Pandey,409,359,13,113.93,31.46,Manish Pandey
2014,MK Tiwary,152,123,5,123.58,30.4,Manoj Tiwary
2014,MM Sharma,1,3,0,33.33,,Mohit Sharma
2014,MS Bisla,3,9,1,33.33,3.0,Manvinder Bisla
2014,MS Dhoni,371,258,5,143.8,74.2,MS Dhoni
2014,Mandeep Singh,24,28,3,85.71,8.0,Mandeep Singh
2014,Mohammed Shami,3,8,2,37.5,1.5,Mohammed Shami
2014,NJ Maddinson,16,14,2,114.29,8.0,Nic Maddinson
2014,NV Ojha,232,170,6,136.47,38.67,Naman Ojha
2014,P Kumar,1,2,1,50.0,1.0,Praveen Kumar
2014,PA Patel,205,191,9,107.33,22.78,Parthiv Patel
2014,PP Chawla,31,20,2,155.0,15.5,Piyush Chawla
2014,PP Ojha,4,8,0,50.0,,Pragyan Ojha
2014,PV Tambe,5,9,1,55.56,5.0,Pravin Tambe
2014,Q de Kock,153,132,6,115.91,25.5,Quinton de Kock
2014,R Ashwin,45,48,2,93.75,22.5,Ravichandran Ashwin
2014,R Bhatia,67,55,5,121.82,13.4,Rajat Bhatia
2014,R Dhawan,82,75,2,109.33,41.0,Rishi Dhawan
2014,R Rampaul,13,13,1,100.0,13.0,Ravi Rampaul
2014,R Shukla,18,21,1,85.71,18.0,Rahul Shukla
2014,R Tewatia,16,13,1,123.08,16.0,Rahul Tewatia
2014,R Vinay Kumar,4,7,2,57.14,2.0,Rajan Kumar
2014,RA Jadeja,146,113,5,129.2,29.2,Ravindra Jadeja
2014,RG Sharma,390,307,13,127.04,30.0,Rohit Sharma
2014,RN ten Doeschate,52,33,4,157.58,13.0,Ryan Ten Doeschate
2014,RR Rossouw,39,41,3,95.12,13.0,Rilee Rossouw
2014,RV Uthappa,660,485,15,136.08,44.0,Robin Uthappa
2014,S Anirudha,3,5,1,60.0,3.0,Srikkanth Anirudha
2014,S Dhawan,377,332,12,113.55,31.42,Shikhar Dhawan
2014,S Gopal,11,10,0,110.0,,Shreyas Gopal
2014,S Kaul,2,2,0,100.0,,Siddharth Kaul
2014,S Nadeem,7,20,2,35.0,3.5,Shahbaz Nadeem
2014,S Rana,73,66,3,110.61,24.33,Sachin Rana
2014,SA Yadav,164,123,6,133.33,27.33,Sonu Yadav
2014,SE Marsh,70,54,2,129.63,35.0,Shaun Marsh
2014,SK Raina,523,370,12,141.35,43.58,SK Raina
2014,SL Malinga,2,4,0,50.0,,SL Malinga
2014,SP Narine,10,15,1,66.67,10.0,Sunil Narine
2014,SPD Smith,152,115,4,132.17,38.0,Steve Smith
2014,SR Watson,246,205,12,120.0,20.5,Shane Watson
2014,STR Binny,123,122,9,100.82,13.67,Stuart Binny
2014,SV Samson,339,280,13,121.07,26.08,Sanju Samson
2014,Sandeep Sharma,2,5,0,40.0,,Sandeep Sharma
2014,Shakib Al Hasan,229,160,8,143.12,28.62,Shakib al Hasan
2014,Shivam Sharma,5,3,1,166.67,5.0,Shivam Sharma
2014,TG Southee,4,4,1,100.0,4.0,Tim Southee
2014,UBT Chand,2,10,1,20.0,2.0,Unmukt Chand
2014,UT Yadav,2,4,1,50.0,2.0,Upendra Yadav
2014,V Kohli,359,301,13,119.27,27.62,Virat Kohli
2014,V Sehwag,455,334,17,136.23,26.76,Virender Sehwag
2014,VH Zol,29,26,2,111.54,14.5,Vijay Zol
2014,VR Aaron,35,34,0,102.94,,Varun Aaron
2014,VS Malik,1,2,0,50.0,,Vikramjeet Malik
2014,WD Parnell,2,2,1,100.0,2.0,Wayne Parnell
2014,WP Saha,362,255,11,141.96,32.91,Wriddhiman Saha
2014,Y Venugopal Rao,71,65,3,109.23,23.67,Yalaka Venugopal Rao
2014,YK Pathan,268,168,9,159.52,29.78,Yusuf Pathan
2014,YS Chahal,1,2,0,50.0,,Yuzvendra Chahal
2014,YV Takawale,104,92,5,113.04,20.8,Yogesh Takawale
2014,Yuvraj Singh,376,288,10,130.56,37.6,Yuvraj Singh
2014,Z Khan,8,7,1,114.29,8.0,Zaheer Khan
2015,A Ashish Reddy,73,46,3,158.7,24.33,Ashish Reddy
2015,A Mishra,8,13,2,61.54,4.0,Amit Mishra
2015,A Nehra,1,7,1,14.29,1.0,Ashish Nehra
2015,AB de Villiers,513,302,8,169.87,64.12,AB de Villiers
2015,AD Mathews,144,109,6,132.11,24.0,Angelo Mathews
2015,AD Russell,326,175,7,186.29,46.57,Andre Russell
2015,AJ Finch,23,33,3,69.7,7.67,Aaron Finch
2015,AM Rahane,540,423,11,127.66,49.09,Ajinkya Rahane
2015,AN Ahmed,10,5,1,200.0,10.0,Abu Nechim Ahmed
2015,AP Tare,14,18,2,77.78,7.0,Aditya Tare
2015,AR Patel,206,181,9,113.81,22.89,Akshar Patel
2015,AT Rayudu,281,195,9,144.1,31.22,Ambati Rayudu
2015,Ankit Sharma,7,6,1,116.67,7.0,Ankit Nagendra Sharma
2015,Anureet Singh,18,31,3,58.06,6.0,Anureet Singh
2015,Azhar Mahmood,6,8,1,75.0,6.0,Azhar Mahmood
2015,B Kumar,17,10,1,170.0,17.0,Bhuvneshwar Kumar
2015,BB McCullum,436,293,13,148.81,33.54,Brendon McCullum
2015,BE Hendricks,1,2,0,50.0,,Beuran Hendricks
2015,Bipul Sharma,1,2,1,50.0,1.0,Bipul Sharma
2015,CH Gayle,491,359,12,136.77,40.92,Chris Gayle
2015,CH Morris,76,47,2,161.7,38.0,Chris Morris
2015,CJ Anderson,114,98,3,116.33,38.0,Corey Anderson
2015,CM Gautam,4,5,1,80.0,4.0,CM Gautam
2015,D Wiese,122,90,4,135.56,30.5,David Wiese
2015,DA Miller,357,274,12,130.29,29.75,David Miller
2015,DA Warner,562,368,12,152.72,46.83,David Warner
2015,DJ Bravo,195,151,8,129.14,24.38,Dwayne Bravo
2015,DJ Hooda,151,99,9,152.53,16.78,Deepak Hooda
2015,DJ Muthuswami,1,3,1,33.33,1.0,DJ Muthuswami
2015,DJG Sammy,13,18,2,72.22,6.5,Darren Sammy
2015,DR Smith,399,341,14,117.01,28.5,Dwayne Smith
2015,DS Kulkarni,4,12,2,33.33,2.0,Dhawal Kulkarni
2015,DW Steyn,20,13,1,153.85,20.0,Dale Steyn
2015,EJG Morgan,187,154,8,121.43,23.38,Eoin Morgan
2015,F du Plessis,380,317,11,119.87,34.55,Faf du Plessis
2015,G Gambhir,327,288,13,113.54,25.15,Gautam Gambhir
2015,GB Hogg,7,6,0,116.67,,GB Hogg
2015,GH Vihari,39,36,4,108.33,9.75,GH Vihari
2015,GJ Bailey,259,196,10,132.14,25.9,George Bailey
2015,GJ Maxwell,146,115,11,126.96,13.27,Glenn Maxwell
2015,Gurkeerat Singh,35,41,5,85.37,7.0,Gurkeerat Singh
2015,HH Pandya,112,68,5,164.71,22.4,Hardik Pandya
2015,HV Patel,19,14,4,135.71,4.75,Harshal Patel
2015,Harbhajan Singh,117,81,7,144.44,16.71,Harbhajan Singh
2015,Imran Tahir,5,6,1,83.33,5.0,Imran Tahir
2015,Iqbal Abdulla,20,20,1,100.0,20.0,Iqbal Abdulla
2015,J Botha,31,15,3,206.67,10.33,Johan Botha
2015,J Suchith,48,33,1,145.45,48.0,Jagadeesha Suchith
2015,J Theron,1,1,0,100.0,,J Theron
2015,JA Morkel,86,70,1,122.86,86.0,JA Morkel
2015,JP Duminy,414,327,9,126.61,46.0,Jean-Paul Duminy
2015,JP Faulkner,144,116,9,124.14,16.0,James Faulkner
2015,KA Pollard,419,270,10,155.19,41.9,Kieron Pollard
2015,KD Karthik,141,120,9,117.5,15.67,KD Karthik
2015,KK Nair,181,147,10,123.13,18.1,Karun Nair
2015,KL Rahul,142,133,5,106.77,28.4,KL Rahul
2015,KM Jadhav,189,143,8,132.17,23.62,Kedar Jadhav
2015,KS Williamson,31,29,1,106.9,31.0,Kane Williamson
2015,KV Sharma,104,87,6,119.54,17.33,Karn Sharma
2015,Karanveer Singh,11,16,1,68.75,11.0,Karanveer Singh
2015,LMP Simmons,540,455,12,118.68,45.0,LMP Simmons
2015,M Morkel,4,3,0,133.33,,Morne Morkel
2015,M Vijay,251,233,8,107.73,31.38,Murali Vijay
2015,M Vohra,82,83,7,98.8,11.71,Manan Vohra
2015,MA Agarwal,213,187,9,113.9,23.67,Mayank Agarwal
2015,MA Starc,11,14,1,78.57,11.0,Mitchell Starc
2015,MC Henriques,287,216,7,132.87,41.0,Moises Henriques
2015,MEK Hussey,77,73,4,105.48,19.25,Michael Hussey
2015,MG Johnson,31,38,4,81.58,7.75,Mitchell Johnson
2015,MJ McClenaghan,13,6,1,216.67,13.0,Mitchell McClenaghan
2015,MK Pandey,225,187,10,120.32,22.5,Manish Pandey
2015,MK Tiwary,57,58,2,98.28,28.5,Manoj Tiwary
2015,MM Sharma,28,18,2,155.56,14.0,Mohit Sharma
2015,MS Bisla,37,30,2,123.33,18.5,Manvinder Bisla
2015,MS Dhoni,372,309,12,120.39,31.0,MS Dhoni
2015,Mandeep Singh,157,102,6,153.92,26.17,Mandeep Singh
2015,NJ Maddinson,4,7,1,57.14,4.0,Nic Maddinson
2015,NLTC Perera,12,15,2,80.0,6.0,NLTC Perera
2015,NM Coulter-Nile,20,20,3,100.0,6.67,Nathan Coulter-Nile
2015,NV Ojha,137,126,9,108.73,15.22,Naman Ojha
2015,P Kumar,17,25,2,68.0,8.5,Praveen Kumar
2015,P Negi,116,77,6,150.65,19.33,Pawan Negi
2015,PA Patel,339,255,12,132.94,28.25,Parthiv Patel
2015,PJ Cummins,0,2,1,0.0,0.0,Patrick Cummins
2015,PP Chawla,54,49,4,110.2,13.5,Piyush Chawla
2015,PV Tambe,3,5,0,60.0,,Pravin Tambe
2015,Parvez Rasool,2,2,0,100.0,,Parvez Rasool
2015,Q de Kock,122,78,3,156.41,40.67,Quinton de Kock
2015,R Ashwin,52,34,3,152.94,17.33,Ravichandran Ashwin
2015,R Bhatia,0,1,1,0.0,0.0,Rajat Bhatia
2015,R Dhawan,36,33,2,109.09,18.0,Rishi Dhawan
2015,R Vinay Kumar,0,2,1,0.0,0.0,Rajan Kumar
2015,RA Jadeja,132,128,7,103.12,18.86,Ravindra Jadeja
2015,RG More,2,2,0,100.0,,Ronit More
2015,RG Sharma,482,339,14,142.18,34.43,Rohit Sharma
2015,RN ten Doeschate,61,45,3,135.56,20.33,Ryan Ten Doeschate
2015,RR Rossouw,14,10,2,140.0,7.0,Rilee Rossouw
2015,RS Bopara,145,121,5,119.83,29.0,Ravi Bopara
2015,RV Uthappa,364,287,12,126.83,30.33,Robin Uthappa
2015,S Aravind,0,1,0,0.0,,S Aravind
2015,S Dhawan,353,293,13,120.48,27.15,Shikhar Dhawan
2015,S Gopal,1,1,0,100.0,,Shreyas Gopal
2015,S Nadeem,2,7,1,28.57,2.0,Shahbaz Nadeem
2015,SA Abbott,15,13,1,115.38,15.0,Sean Abbott
2015,SA Yadav,157,115,9,136.52,17.44,Sonu Yadav
2015,SE Marsh,93,65,5,143.08,18.6,Shaun Marsh
2015,SK Raina,374,319,14,117.24,26.71,SK Raina
2015,SL Malinga,6,11,0,54.55,,SL Malinga
2015,SN Khan,111,72,4,154.17,27.75,Sarfaraz Khan
2015,SN Thakur,7,6,0,116.67,,Shardul Thakur
2015,SP Narine,0,1,0,0.0,,Sunil Narine
2015,SPD Smith,298,228,11,130.7,27.09,Steve Smith
2015,SR Watson,347,270,9,128.52,38.56,Shane Watson
2015,SS Iyer,439,360,13,121.94,33.77,Shreyas Iyer
2015,SS Tiwary,109,83,0,131.33,,Saurabh Tiwary
2015,STR Binny,74,69,4,107.25,18.5,Stuart Binny
2015,SV Samson,204,166,10,122.89,20.4,Sanju Samson
2015,Sandeep Sharma,9,14,1,64.29,9.0,Sandeep Sharma
2015,Shakib Al Hasan,36,32,3,112.5,12.0,Shakib al Hasan
2015,TG Southee,13,9,0,144.44,,Tim Southee
2015,UBT Chand,102,89,5,114.61,20.4,Unmukt Chand
2015,UT Yadav,29,16,1,181.25,29.0,Upendra Yadav
2015,V Kohli,505,395,11,127.85,45.91,Virat Kohli
2015,V Sehwag,99,89,7,111.24,14.14,Virender Sehwag
2015,VR Aaron,6,3,1,200.0,6.0,Varun Aaron
2015,WP Saha,249,205,12,121.46,20.75,Wriddhiman Saha
2015,YK Pathan,312,243,7,128.4,44.57,Yusuf Pathan
2015,YS Chahal,1,1,0,100.0,,Yuzvendra Chahal
2015,Yuvraj Singh,248,215,13,115.35,19.08,Yuvraj Singh
2016,A Ashish Reddy,47,30,2,156.67,23.5,Ashish Reddy
2016,A Mishra,4,14,2,28.57,2.0,Amit Mishra
2016,A Nehra,1,1,0,100.0,,Ashish Nehra
2016,A Zampa,0,1,1,0.0,0.0,Adam Zampa
2016,AB de Villiers,687,415,13,165.54,52.85,AB de Villiers
2016,AD Nath,20,27,3,74.07,6.67,Akshdeep Nath
2016,AD Russell,188,125,7,150.4,26.86,Andre Russell
2016,AJ Finch,393,311,8,126.37,49.12,Aaron Finch
2016,AM Rahane,480,387,10,124.03,48.0,Ajinkya Rahane
2016,AP Tare,8,15,2,53.33,4.0,Aditya Tare
2016,AR Patel,111,81,6,137.04,18.5,Akshar Patel
2016,AT Rayudu,334,284,11,117.61,30.36,Ambati Rayudu
2016,Ankit Sharma,3,3,0,100.0,,Ankit Nagendra Sharma
2016,B Kumar,43,28,5,153.57,8.6,Bhuvneshwar Kumar
2016,BB McCullum,354,273,16,129.67,22.12,Brendon McCullum
2016,BB Sran,4,4,0,100.0,,Barinder Sran
2016,BCJ Cutting,65,37,2,175.68,32.5,Ben Cutting
2016,Bipul Sharma,51,25,1,204.0,51.0,Bipul Sharma
2016,C Munro,30,31,1,96.77,30.0,Colin Munro
2016,CA Lynn,25,23,1,108.7,25.0,Chris Lynn
2016,CH Gayle,227,159,10,142.77,22.7,Chris Gayle
2016,CH Morris,195,114,3,171.05,65.0,Chris Morris
2016,CJ Jordan,3,4,0,75.0,,Chris Jordan
2016,CR Brathwaite,83,40,6,207.5,13.83,Carlos Brathwaite
2016,D Wiese,5,4,0,125.0,,David Wiese
2016,DA Miller,161,139,10,115.83,16.1,David Miller
2016,DA Warner,848,579,14,146.46,60.57,David Warner
2016,DJ Bravo,99,88,8,112.5,12.38,Dwayne Bravo
2016,DJ Hooda,144,125,11,115.2,13.09,Deepak Hooda
2016,DR Smith,324,226,11,143.36,29.45,Dwayne Smith
2016,DS Kulkarni,27,16,2,168.75,13.5,Dhawal Kulkarni
2016,DW Steyn,1,2,1,50.0,1.0,Dale Steyn
2016,EJG Morgan,123,105,5,117.14,24.6,Eoin Morgan
2016,ER Dwivedi,24,15,2,160.0,12.0,Eklavya Dwivedi
2016,F Behardien,14,13,2,107.69,7.0,Farhaan Behardien
2016,F du Plessis,206,169,6,121.89,34.33,Faf du Plessis
2016,G Gambhir,501,424,11,118.16,45.55,Gautam Gambhir
2016,GJ Bailey,84,99,4,84.85,21.0,George Bailey
2016,GJ Maxwell,179,129,9,138.76,19.89,Glenn Maxwell
2016,Gurkeerat Singh,113,87,5,129.89,22.6,Gurkeerat Singh
2016,HH Pandya,44,66,7,66.67,6.29,Hardik Pandya
2016,HM Amla,157,122,6,128.69,26.17,HM Amla
2016,Harbhajan Singh,92,91,3,101.1,30.67,Harbhajan Singh
2016,IK Pathan,11,14,2,78.57,5.5,Irfan Pathan
2016,Imran Tahir,5,7,1,71.43,5.0,Imran Tahir
2016,Iqbal Abdulla,37,27,0,137.04,,Iqbal Abdulla
2016,Ishan Kishan,42,41,4,102.44,10.5,Ishan Kishan
2016,J Yadav,6,12,0,50.0,,Jayant Yadav
2016,JA Morkel,16,9,1,177.78,16.0,JA Morkel
2016,JC Buttler,255,189,11,134.92,23.18,Jos Buttler
2016,JJ Bumrah,8,11,1,72.73,8.0,Jasprit Bumrah
2016,JO Holder,22,20,4,110.0,5.5,Jason Holder
2016,JP Duminy,191,157,5,121.66,38.2,Jean-Paul Duminy
2016,JP Faulkner,77,60,3,128.33,25.67,James Faulkner
2016,KA Pollard,207,156,8,132.69,25.88,Kieron Pollard
2016,KC Cariappa,13,11,1,118.18,13.0,KC Cariappa
2016,KD Karthik,335,273,13,122.71,25.77,KD Karthik
2016,KH Pandya,237,127,5,186.61,47.4,Krunal Pandya
2016,KJ Abbott,13,8,1,162.5,13.0,Kyle Abbott
2016,KK Nair,357,304,10,117.43,35.7,Karun Nair
2016,KL Rahul,397,277,9,143.32,44.11,KL Rahul
2016,KM Jadhav,42,33,0,127.27,,Kedar Jadhav
2016,KP Pietersen,73,61,3,119.67,24.33,Kevin Pietersen
2016,KS Williamson,124,126,6,98.41,20.67,Kane Williamson
2016,KV Sharma,36,34,0,105.88,,Karn Sharma
2016,KW Richardson,1,1,0,100.0,,Kane Richardson
2016,LMP Simmons,8,8,1,100.0,8.0,LMP Simmons
2016,M Ashwin,0,1,1,0.0,0.0,Murugan Ashwin
2016,M Morkel,1,1,0,100.0,,Morne Morkel
2016,M Vijay,453,373,12,121.45,37.75,Murali Vijay
2016,M Vohra,161,136,7,118.38,23.0,Manan Vohra
2016,MA Agarwal,27,26,3,103.85,9.0,Mayank Agarwal
2016,MC Henriques,182,162,12,112.35,15.17,Moises Henriques
2016,MG Johnson,5,14,2,35.71,2.5,Mitchell Johnson
2016,MJ Guptill,57,55,3,103.64,19.0,Martin Guptill
2016,MJ McClenaghan,34,23,3,147.83,11.33,Mitchell McClenaghan
2016,MK Pandey,248,190,8,130.53,31.0,Manish Pandey
2016,MM Sharma,32,27,4,118.52,8.0,Mohit Sharma
2016,MP Stoinis,146,111,4,131.53,36.5,Marcus Stoinis
2016,MR Marsh,7,11,1,63.64,7.0,Mitchell Marsh
2016,MS Dhoni,284,220,7,129.09,40.57,MS Dhoni
2016,Mohammed Shami,2,4,0,50.0,,Mohammed Shami
2016,N Rana,104,78,3,133.33,34.67,Nitish Rana
2016,NLTC Perera,150,97,7,154.64,21.43,NLTC Perera
2016,NM Coulter-Nile,9,14,0,64.29,,Nathan Coulter-Nile
2016,NS Naik,23,33,2,69.7,11.5,Nikhil Naik
2016,NV Ojha,136,142,9,95.77,15.11,Naman Ojha
2016,P Kumar,24,27,4,88.89,6.0,Praveen Kumar
2016,P Negi,57,63,2,90.48,28.5,Pawan Negi
2016,P Sahu,19,13,0,146.15,,Pardeep Sahu
2016,PA Patel,177,161,10,109.94,17.7,Parthiv Patel
2016,PP Chawla,27,26,3,103.85,9.0,Piyush Chawla
2016,PSP Handscomb,6,12,1,50.0,6.0,Peter Handscomb
2016,PV Tambe,7,19,0,36.84,,Pravin Tambe
2016,Parvez Rasool,10,9,1,111.11,10.0,Parvez Rasool
2016,Q de Kock,445,340,12,130.88,37.08,Quinton de Kock
2016,R Ashwin,41,38,2,107.89,20.5,Ravichandran Ashwin
2016,R Bhatia,34,20,1,170.0,34.0,Rajat Bhatia
2016,R Dhawan,14,6,0,233.33,,Rishi Dhawan
2016,R Sathish,24,24,3,100.0,8.0,Rajagopal Sathish
2016,R Vinay Kumar,13,12,1,108.33,13.0,Rajan Kumar
2016,RA Jadeja,191,189,8,101.06,23.88,Ravindra Jadeja
2016,RG Sharma,489,372,11,131.45,44.45,Rohit Sharma
2016,RR Pant,198,155,7,127.74,28.29,Rishabh Pant
2016,RV Uthappa,394,300,14,131.33,28.14,Robin Uthappa
2016,S Dhawan,501,438,12,114.38,41.75,Shikhar Dhawan
2016,S Gopal,2,16,1,12.5,2.0,Shreyas Gopal
2016,S Kaushik,0,1,1,0.0,0.0,Shivil Kaushik
2016,S Nadeem,1,5,0,20.0,,Shahbaz Nadeem
2016,SA Yadav,182,148,7,122.97,26.0,Sonu Yadav
2016,SB Jakati,1,2,0,50.0,,Shadab Jakati
2016,SE Marsh,159,134,5,118.66,31.8,Shaun Marsh
2016,SK Raina,399,321,14,124.3,28.5,SK Raina
2016,SN Khan,66,31,2,212.9,33.0,Sarfaraz Khan
2016,SP Narine,7,14,0,50.0,,Sunil Narine
2016,SPD Smith,270,184,5,146.74,54.0,Steve Smith
2016,SR Watson,179,135,13,132.59,13.77,Shane Watson
2016,SS Iyer,30,46,6,65.22,5.0,Shreyas Iyer
2016,SS Tiwary,170,149,6,114.09,28.33,Saurabh Tiwary
2016,STR Binny,63,41,4,153.66,15.75,Stuart Binny
2016,SV Samson,291,265,10,109.81,29.1,Sanju Samson
2016,SW Billings,88,66,4,133.33,22.0,Sam Billings
2016,Sachin Baby,119,82,4,145.12,29.75,Sachin Baby
2016,Sandeep Sharma,8,9,0,88.89,,Sandeep Sharma
2016,Shakib Al Hasan,114,108,5,105.56,22.8,Shakib al Hasan
2016,Swapnil Singh,0,1,1,0.0,0.0,Swapnil Singh
2016,TG Southee,30,20,3,150.0,10.0,Tim Southee
2016,TM Head,54,42,2,128.57,27.0,Travis Head
2016,UBT Chand,0,5,1,0.0,0.0,Unmukt Chand
2016,UT Khawaja,127,105,5,120.95,25.4,UT Khawaja
2016,UT Yadav,9,6,1,150.0,9.0,Upendra Yadav
2016,V Kohli,973,655,12,148.55,81.08,Virat Kohli
2016,WP Saha,270,214,11,126.17,24.55,Wriddhiman Saha
2016,YK Pathan,361,256,5,141.02,72.2,Yusuf Pathan
2016,Yuvraj Singh,236,183,9,128.96,26.22,Yuvraj Singh
2016,Z Khan,6,13,2,46.15,3.0,Zaheer Khan
2017,A Choudhary,25,20,1,125.0,25.0,Aniket Choudhary
2017,A Mishra,49,56,1,87.5,49.0,Amit Mishra
2017,A Zampa,5,7,1,71.43,5.0,Adam Zampa
2017,AB Dinda,7,8,1,87.5,7.0,Ashok Dinda
2017,AB de Villiers,216,171,7,126.32,30.86,AB de Villiers
2017,AD Mathews,32,28,2,114.29,16.0,Angelo Mathews
2017,AD Nath,0,1,1,0.0,0.0,Akshdeep Nath
2017,AF Milne,7,12,2,58.33,3.5,Adam Milne
2017,AJ Finch,300,190,12,157.89,25.0,Aaron Finch
2017,AJ Tye,53,30,1,176.67,53.0,Andrew Tye
2017,AM Rahane,382,328,15,116.46,25.47,Ajinkya Rahane
2017,AP Tare,18,25,3,72.0,6.0,Aditya Tare
2017,AR Bawne,12,12,0,100.0,,Ankit Bawne
2017,AR Patel,227,171,8,132.75,28.38,Akshar Patel
2017,AS Rajpoot,4,7,1,57.14,4.0,Ankit Rajpoot
2017,AT Rayudu,91,80,5,113.75,18.2,Ambati Rayudu
2017,Ankit Sharma,25,16,1,156.25,25.0,Ankit Nagendra Sharma
2017,Ankit Soni,7,9,2,77.78,3.5,Ankit Soni
2017,Anureet Singh,15,12,1,125.0,15.0,Anureet Singh
2017,B Kumar,4,4,1,100.0,4.0,Bhuvneshwar Kumar
2017,BA Stokes,316,227,10,139.21,31.6,Ben Stokes
2017,BB McCullum,320,227,11,140.97,29.09,Brendon McCullum
2017,BCJ Cutting,51,27,2,188.89,25.5,Ben Cutting
2017,Basil Thampi,28,30,0,93.33,,Basil Thampi
2017,Bipul Sharma,31,25,1,124.0,31.0,Bipul Sharma
2017,C de Grandhomme,126,92,8,136.96,15.75,Colin de Grandhomme
2017,CA Lynn,295,175,6,168.57,49.17,Chris Lynn
2017,CH Gayle,200,172,9,116.28,22.22,Chris Gayle
2017,CH Morris,154,97,5,158.76,30.8,Chris Morris
2017,CJ Anderson,142,130,7,109.23,20.29,Corey Anderson
2017,CJ Jordan,0,1,1,0.0,0.0,Chris Jordan
2017,CR Brathwaite,12,16,2,75.0,6.0,Carlos Brathwaite
2017,CR Woakes,46,47,3,97.87,15.33,Chris Woakes
2017,DA Miller,83,82,3,101.22,27.67,David Miller
2017,DA Warner,641,462,11,138.74,58.27,David Warner
2017,DJ Hooda,78,53,3,147.17,26.0,Deepak Hooda
2017,DL Chahar,14,6,1,233.33,14.0,Deepak Chahar
2017,DM Bravo,6,5,0,120.0,,Darren Bravo
2017,DR Smith,239,158,10,151.27,23.9,Dwayne Smith
2017,DS Kulkarni,1,2,1,50.0,1.0,Dhawal Kulkarni
2017,DT Christian,79,52,5,151.92,15.8,Daniel Christian
2017,EJG Morgan,65,62,4,104.84,16.25,Eoin Morgan
2017,F du Plessis,8,7,1,114.29,8.0,Faf du Plessis
2017,G Gambhir,498,405,12,122.96,41.5,Gautam Gambhir
2017,GJ Maxwell,310,186,10,166.67,31.0,Glenn Maxwell
2017,HH Pandya,250,172,7,145.35,35.71,Hardik Pandya
2017,HM Amla,420,296,7,141.89,60.0,HM Amla
2017,Harbhajan Singh,16,17,1,94.12,16.0,Harbhajan Singh
2017,I Sharma,8,13,2,61.54,4.0,Ishant Sharma
2017,IK Pathan,2,3,1,66.67,2.0,Irfan Pathan
2017,IR Jaggi,33,40,1,82.5,33.0,Ishank Jaggi
2017,Imran Tahir,0,2,0,0.0,,Imran Tahir
2017,Iqbal Abdulla,5,7,0,71.43,,Iqbal Abdulla
2017,Ishan Kishan,277,214,10,129.44,27.7,Ishan Kishan
2017,JC Buttler,273,186,9,146.77,30.33,Jos Buttler
2017,JD Unadkat,2,5,0,40.0,,Jaydev Unadkat
2017,JJ Bumrah,16,12,1,133.33,16.0,Jasprit Bumrah
2017,JJ Roy,59,41,2,143.9,29.5,Jason Roy
2017,JP Faulkner,54,60,4,90.0,13.5,James Faulkner
2017,K Rabada,55,68,3,80.88,18.33,Kagiso Rabada
2017,KA Pollard,395,294,14,134.35,28.21,Kieron Pollard
2017,KC Cariappa,2,7,2,28.57,1.0,KC Cariappa
2017,KD Karthik,361,268,9,134.7,40.11,KD Karthik
2017,KH Pandya,243,186,7,130.65,34.71,Krunal Pandya
2017,KK Nair,281,229,12,122.71,23.42,Karun Nair
2017,KM Jadhav,267,194,11,137.63,24.27,Kedar Jadhav
2017,KS Williamson,256,170,5,150.59,51.2,Kane Williamson
2017,KV Sharma,49,42,6,116.67,8.17,Karn Sharma
2017,Kuldeep Yadav,20,22,2,90.91,10.0,Kuldip Yadav
2017,LH Ferguson,1,1,0,100.0,,Lockie Ferguson
2017,LMP Simmons,137,116,6,118.1,22.83,LMP Simmons
2017,M Vohra,229,170,9,134.71,25.44,Manan Vohra
2017,MA Agarwal,26,29,3,89.66,8.67,Mayank Agarwal
2017,MC Henriques,277,205,6,135.12,46.17,Moises Henriques
2017,MG Johnson,20,17,0,117.65,,Mitchell Johnson
2017,MJ Guptill,132,88,6,150.0,22.0,Martin Guptill
2017,MJ McClenaghan,16,16,3,100.0,5.33,Mitchell McClenaghan
2017,MK Pandey,396,315,8,125.71,49.5,Manish Pandey
2017,MK Tiwary,324,242,9,133.88,36.0,Manoj Tiwary
2017,MM Patel,0,1,1,0.0,0.0,Munaf Patel
2017,MM Sharma,51,51,6,100.0,8.5,Mohit Sharma
2017,MN Samuels,29,32,3,90.62,9.67,MN Samuels
2017,MP Stoinis,17,25,3,68.0,5.67,Marcus Stoinis
2017,MS Dhoni,290,261,11,111.11,26.36,MS Dhoni
2017,Mandeep Singh,188,178,10,105.62,18.8,Mandeep Singh
2017,Mohammad Nabi,2,3,1,66.67,2.0,Mohammad Nabi
2017,Mohammed Shami,36,24,4,150.0,9.0,Mohammed Shami
2017,N Rana,333,277,11,120.22,30.27,Nitish Rana
2017,NM Coulter-Nile,14,13,3,107.69,4.67,Nathan Coulter-Nile
2017,NV Ojha,79,70,4,112.86,19.75,Naman Ojha
2017,P Kumar,8,9,1,88.89,8.0,Praveen Kumar
2017,P Negi,144,114,8,126.32,18.0,Pawan Negi
2017,PA Patel,395,308,16,128.25,24.69,Parthiv Patel
2017,PJ Cummins,77,54,5,142.59,15.4,Patrick Cummins
2017,PJ Sangwan,2,4,2,50.0,1.0,Pradeep Sangwan
2017,PP Chawla,2,6,1,33.33,2.0,Piyush Chawla
2017,R Bhatia,16,17,1,94.12,16.0,Rajat Bhatia
2017,R Tewatia,19,11,1,172.73,19.0,Rahul Tewatia
2017,RA Jadeja,158,118,4,133.9,39.5,Ravindra Jadeja
2017,RA Tripathi,391,275,12,142.18,32.58,Rahul Tripathi
2017,RD Chahar,3,2,0,150.0,,Rahul Chahar
2017,RG Sharma,333,278,14,119.78,23.79,Rohit Sharma
2017,RR Pant,366,226,14,161.95,26.14,Rishabh Pant
2017,RV Uthappa,388,239,12,162.34,32.33,Robin Uthappa
2017,Rashid Khan,11,9,2,122.22,5.5,Rashid Khan
2017,S Aravind,32,40,3,80.0,10.67,S Aravind
2017,S Badree,13,25,5,52.0,2.6,Samuel Badree
2017,S Dhawan,479,383,13,125.07,36.85,Shikhar Dhawan
2017,S Kaul,0,2,0,0.0,,Siddharth Kaul
2017,S Nadeem,2,9,3,22.22,0.67,Shahbaz Nadeem
2017,SA Yadav,105,89,5,117.98,21.0,Sonu Yadav
2017,SE Marsh,264,198,8,133.33,33.0,Shaun Marsh
2017,SK Raina,442,310,10,142.58,44.2,SK Raina
2017,SL Malinga,7,3,0,233.33,,SL Malinga
2017,SN Thakur,0,3,3,0.0,0.0,Shardul Thakur
2017,SP Jackson,38,31,2,122.58,19.0,Sheldon Jackson
2017,SP Narine,224,135,12,165.93,18.67,Sunil Narine
2017,SPD Smith,472,400,12,118.0,39.33,Steve Smith
2017,SR Watson,71,80,6,88.75,11.83,Shane Watson
2017,SS Iyer,338,249,10,135.74,33.8,Shreyas Iyer
2017,SS Tiwary,52,46,0,113.04,,Saurabh Tiwary
2017,STR Binny,78,77,5,101.3,15.6,Stuart Binny
2017,SV Samson,386,275,13,140.36,29.69,Sanju Samson
2017,SW Billings,138,107,6,128.97,23.0,Sam Billings
2017,Sachin Baby,15,17,3,88.24,5.0,Sachin Baby
2017,Sandeep Sharma,7,7,0,100.0,,Sandeep Sharma
2017,Shakib Al Hasan,1,1,0,100.0,,Shakib al Hasan
2017,Swapnil Singh,12,19,2,63.16,6.0,Swapnil Singh
2017,TA Boult,5,8,0,62.5,,Trent Boult
2017,TG Southee,7,3,0,233.33,,Tim Southee
2017,TM Head,151,109,4,138.53,37.75,Travis Head
2017,TS Mills,8,11,3,72.73,2.67,Tymal Mills
2017,UT Yadav,10,13,0,76.92,,Upendra Yadav
2017,V Kohli,308,257,10,119.84,30.8,Virat Kohli
2017,V Shankar,101,77,2,131.17,50.5,Vijay Shankar
2017,VR Aaron,4,11,1,36.36,4.0,Varun Aaron
2017,Vishnu Vinod,19,26,3,73.08,6.33,Vishnu Vinod
2017,WP Saha,234,194,10,120.62,23.4,Wriddhiman Saha
2017,Washington Sundar,9,12,0,75.0,,Washington Sundar
2017,YK Pathan,143,123,8,116.26,17.88,Yusuf Pathan
2017,YS Chahal,13,26,2,50.0,6.5,Yuzvendra Chahal
2017,Yuvraj Singh,252,188,9,134.04,28.0,Yuvraj Singh
2017,Z Khan,4,13,1,30.77,4.0,Zaheer Khan
2018,A Dananjaya,4,5,0,80.0,,Akila Dananjaya
2018,A Mishra,1,2,0,50.0,,Amit Mishra
2018,AB de Villiers,480,280,9,171.43,53.33,AB de Villiers
2018,AD Hales,148,119,6,124.37,24.67,Alex Hales
2018,AD Nath,9,13,1,69.23,9.0,Akshdeep Nath
2018,AD Russell,316,179,11,176.54,28.73,Andre Russell
2018,AJ Finch,134,102,8,131.37,16.75,Aaron Finch
2018,AJ Tye,32,40,6,80.0,5.33,Andrew Tye
2018,AM Rahane,370,321,13,115.26,28.46,Ajinkya Rahane
2018,AR Patel,80,71,6,112.68,13.33,Akshar Patel
2018,AS Rajpoot,11,18,2,61.11,5.5,Ankit Rajpoot
2018,AT Rayudu,602,410,13,146.83,46.31,Ambati Rayudu
2018,Abhishek Sharma,63,35,1,180.0,63.0,Abhishek Sharma
2018,Anureet Singh,3,4,0,75.0,,Anureet Singh
2018,B Kumar,13,18,1,72.22,13.0,Bhuvneshwar Kumar
2018,B Laughlin,1,4,1,25.0,1.0,Ben Laughlin
2018,B Stanlake,5,2,0,250.0,,Billy Stanlake
2018,BA Stokes,196,166,12,118.07,16.33,Ben Stokes
2018,BB McCullum,127,91,6,139.56,21.17,Brendon McCullum
2018,BB Sran,3,7,1,42.86,3.0,Barinder Sran
2018,BCJ Cutting,96,59,4,162.71,24.0,Ben Cutting
2018,Basil Thampi,3,6,1,50.0,3.0,Basil Thampi
2018,C Munro,63,41,4,153.66,15.75,Colin Munro
2018,C de Grandhomme,131,87,4,150.57,32.75,Colin de Grandhomme
2018,CA Lynn,491,382,14,128.53,35.07,Chris Lynn
2018,CH Gayle,368,261,9,141.0,40.89,Chris Gayle
2018,CH Morris,46,26,1,176.92,46.0,Chris Morris
2018,CJ Anderson,17,22,3,77.27,5.67,Corey Anderson
2018,CR Brathwaite,75,54,3,138.89,25.0,Carlos Brathwaite
2018,CR Woakes,17,19,2,89.47,8.5,Chris Woakes
2018,DA Miller,74,66,2,112.12,37.0,David Miller
2018,DJ Bravo,141,93,4,151.61,35.25,Dwayne Bravo
2018,DJ Hooda,87,86,4,101.16,21.75,Deepak Hooda
2018,DJM Short,115,102,7,112.75,16.43,D'Arcy Short
2018,DL Chahar,50,30,3,166.67,16.67,Deepak Chahar
2018,DR Shorey,8,9,1,88.89,8.0,Dhruv Shorey
2018,DS Kulkarni,6,7,0,85.71,,Dhawal Kulkarni
2018,DT Christian,26,33,1,78.79,26.0,Daniel Christian
2018,E Lewis,382,290,13,131.72,29.38,Evin Lewis
2018,F du Plessis,162,130,5,124.62,32.4,Faf du Plessis
2018,G Gambhir,85,91,4,93.41,21.25,Gautam Gambhir
2018,GJ Maxwell,169,122,10,138.52,16.9,Glenn Maxwell
2018,H Klaasen,57,48,3,118.75,19.0,Heinrich Klaasen
2018,HH Pandya,260,205,9,126.83,28.89,Hardik Pandya
2018,HV Patel,60,33,0,181.82,,Harshal Patel
2018,Harbhajan Singh,29,38,2,76.32,14.5,Harbhajan Singh
2018,IS Sodhi,1,6,1,16.67,1.0,IS Sodhi
2018,Imran Tahir,2,2,0,100.0,,Imran Tahir
2018,Ishan Kishan,275,187,12,147.06,22.92,Ishan Kishan
2018,JC Archer,15,21,5,71.43,3.0,Jofra Archer
2018,JC Buttler,548,365,10,150.14,54.8,Jos Buttler
2018,JD Unadkat,49,38,4,128.95,12.25,Jaydev Unadkat
2018,JJ Bumrah,10,11,1,90.91,10.0,Jasprit Bumrah
2018,JJ Roy,120,98,4,122.45,30.0,Jason Roy
2018,JP Duminy,36,46,1,78.26,36.0,Jean-Paul Duminy
2018,JPR Scantlebury-Searles,8,6,1,133.33,8.0,JPR Scantlebury-Searles
2018,K Gowtham,126,67,9,188.06,14.0,K Gowtham
2018,KA Pollard,133,104,7,127.88,19.0,Kieron Pollard
2018,KD Karthik,498,349,9,142.69,55.33,KD Karthik
2018,KH Pandya,228,164,9,139.02,25.33,Krunal Pandya
2018,KK Nair,301,225,12,133.78,25.08,Karun Nair
2018,KL Rahul,659,426,12,154.69,54.92,KL Rahul
2018,KM Jadhav,24,23,0,104.35,,Kedar Jadhav
2018,KS Williamson,735,522,14,140.8,52.5,Kane Williamson
2018,Kuldeep Yadav,12,25,1,48.0,12.0,Kuldip Yadav
2018,LE Plunkett,1,3,1,33.33,1.0,LE Plunkett
2018,M Ashwin,1,2,1,50.0,1.0,Murugan Ashwin
2018,M Markande,21,25,2,84.0,10.5,Mayank Markande
2018,M Prasidh Krishna,1,5,0,20.0,,M Prasidh Krishna
2018,M Vijay,12,11,1,109.09,12.0,Murali Vijay
2018,M Vohra,55,50,4,110.0,13.75,Manan Vohra
2018,MA Agarwal,120,94,10,127.66,12.0,Mayank Agarwal
2018,MA Wood,1,5,1,20.0,1.0,Mark Wood
2018,MG Johnson,16,11,0,145.45,,Mitchell Johnson
2018,MJ McClenaghan,11,12,2,91.67,5.5,Mitchell McClenaghan
2018,MK Lomror,20,21,1,95.24,20.0,Mahipal Lomror
2018,MK Pandey,284,257,11,110.51,25.82,Manish Pandey
2018,MK Tiwary,47,45,3,104.44,15.67,Manoj Tiwary
2018,MM Ali,77,46,4,167.39,19.25,Moeen Ali
2018,MM Sharma,10,14,1,71.43,10.0,Mohit Sharma
2018,MP Stoinis,99,78,4,126.92,24.75,Marcus Stoinis
2018,MS Dhoni,455,321,6,141.74,75.83,MS Dhoni
2018,Mandeep Singh,252,193,10,130.57,25.2,Mandeep Singh
2018,Mohammad Nabi,18,12,2,150.0,9.0,Mohammad Nabi
2018,Mohammed Shami,7,6,1,116.67,7.0,Mohammed Shami
2018,Mohammed Siraj,25,23,2,108.7,12.5,Mohammed Siraj
2018,Mujeeb Ur Rahman,10,7,1,142.86,10.0,Mujeeb Ur Rahman
2018,Mustafizur Rahman,1,3,1,33.33,1.0,Mustafizur Rahman
2018,N Rana,304,238,14,127.73,21.71,Nitish Rana
2018,NV Ojha,1,4,1,25.0,1.0,Naman Ojha
2018,P Chopra,8,6,1,133.33,8.0,Prashant Chopra
2018,P Negi,3,5,1,60.0,3.0,Pawan Negi
2018,PA Patel,153,109,5,140.37,30.6,Parthiv Patel
2018,PJ Sangwan,0,5,1,0.0,0.0,Pradeep Sangwan
2018,PP Chawla,27,36,4,75.0,6.75,Piyush Chawla
2018,PP Shaw,245,165,8,148.48,30.62,Prithvi Shaw
2018,Q de Kock,201,164,7,122.56,28.71,Quinton de Kock
2018,R Ashwin,102,76,8,134.21,12.75,Ravichandran Ashwin
2018,R Tewatia,50,47,3,106.38,16.67,Rahul Tewatia
2018,R Vinay Kumar,6,4,0,150.0,,Rajan Kumar
2018,RA Jadeja,89,80,5,111.25,17.8,Ravindra Jadeja
2018,RA Tripathi,226,173,9,130.64,25.11,Rahul Tripathi
2018,RG Sharma,286,223,12,128.25,23.83,Rohit Sharma
2018,RK Bhui,0,5,1,0.0,0.0,Ricky Bhui
2018,RK Singh,29,34,4,85.29,7.25,Rinku Singh
2018,RR Pant,684,412,13,166.02,52.62,Rishabh Pant
2018,RV Uthappa,351,274,16,128.1,21.94,Robin Uthappa
2018,Rashid Khan,59,32,5,184.38,11.8,Rashid Khan
2018,S Dhawan,497,379,14,131.13,35.5,Shikhar Dhawan
2018,S Gopal,50,47,2,106.38,25.0,Shreyas Gopal
2018,S Kaul,3,14,2,21.43,1.5,Siddharth Kaul
2018,S Nadeem,6,8,0,75.0,,Shahbaz Nadeem
2018,SA Yadav,512,391,14,130.95,36.57,Sonu Yadav
2018,SK Raina,445,354,12,125.71,37.08,SK Raina
2018,SN Khan,51,43,5,118.6,10.2,Sarfaraz Khan
2018,SN Thakur,15,5,0,300.0,,Shardul Thakur
2018,SP Goswami,52,42,3,123.81,17.33,Shreevats Goswami
2018,SP Narine,357,198,16,180.3,22.31,Sunil Narine
2018,SR Watson,555,368,13,150.82,42.69,Shane Watson
2018,SS Iyer,411,317,10,129.65,41.1,Shreyas Iyer
2018,STR Binny,44,39,4,112.82,11.0,Stuart Binny
2018,SV Samson,441,325,14,135.69,31.5,Sanju Samson
2018,SW Billings,108,78,8,138.46,13.5,Sam Billings
2018,Sandeep Sharma,0,4,2,0.0,0.0,Sandeep Sharma
2018,Shakib Al Hasan,239,203,9,117.73,26.56,Shakib al Hasan
2018,Shivam Mavi,13,15,3,86.67,4.33,Shivam Mavi
2018,Shubman Gill,203,142,5,142.96,40.6,Shubman Gill
2018,TA Boult,0,2,1,0.0,0.0,Trent Boult
2018,TG Southee,52,46,2,113.04,26.0,Tim Southee
2018,TK Curran,23,28,3,82.14,7.67,Tom Curran
2018,UT Yadav,3,12,4,25.0,0.75,Upendra Yadav
2018,V Kohli,530,385,11,137.66,48.18,Virat Kohli
2018,V Shankar,212,156,4,135.9,53.0,Vijay Shankar
2018,WP Saha,122,108,8,112.96,15.25,Wriddhiman Saha
2018,Washington Sundar,65,40,3,162.5,21.67,Washington Sundar
2018,YK Pathan,260,211,9,123.22,28.89,Yusuf Pathan
2018,YS Chahal,0,4,0,0.0,,Yuzvendra Chahal
2018,Yuvraj Singh,65,74,5,87.84,13.0,Yuvraj Singh
2019,A Mishra,21,26,2,80.77,10.5,Amit Mishra
2019,AB de Villiers,442,294,10,150.34,44.2,AB de Villiers
2019,AD Nath,61,58,5,105.17,12.2,Akshdeep Nath
2019,AD Russell,514,274,10,187.59,51.4,Andre Russell
2019,AJ Turner,3,11,3,27.27,1.0,Ashton Turner
2019,AJ Tye,0,2,0,0.0,,Andrew Tye
2019,AM Rahane,393,289,12,135.99,32.75,Ajinkya Rahane
2019,AR Patel,110,90,6,122.22,18.33,Akshar Patel
2019,AS Joseph,15,13,0,115.38,,Alzarri Joseph
2019,AT Rayudu,282,307,12,91.86,23.5,Ambati Rayudu
2019,Abhishek Sharma,9,10,2,90.0,4.5,Abhishek Sharma
2019,Avesh Khan,4,3,0,133.33,,Avesh Khan
2019,B Kumar,12,19,3,63.16,4.0,Bhuvneshwar Kumar
2019,BA Stokes,123,100,6,123.0,20.5,Ben Stokes
2019,BB Sran,3,3,0,100.0,,Barinder Sran
2019,BCJ Cutting,18,17,2,105.88,9.0,Ben Cutting
2019,Basil Thampi,1,1,0,100.0,,Basil Thampi
2019,C Munro,84,72,4,116.67,21.0,Colin Munro
2019,C de Grandhomme,46,50,2,92.0,23.0,Colin de Grandhomme
2019,CA Ingram,184,157,10,117.2,18.4,Colin Ingram
2019,CA Lynn,405,296,13,136.82,31.15,Chris Lynn
2019,CH Gayle,490,338,12,144.97,40.83,Chris Gayle
2019,CH Morris,32,38,6,84.21,5.33,Chris Morris
2019,CR Brathwaite,11,10,2,110.0,5.5,Carlos Brathwaite
2019,DA Miller,213,174,8,122.41,26.62,David Miller
2019,DA Warner,692,496,10,139.52,69.2,David Warner
2019,DJ Bravo,80,68,5,117.65,16.0,Dwayne Bravo
2019,DJ Hooda,64,68,6,94.12,10.67,Deepak Hooda
2019,DL Chahar,7,10,2,70.0,3.5,Deepak Chahar
2019,DR Shorey,5,11,1,45.45,5.0,Dhruv Shorey
2019,DS Kulkarni,5,3,0,166.67,,Dhawal Kulkarni
2019,E Lewis,48,53,3,90.57,16.0,Evin Lewis
2019,F du Plessis,396,326,11,121.47,36.0,Faf du Plessis
2019,GC Viljoen,3,7,2,42.86,1.5,GC Viljoen
2019,GH Vihari,4,8,2,50.0,2.0,GH Vihari
2019,Gurkeerat Singh,98,73,3,134.25,32.67,Gurkeerat Singh
2019,H Klaasen,9,10,2,90.0,4.5,Heinrich Klaasen
2019,HF Gurney,1,5,0,20.0,,Harry Gurney
2019,HH Pandya,409,225,9,181.78,45.44,Hardik Pandya
2019,HV Patel,0,3,1,0.0,0.0,Harshal Patel
2019,Harbhajan Singh,1,3,1,33.33,1.0,Harbhajan Singh
2019,Harpreet Brar,20,14,0,142.86,,Harpreet Brar
2019,I Sharma,10,3,0,333.33,,Ishant Sharma
2019,IS Sodhi,6,12,1,50.0,6.0,IS Sodhi
2019,Ishan Kishan,101,104,5,97.12,20.2,Ishan Kishan
2019,J Suchith,6,15,1,40.0,6.0,Jagadeesha Suchith
2019,JC Archer,67,41,2,163.41,33.5,Jofra Archer
2019,JC Buttler,311,213,7,146.01,44.43,Jos Buttler
2019,JD Unadkat,1,3,1,33.33,1.0,Jaydev Unadkat
2019,JJ Bumrah,0,1,0,0.0,,Jasprit Bumrah
2019,JL Denly,0,1,1,0.0,0.0,Joe Denly
2019,JM Bairstow,445,292,8,152.4,55.62,Jonny Bairstow
2019,K Gowtham,18,19,3,94.74,6.0,K Gowtham
2019,K Rabada,14,15,3,93.33,4.67,Kagiso Rabada
2019,KA Pollard,281,186,8,151.08,35.12,Kieron Pollard
2019,KC Cariappa,9,3,0,300.0,,KC Cariappa
2019,KD Karthik,254,180,8,141.11,31.75,KD Karthik
2019,KH Pandya,183,158,11,115.82,16.64,Krunal Pandya
2019,KK Ahmed,0,1,1,0.0,0.0,Khaleel Ahmed
2019,KK Nair,5,6,1,83.33,5.0,Karun Nair
2019,KL Rahul,593,447,11,132.66,53.91,KL Rahul
2019,KM Jadhav,162,172,9,94.19,18.0,Kedar Jadhav
2019,KMA Paul,18,26,4,69.23,4.5,Keemo Paul
2019,KS Williamson,156,134,7,116.42,22.29,Kane Williamson
2019,Kuldeep Yadav,12,8,1,150.0,12.0,Kuldip Yadav
2019,LS Livingstone,70,48,3,145.83,23.33,Liam Livingstone
2019,M Ashwin,3,5,1,60.0,3.0,Murugan Ashwin
2019,M Markande,6,5,1,120.0,6.0,Mayank Markande
2019,M Prasidh Krishna,0,2,1,0.0,0.0,M Prasidh Krishna
2019,M Vijay,64,61,2,104.92,32.0,Murali Vijay
2019,MA Agarwal,332,241,11,137.76,30.18,Mayank Agarwal
2019,MJ Guptill,82,54,3,151.85,27.33,Martin Guptill
2019,MJ McClenaghan,11,16,2,68.75,5.5,Mitchell McClenaghan
2019,MJ Santner,32,25,1,128.0,32.0,Mitchell Santner
2019,MK Lomror,8,3,1,266.67,8.0,Mahipal Lomror
2019,MK Pandey,345,268,9,128.73,38.33,Manish Pandey
2019,MM Ali,220,137,6,160.58,36.67,Moeen Ali
2019,MM Sharma,0,2,0,0.0,,Mohit Sharma
2019,MP Stoinis,211,159,4,132.7,52.75,Marcus Stoinis
2019,MS Dhoni,416,317,4,131.23,104.0,MS Dhoni
2019,Mandeep Singh,165,122,4,135.25,41.25,Mandeep Singh
2019,Mohammad Nabi,121,81,6,149.38,20.17,Mohammad Nabi
2019,Mohammed Shami,1,2,1,50.0,1.0,Mohammed Shami
2019,Mohammed Siraj,4,15,1,26.67,4.0,Mohammed Siraj
2019,Mujeeb Ur Rahman,0,4,1,0.0,0.0,Mujeeb Ur Rahman
2019,N Pooran,168,110,6,152.73,28.0,Nicholas Pooran
2019,N Rana,344,240,10,143.33,34.4,Nitish Rana
2019,NS Naik,7,17,1,41.18,7.0,Nikhil Naik
2019,Navdeep Saini,2,4,1,50.0,2.0,Navdeep Saini
2019,P Negi,9,12,4,75.0,2.25,Pawan Negi
2019,P Ray Barman,19,25,1,76.0,19.0,Prayas Ray Barman
2019,P Simran Singh,16,18,1,88.89,16.0,Prab Simran Singh
2019,PA Patel,373,273,14,136.63,26.64,Parthiv Patel
2019,PP Chawla,42,38,3,110.53,14.0,Piyush Chawla
2019,PP Shaw,353,270,15,130.74,23.53,Prithvi Shaw
2019,Q de Kock,529,404,14,130.94,37.79,Quinton de Kock
2019,R Ashwin,42,28,5,150.0,8.4,Ravichandran Ashwin
2019,R Parag,160,133,4,120.3,40.0,Riyan Parag
2019,R Tewatia,26,22,1,118.18,26.0,Rahul Tewatia
2019,RA Jadeja,106,94,2,112.77,53.0,Ravindra Jadeja
2019,RA Tripathi,141,122,6,115.57,23.5,Rahul Tripathi
2019,RD Chahar,12,11,2,109.09,6.0,Rahul Chahar
2019,RG Sharma,405,319,14,126.96,28.93,Rohit Sharma
2019,RK Bhui,7,13,1,53.85,7.0,Ricky Bhui
2019,RK Singh,37,34,2,108.82,18.5,Rinku Singh
2019,RR Pant,494,311,13,158.84,38.0,Rishabh Pant
2019,RV Uthappa,284,256,9,110.94,31.56,Robin Uthappa
2019,Rashid Khan,34,26,5,130.77,6.8,Rashid Khan
2019,Rasikh Salam,5,4,0,125.0,,Rasikh Salam
2019,S Dhawan,521,391,15,133.25,34.73,Shikhar Dhawan
2019,S Dube,40,33,3,121.21,13.33,Shivam Dube
2019,S Gopal,63,46,4,136.96,15.75,Shreyas Gopal
2019,S Kaul,0,1,1,0.0,0.0,Siddharth Kaul
2019,S Lamichhane,0,1,1,0.0,0.0,Sandeep Lamichhane
2019,SA Yadav,424,327,13,129.66,32.62,Sonu Yadav
2019,SD Lad,15,13,1,115.38,15.0,Siddhesh Lad
2019,SE Rutherford,73,55,5,132.73,14.6,Sherfane Rutherford
2019,SK Raina,383,321,16,119.31,23.94,SK Raina
2019,SM Curran,95,55,4,172.73,23.75,Sam Curran
2019,SN Khan,180,145,4,124.14,45.0,Sarfaraz Khan
2019,SN Thakur,14,7,1,200.0,14.0,Shardul Thakur
2019,SO Hetmyer,90,76,5,118.42,18.0,Shimron Hetmyer
2019,SP Narine,143,90,7,158.89,20.43,Sunil Narine
2019,SPD Smith,319,283,8,112.72,39.88,Steve Smith
2019,SR Watson,398,321,17,123.99,23.41,Shane Watson
2019,SS Iyer,467,399,16,117.04,29.19,Shreyas Iyer
2019,STR Binny,70,42,3,166.67,23.33,Stuart Binny
2019,SV Samson,342,238,9,143.7,38.0,Sanju Samson
2019,SW Billings,0,5,1,0.0,0.0,Sam Billings
2019,Sandeep Sharma,6,4,0,150.0,,Sandeep Sharma
2019,Shakib Al Hasan,9,11,1,81.82,9.0,Shakib al Hasan
2019,Shubman Gill,296,242,9,122.31,32.89,Shubman Gill
2019,TA Boult,7,4,1,175.0,7.0,Trent Boult
2019,TG Southee,9,9,0,100.0,,Tim Southee
2019,UT Yadav,25,26,1,96.15,25.0,Upendra Yadav
2019,V Kohli,464,332,14,139.76,33.14,Virat Kohli
2019,V Shankar,244,196,11,124.49,22.18,Vijay Shankar
2019,VR Aaron,3,7,0,42.86,,Varun Aaron
2019,WP Saha,86,55,5,156.36,17.2,Wriddhiman Saha
2019,Washington Sundar,1,4,2,25.0,0.5,Washington Sundar
2019,Y Prithvi Raj,0,1,0,0.0,,Y Prithvi Raj
2019,YK Pathan,40,47,3,85.11,13.33,Yusuf Pathan
2019,YS Chahal,6,16,2,37.5,3.0,Yuzvendra Chahal
2019,Yuvraj Singh,98,83,4,118.07,24.5,Yuvraj Singh
2020,A Nortje,7,6,1,116.67,7.0,Anrich Nortje
2020,AB de Villiers,460,296,10,155.41,46.0,AB de Villiers
2020,AD Russell,117,82,9,142.68,13.0,Andre Russell
2020,AJ Finch,268,254,12,105.51,22.33,Aaron Finch
2020,AJ Tye,6,7,1,85.71,6.0,Andrew Tye
2020,AM Rahane,113,113,8,100.0,14.12,Ajinkya Rahane
2020,AR Patel,117,90,8,130.0,14.62,Akshar Patel
2020,AS Rajpoot,9,10,1,90.0,9.0,Ankit Rajpoot
2020,AT Carey,32,29,2,110.34,16.0,Alex Carey
2020,AT Rayudu,359,289,9,124.22,39.89,Ambati Rayudu
2020,Abdul Samad,113,68,6,166.18,18.83,Abdul Samad
2020,Abhishek Sharma,71,59,5,120.34,14.2,Abhishek Sharma
2020,Arshdeep Singh,0,3,1,0.0,0.0,Arshdeep Singh
2020,B Kumar,0,2,1,0.0,0.0,Bhuvneshwar Kumar
2020,BA Stokes,285,207,7,137.68,40.71,Ben Stokes
2020,CH Gayle,295,225,6,131.11,49.17,Chris Gayle
2020,CH Morris,34,21,4,161.9,8.5,Chris Morris
2020,CJ Jordan,29,33,3,87.88,9.67,Chris Jordan
2020,CV Varun,10,16,2,62.5,5.0,CV Varun
2020,D Padikkal,473,398,14,118.84,33.79,Devdutt Padikkal
2020,DA Warner,548,423,14,129.55,39.14,David Warner
2020,DJ Bravo,7,6,2,116.67,3.5,Dwayne Bravo
2020,DJ Hooda,102,74,1,137.84,102.0,Deepak Hooda
2020,DL Chahar,7,12,1,58.33,7.0,Deepak Chahar
2020,DR Sams,0,2,1,0.0,0.0,Daniel Sams
2020,DS Kulkarni,3,2,0,150.0,,Dhawal Kulkarni
2020,DW Steyn,1,2,0,50.0,,Dale Steyn
2020,EJG Morgan,419,314,10,133.44,41.9,Eoin Morgan
2020,F du Plessis,449,329,10,136.47,44.9,Faf du Plessis
2020,GJ Maxwell,108,112,7,96.43,15.43,Glenn Maxwell
2020,Gurkeerat Singh,71,83,0,85.54,,Gurkeerat Singh
2020,HH Pandya,283,167,8,169.46,35.38,Hardik Pandya
2020,HV Patel,21,25,2,84.0,10.5,Harshal Patel
2020,I Udana,15,11,3,136.36,5.0,Isuru Udana
2020,Imran Tahir,13,10,0,130.0,,Imran Tahir
2020,Ishan Kishan,516,361,9,142.94,57.33,Ishan Kishan
2020,JC Archer,113,66,6,171.21,18.83,Jofra Archer
2020,JC Buttler,328,233,10,140.77,32.8,Jos Buttler
2020,JD Unadkat,9,13,1,69.23,9.0,Jaydev Unadkat
2020,JDS Neesham,19,18,2,105.56,9.5,James Neesham
2020,JJ Bumrah,5,3,0,166.67,,Jasprit Bumrah
2020,JL Pattinson,15,13,1,115.38,15.0,JL Pattinson
2020,JM Bairstow,345,284,11,121.48,31.36,Jonny Bairstow
2020,JO Holder,66,54,2,122.22,33.0,Jason Holder
2020,JR Philippe,78,80,4,97.5,19.5,Josh Philippe
2020,K Gowtham,42,27,1,155.56,42.0,K Gowtham
2020,K Rabada,56,52,3,107.69,18.67,Kagiso Rabada
2020,KA Pollard,281,157,6,178.98,46.83,Kieron Pollard
2020,KD Karthik,169,137,12,123.36,14.08,KD Karthik
2020,KH Pandya,109,92,6,118.48,18.17,Krunal Pandya
2020,KK Ahmed,0,2,1,0.0,0.0,Khaleel Ahmed
2020,KK Nair,16,14,2,114.29,8.0,Karun Nair
2020,KL Nagarkoti,22,32,3,68.75,7.33,Kamlesh Nagarkoti
2020,KL Rahul,676,531,14,127.31,48.29,KL Rahul
2020,KM Jadhav,62,68,3,91.18,20.67,Kedar Jadhav
2020,KS Williamson,317,241,7,131.54,45.29,Kane Williamson
2020,Kartik Tyagi,4,6,1,66.67,4.0,Kartik Tyagi
2020,Kuldeep Yadav,13,21,0,61.9,,Kuldip Yadav
2020,LH Ferguson,43,29,0,148.28,,Lockie Ferguson
2020,M Ashwin,4,4,1,100.0,4.0,Murugan Ashwin
2020,M Prasidh Krishna,2,4,0,50.0,,M Prasidh Krishna
2020,M Vijay,32,44,3,72.73,10.67,Murali Vijay
2020,MA Agarwal,432,285,10,151.58,43.2,Mayank Agarwal
2020,MK Lomror,59,54,3,109.26,19.67,Mahipal Lomror
2020,MK Pandey,425,350,13,121.43,32.69,Manish Pandey
2020,MM Ali,12,16,3,75.0,4.0,Moeen Ali
2020,MP Stoinis,352,250,14,140.8,25.14,Marcus Stoinis
2020,MR Marsh,0,1,1,0.0,0.0,Mitchell Marsh
2020,MS Dhoni,200,175,8,114.29,25.0,MS Dhoni
2020,Mandeep Singh,130,111,6,117.12,21.67,Mandeep Singh
2020,Mohammad Nabi,11,8,0,137.5,,Mohammad Nabi
2020,Mohammed Shami,2,3,1,66.67,2.0,Mohammed Shami
2020,Mohammed Siraj,17,14,1,121.43,17.0,Mohammed Siraj
2020,Mujeeb Ur Rahman,1,3,1,33.33,1.0,Mujeeb Ur Rahman
2020,N Jagadeesan,33,31,2,106.45,16.5,N Jagadeesan
2020,N Pooran,353,215,12,164.19,29.42,Nicholas Pooran
2020,N Rana,352,260,13,135.38,27.08,Nitish Rana
2020,NM Coulter-Nile,25,15,1,166.67,25.0,Nathan Coulter-Nile
2020,NS Naik,1,3,1,33.33,1.0,Nikhil Naik
2020,Navdeep Saini,27,27,1,100.0,27.0,Navdeep Saini
2020,P Dubey,7,13,0,53.85,,Pravin Dubey
2020,P Simran Singh,15,15,2,100.0,7.5,Prab Simran Singh
2020,PJ Cummins,146,120,7,121.67,20.86,Patrick Cummins
2020,PK Garg,133,116,9,114.66,14.78,Priyam Garg
2020,PP Shaw,228,170,13,134.12,17.54,Prithvi Shaw
2020,Q de Kock,506,368,15,137.5,33.73,Quinton de Kock
2020,R Ashwin,37,34,3,108.82,12.33,Ravichandran Ashwin
2020,R Parag,86,81,6,106.17,14.33,Riyan Parag
2020,R Tewatia,255,187,6,136.36,42.5,Rahul Tewatia
2020,RA Jadeja,232,142,5,163.38,46.4,Ravindra Jadeja
2020,RA Tripathi,230,186,10,123.66,23.0,Rahul Tripathi
2020,RD Chahar,2,4,0,50.0,,Rahul Chahar
2020,RD Gaikwad,204,173,3,117.92,68.0,Ruturaj Gaikwad
2020,RG Sharma,334,275,12,121.45,27.83,Rohit Sharma
2020,RK Singh,11,11,1,100.0,11.0,Rinku Singh
2020,RR Pant,345,319,10,108.15,34.5,Rishabh Pant
2020,RV Uthappa,196,170,11,115.29,17.82,Robin Uthappa
2020,Rashid Khan,35,32,4,109.38,8.75,Rashid Khan
2020,Ravi Bishnoi,7,12,1,58.33,7.0,Ravi Bishnoi
2020,S Dhawan,618,433,14,142.73,44.14,Shikhar Dhawan
2020,S Dube,129,109,7,118.35,18.43,Shivam Dube
2020,S Gopal,37,41,4,90.24,9.25,Shreyas Gopal
2020,S Nadeem,7,8,1,87.5,7.0,Shahbaz Nadeem
2020,SA Yadav,480,340,9,141.18,53.33,Sonu Yadav
2020,SM Curran,186,145,8,128.28,23.25,Sam Curran
2020,SN Khan,33,30,2,110.0,16.5,Sarfaraz Khan
2020,SN Thakur,12,21,1,57.14,12.0,Shardul Thakur
2020,SO Hetmyer,185,127,8,145.67,23.12,Shimron Hetmyer
2020,SP Goswami,0,5,2,0.0,0.0,Shreevats Goswami
2020,SP Narine,121,92,9,131.52,13.44,Sunil Narine
2020,SPD Smith,311,247,11,125.91,28.27,Steve Smith
2020,SR Watson,299,254,10,117.72,29.9,Shane Watson
2020,SS Cottrell,0,2,1,0.0,0.0,Sheldon Cottrell
2020,SS Iyer,519,433,15,119.86,34.6,Shreyas Iyer
2020,SS Tiwary,103,81,5,127.16,20.6,Saurabh Tiwary
2020,SV Samson,375,242,12,154.96,31.25,Sanju Samson
2020,Sandeep Sharma,12,15,2,80.0,6.0,Sandeep Sharma
2020,Shahbaz Ahmed,1,1,0,100.0,,Shahbaz Ahmed
2020,Shivam Mavi,10,14,2,71.43,5.0,Shivam Mavi
2020,Shubman Gill,440,382,12,115.18,36.67,Shubman Gill
2020,T Banton,18,22,2,81.82,9.0,Tom Banton
2020,T Natarajan,3,5,0,60.0,,T Natarajan
2020,TA Boult,0,1,1,0.0,0.0,Trent Boult
2020,TK Curran,83,63,1,131.75,83.0,Tom Curran
2020,TU Deshpande,21,12,1,175.0,21.0,Tushar Deshpande
2020,UT Yadav,0,2,1,0.0,0.0,Upendra Yadav
2020,V Kohli,471,402,11,117.16,42.82,Virat Kohli
2020,V Shankar,97,99,4,97.98,24.25,Vijay Shankar
2020,VR Aaron,1,10,1,10.0,1.0,Varun Aaron
2020,WP Saha,214,159,2,134.59,107.0,Wriddhiman Saha
2020,Washington Sundar,111,98,6,113.27,18.5,Washington Sundar
2020,YBK Jaiswal,40,44,3,90.91,13.33,Yashasvi Jaiswal
2020,YS Chahal,1,5,1,20.0,1.0,Yuzvendra Chahal
2021,AB de Villiers,313,215,10,145.58,31.3,AB de Villiers
2021,AD Russell,183,127,6,144.09,30.5,Andre Russell
2021,AF Milne,16,19,2,84.21,8.0,Adam Milne
2021,AK Markram,146,123,5,118.7,29.2,Aiden Markram
2021,AM Rahane,8,9,1,88.89,8.0,Ajinkya Rahane
2021,AR Patel,40,52,5,76.92,8.0,Akshar Patel
2021,AT Rayudu,257,175,9,146.86,28.56,Ambati Rayudu
2021,Abdul Samad,111,89,9,124.72,12.33,Abdul Samad
2021,Abhishek Sharma,98,78,6,125.64,16.33,Abhishek Sharma
2021,Anmolpreet Singh,16,14,1,114.29,16.0,Anmolpreet Singh
2021,Anuj Rawat,0,1,1,0.0,0.0,Anuj Rawat
2021,Arshdeep Singh,2,3,0,66.67,,Arshdeep Singh
2021,Avesh Khan,5,3,0,166.67,,Avesh Khan
2021,B Kumar,34,32,1,106.25,34.0,Bhuvneshwar Kumar
2021,BA Stokes,0,3,1,0.0,0.0,Ben Stokes
2021,C Sakariya,16,25,4,64.0,4.0,Chetan Sakariya
2021,CA Lynn,49,36,1,136.11,49.0,Chris Lynn
2021,CH Gayle,193,160,9,120.62,21.44,Chris Gayle
2021,CH Morris,67,53,5,126.42,13.4,Chris Morris
2021,CJ Jordan,32,21,2,152.38,16.0,Chris Jordan
2021,CR Woakes,15,11,0,136.36,,Chris Woakes
2021,CV Varun,2,4,0,50.0,,CV Varun
2021,D Padikkal,411,342,13,120.18,31.62,Devdutt Padikkal
2021,DA Miller,124,115,5,107.83,24.8,David Miller
2021,DA Warner,197,191,6,103.14,32.83,David Warner
2021,DJ Bravo,47,22,1,213.64,47.0,Dwayne Bravo
2021,DJ Hooda,160,125,9,128.0,17.78,Deepak Hooda
2021,DJ Malan,26,26,1,100.0,26.0,Dawid Malan
2021,DL Chahar,1,1,0,100.0,,Deepak Chahar
2021,DR Sams,6,6,1,100.0,6.0,Daniel Sams
2021,DT Christian,14,24,4,58.33,3.5,Daniel Christian
2021,E Lewis,151,96,5,157.29,30.2,Evin Lewis
2021,EJG Morgan,133,142,11,93.66,12.09,Eoin Morgan
2021,F du Plessis,633,471,14,134.39,45.21,Faf du Plessis
2021,FA Allen,6,12,1,50.0,6.0,Fabian Allen
2021,GD Phillips,26,33,2,78.79,13.0,Glenn Phillips
2021,GHS Garton,2,4,1,50.0,2.0,GHS Garton
2021,GJ Maxwell,513,373,11,137.53,46.64,Glenn Maxwell
2021,HH Pandya,127,116,9,109.48,14.11,Hardik Pandya
2021,HV Patel,59,48,4,122.92,14.75,Harshal Patel
2021,Harbhajan Singh,4,4,0,100.0,,Harbhajan Singh
2021,Harpreet Brar,64,61,0,104.92,,Harpreet Brar
2021,Ishan Kishan,241,182,9,132.42,26.78,Ishan Kishan
2021,J Suchith,14,6,0,233.33,,Jagadeesha Suchith
2021,J Yadav,34,26,2,130.77,17.0,Jayant Yadav
2021,JA Richardson,15,25,2,60.0,7.5,Jhye Richardson
2021,JC Buttler,254,173,7,146.82,36.29,Jos Buttler
2021,JD Unadkat,41,32,2,128.12,20.5,Jaydev Unadkat
2021,JDS Neesham,0,2,2,0.0,0.0,James Neesham
2021,JJ Bumrah,16,17,2,94.12,8.0,Jasprit Bumrah
2021,JJ Roy,150,125,5,120.0,30.0,Jason Roy
2021,JM Bairstow,248,179,6,138.55,41.33,Jonny Bairstow
2021,JO Holder,85,73,6,116.44,14.17,Jason Holder
2021,K Rabada,13,6,0,216.67,,Kagiso Rabada
2021,K Yadav,0,4,0,0.0,,K Yadav
2021,KA Jamieson,65,55,3,118.18,21.67,Kyle Jamieson
2021,KA Pollard,245,180,8,136.11,30.62,Kieron Pollard
2021,KD Karthik,223,172,10,129.65,22.3,KD Karthik
2021,KH Pandya,143,126,10,113.49,14.3,Krunal Pandya
2021,KK Ahmed,1,2,1,50.0,1.0,Khaleel Ahmed
2021,KL Nagarkoti,0,2,1,0.0,0.0,Kamlesh Nagarkoti
2021,KL Rahul,626,465,9,134.62,69.56,KL Rahul
2021,KM Jadhav,55,55,4,100.0,13.75,Kedar Jadhav
2021,KS Bharat,191,161,5,118.63,38.2,K. S. Bharat
2021,KS Williamson,270,250,6,108.0,45.0,Kane Williamson
2021,Kartik Tyagi,2,4,1,50.0,2.0,Kartik Tyagi
2021,LH Ferguson,18,13,0,138.46,,Lockie Ferguson
2021,LS Livingstone,42,43,5,97.67,8.4,Liam Livingstone
2021,Lalit Yadav,68,75,2,90.67,34.0,Lalit Yadav
2021,M Ashwin,15,24,2,62.5,7.5,Murugan Ashwin
2021,M Jansen,0,4,2,0.0,0.0,Marco Jansen
2021,M Prasidh Krishna,0,1,0,0.0,,M Prasidh Krishna
2021,M Shahrukh Khan,153,118,6,129.66,25.5,M. Shahrukh Khan
2021,M Vohra,42,40,4,105.0,10.5,Manan Vohra
2021,MA Agarwal,441,324,11,136.11,40.09,Mayank Agarwal
2021,MC Henriques,31,32,2,96.88,15.5,Moises Henriques
2021,MK Lomror,94,76,3,123.68,31.33,Mahipal Lomror
2021,MK Pandey,292,246,6,118.7,48.67,Manish Pandey
2021,MM Ali,357,270,14,132.22,25.5,Moeen Ali
2021,MP Stoinis,89,74,4,120.27,22.25,Marcus Stoinis
2021,MS Dhoni,114,111,7,102.7,16.29,MS Dhoni
2021,Mandeep Singh,15,14,1,107.14,15.0,Mandeep Singh
2021,Mohammad Nabi,34,22,3,154.55,11.33,Mohammad Nabi
2021,Mohammed Shami,13,17,1,76.47,13.0,Mohammed Shami
2021,Mohammed Siraj,20,26,1,76.92,20.0,Mohammed Siraj
2021,Mujeeb Ur Rahman,1,1,0,100.0,,Mujeeb Ur Rahman
2021,Mustafizur Rahman,8,14,0,57.14,,Mustafizur Rahman
2021,N Pooran,85,77,10,110.39,8.5,Nicholas Pooran
2021,N Rana,383,325,13,117.85,29.46,Nitish Rana
2021,NM Coulter-Nile,4,5,2,80.0,2.0,Nathan Coulter-Nile
2021,NT Ellis,18,17,1,105.88,18.0,Nathan Ellis
2021,Navdeep Saini,2,5,1,40.0,2.0,Navdeep Saini
2021,P Simran Singh,19,23,2,82.61,9.5,Prab Simran Singh
2021,PJ Cummins,93,60,3,155.0,31.0,Patrick Cummins
2021,PK Garg,72,75,5,96.0,14.4,Priyam Garg
2021,PP Chawla,0,2,1,0.0,0.0,Piyush Chawla
2021,PP Shaw,479,308,14,155.52,34.21,Prithvi Shaw
2021,PWH de Silva,1,2,1,50.0,1.0,PWH de Silva
2021,Q de Kock,297,261,10,113.79,29.7,Quinton de Kock
2021,R Ashwin,44,43,3,102.33,14.67,Ravichandran Ashwin
2021,R Parag,93,84,8,110.71,11.62,Riyan Parag
2021,R Tewatia,155,152,10,101.97,15.5,Rahul Tewatia
2021,RA Jadeja,227,170,3,133.53,75.67,Ravindra Jadeja
2021,RA Tripathi,397,285,14,139.3,28.36,Rahul Tripathi
2021,RD Chahar,14,15,4,93.33,3.5,Rahul Chahar
2021,RD Gaikwad,635,474,14,133.97,45.36,Ruturaj Gaikwad
2021,RG Sharma,381,307,12,124.1,31.75,Rohit Sharma
2021,RM Patidar,71,65,4,109.23,17.75,Rajat Patidar
2021,RR Pant,424,343,12,123.62,35.33,Rishabh Pant
2021,RV Patel,25,29,1,86.21,25.0,Ripal Patel
2021,RV Uthappa,115,86,4,133.72,28.75,Robin Uthappa
2021,Rashid Khan,83,71,8,116.9,10.38,Rashid Khan
2021,Ravi Bishnoi,1,5,1,20.0,1.0,Ravi Bishnoi
2021,S Dhawan,587,480,15,122.29,39.13,Shikhar Dhawan
2021,S Dube,230,205,8,112.2,28.75,Shivam Dube
2021,S Gopal,7,5,1,140.0,7.0,Shreyas Gopal
2021,S Kaul,8,8,0,100.0,,Siddharth Kaul
2021,S Nadeem,0,1,1,0.0,0.0,Shahbaz Nadeem
2021,SA Yadav,317,226,14,140.27,22.64,Sonu Yadav
2021,SK Raina,160,133,7,120.3,22.86,SK Raina
2021,SM Curran,56,30,3,186.67,18.67,Sam Curran
2021,SN Khan,0,4,2,0.0,0.0,Sarfaraz Khan
2021,SN Thakur,5,6,1,83.33,5.0,Shardul Thakur
2021,SO Hetmyer,242,153,6,158.17,40.33,Shimron Hetmyer
2021,SP Narine,62,51,8,121.57,7.75,Sunil Narine
2021,SPD Smith,152,136,6,111.76,25.33,Steve Smith
2021,SS Iyer,175,181,5,96.69,35.0,Shreyas Iyer
2021,SS Tiwary,115,99,2,116.16,57.5,Saurabh Tiwary
2021,SV Samson,484,372,12,130.11,40.33,Sanju Samson
2021,Sachin Baby,7,17,1,41.18,7.0,Sachin Baby
2021,Sandeep Sharma,8,7,0,114.29,,Sandeep Sharma
2021,Shahbaz Ahmed,59,55,7,107.27,8.43,Shahbaz Ahmed
2021,Shakib Al Hasan,47,50,5,94.0,9.4,Shakib al Hasan
2021,Shivam Mavi,25,21,2,119.05,12.5,Shivam Mavi
2021,Shubman Gill,478,415,17,115.18,28.12,Shubman Gill
2021,T Shamsi,2,4,0,50.0,,T Shamsi
2021,TA Boult,1,4,0,25.0,,Trent Boult
2021,TG Southee,3,5,1,60.0,3.0,Tim Southee
2021,TH David,1,3,1,33.33,1.0,Tim David
2021,TK Curran,21,17,1,123.53,21.0,Tom Curran
2021,TL Seifert,2,5,1,40.0,2.0,Tim Seifert
2021,V Kohli,405,347,14,116.71,28.93,Virat Kohli
2021,V Shankar,58,52,5,111.54,11.6,Vijay Shankar
2021,VR Iyer,370,299,9,123.75,41.11,Venkatesh Iyer
2021,Virat Singh,15,26,2,57.69,7.5,Virat Singh
2021,WP Saha,131,144,9,90.97,14.56,Wriddhiman Saha
2021,Washington Sundar,31,48,4,64.58,7.75,Washington Sundar
2021,YBK Jaiswal,249,168,10,148.21,24.9,Yashasvi Jaiswal
2021,YS Chahal,10,27,0,37.04,,Yuzvendra Chahal
2022,A Badoni,161,139,8,115.83,20.12,Ayush Badoni
2022,A Manohar,108,79,6,136.71,18.0,Abhinav Manohar
2022,A Nortje,1,7,0,14.29,,Anrich Nortje
2022,A Tomar,4,8,1,50.0,4.0,Abhijeet Tomar
2022,AD Russell,335,200,9,167.5,37.22,Andre Russell
2022,AJ Finch,86,70,5,122.86,17.2,Aaron Finch
2022,AK Markram,381,277,8,137.55,47.62,Aiden Markram
2022,AM Rahane,133,131,7,101.53,19.0,Ajinkya Rahane
2022,AR Patel,182,122,3,149.18,60.67,Akshar Patel
2022,AS Joseph,5,7,1,71.43,5.0,Alzarri Joseph
2022,AS Roy,0,2,1,0.0,0.0,Anukul Roy
2022,AT Rayudu,274,230,10,119.13,27.4,Ambati Rayudu
2022,Abdul Samad,4,7,2,57.14,2.0,Abdul Samad
2022,Abhishek Sharma,426,329,14,129.48,30.43,Abhishek Sharma
2022,Akash Deep,0,2,1,0.0,0.0,Akash Deep
2022,Aman Hakim Khan,5,3,1,166.67,5.0,Aman Khan
2022,Anmolpreet Singh,13,13,2,100.0,6.5,Anmolpreet Singh
2022,Anuj Rawat,129,123,7,104.88,18.43,Anuj Rawat
2022,Arshdeep Singh,21,30,3,70.0,7.0,Arshdeep Singh
2022,Avesh Khan,22,13,1,169.23,22.0,Avesh Khan
2022,B Indrajith,21,31,3,67.74,7.0,Baba Indrajith
2022,B Kumar,24,28,2,85.71,12.0,Bhuvneshwar Kumar
2022,B Sai Sudharsan,145,118,4,122.88,36.25,B Sai Sudharsan
2022,CJ Jordan,11,9,1,122.22,11.0,Chris Jordan
2022,CV Varun,12,18,0,66.67,,CV Varun
2022,D Brevis,161,116,7,138.79,23.0,Dewald Brevis
2022,D Padikkal,376,317,17,118.61,22.12,Devdutt Padikkal
2022,D Pretorius,44,28,4,157.14,11.0,Dwaine Pretorius
2022,DA Miller,481,348,7,138.22,68.71,David Miller
2022,DA Warner,432,301,9,143.52,48.0,David Warner
2022,DJ Bravo,23,26,2,88.46,11.5,Dwayne Bravo
2022,DJ Hooda,451,340,13,132.65,34.69,Deepak Hooda
2022,DJ Mitchell,33,46,2,71.74,16.5,Daryl Mitchell
2022,DJ Willey,18,32,2,56.25,9.0,David Willey
2022,DP Conway,252,176,6,143.18,42.0,Devon Conway
2022,DR Sams,38,40,7,95.0,5.43,Daniel Sams
2022,E Lewis,73,60,3,121.67,24.33,Evin Lewis
2022,F du Plessis,468,377,15,124.14,31.2,Faf du Plessis
2022,FA Allen,8,7,1,114.29,8.0,Fabian Allen
2022,Fazalhaq Farooqi,2,8,0,25.0,,Fazalhaq Farooqi
2022,GJ Maxwell,301,184,10,163.59,30.1,Glenn Maxwell
2022,HE van der Dussen,22,25,2,88.0,11.0,HE van der Dussen
2022,HH Pandya,487,387,9,125.84,54.11,Hardik Pandya
2022,HR Shokeen,43,48,2,89.58,21.5,Hrithik Shokeen
2022,HV Patel,43,42,4,102.38,10.75,Harshal Patel
2022,Harpreet Brar,22,25,3,88.0,7.33,Harpreet Brar
2022,Harshit Rana,2,2,1,100.0,2.0,Harshit Rana
2022,Ishan Kishan,418,355,13,117.75,32.15,Ishan Kishan
2022,J Suchith,2,8,2,25.0,1.0,Jagadeesha Suchith
2022,JC Buttler,863,596,15,144.8,57.53,Jos Buttler
2022,JD Unadkat,59,37,1,159.46,59.0,Jaydev Unadkat
2022,JDS Neesham,31,27,1,114.81,31.0,James Neesham
2022,JJ Bumrah,0,9,1,0.0,0.0,Jasprit Bumrah
2022,JM Bairstow,253,180,11,140.56,23.0,Jonny Bairstow
2022,JM Sharma,234,149,8,157.05,29.25,Jitesh Sharma
2022,JO Holder,58,46,6,126.09,9.67,Jason Holder
2022,JR Hazlewood,18,27,0,66.67,,Josh Hazlewood
2022,K Gowtham,0,2,1,0.0,0.0,K Gowtham
2022,K Kartikeya,3,6,1,50.0,3.0,Kumar Kartikeya
2022,K Rabada,48,47,4,102.13,12.0,Kagiso Rabada
2022,KA Pollard,144,146,10,98.63,14.4,Kieron Pollard
2022,KD Karthik,330,188,5,175.53,66.0,KD Karthik
2022,KH Pandya,183,150,9,122.0,20.33,Krunal Pandya
2022,KK Ahmed,0,2,2,0.0,0.0,Khaleel Ahmed
2022,KK Nair,16,18,2,88.89,8.0,Karun Nair
2022,KL Rahul,616,472,11,130.51,56.0,KL Rahul
2022,KR Sen,0,3,0,0.0,,Kuldeep Sen
2022,KS Bharat,8,7,2,114.29,4.0,K. S. Bharat
2022,KS Sharma,4,4,1,100.0,4.0,Karan Sharma
2022,KS Williamson,216,235,10,91.91,21.6,Kane Williamson
2022,Kartik Tyagi,7,6,2,116.67,3.5,Kartik Tyagi
2022,Kuldeep Yadav,48,54,1,88.89,48.0,Kuldip Yadav
2022,LH Ferguson,5,4,2,125.0,2.5,Lockie Ferguson
2022,LS Livingstone,437,261,12,167.43,36.42,Liam Livingstone
2022,Lalit Yadav,161,152,6,105.92,26.83,Lalit Yadav
2022,M Ashwin,12,14,2,85.71,6.0,Murugan Ashwin
2022,M Jansen,9,7,1,128.57,9.0,Marco Jansen
2022,M Prasidh Krishna,6,12,1,50.0,6.0,M Prasidh Krishna
2022,M Shahrukh Khan,117,118,7,99.15,16.71,M. Shahrukh Khan
2022,M Theekshana,7,7,1,100.0,7.0,Maheesh Theekshana
2022,M Vohra,19,12,1,158.33,19.0,Manan Vohra
2022,MA Agarwal,196,167,12,117.37,16.33,Mayank Agarwal
2022,MJ Santner,22,30,2,73.33,11.0,Mitchell Santner
2022,MK Lomror,86,60,5,143.33,17.2,Mahipal Lomror
2022,MK Pandey,88,84,6,104.76,14.67,Manish Pandey
2022,MM Ali,244,183,10,133.33,24.4,Moeen Ali
2022,MP Stoinis,156,116,7,134.48,22.29,Marcus Stoinis
2022,MR Marsh,251,192,7,130.73,35.86,Mitchell Marsh
2022,MS Dhoni,232,198,7,117.17,33.14,MS Dhoni
2022,MS Wade,157,145,9,108.28,17.44,Matthew Wade
2022,Mandeep Singh,18,24,3,75.0,6.0,Mandeep Singh
2022,Mohammed Siraj,30,33,2,90.91,15.0,Mohammed Siraj
2022,Mohsin Khan,23,19,1,121.05,23.0,Mohsin Khan
2022,Mukesh Choudhary,6,6,0,100.0,,Mukesh Choudhary
2022,Mustafizur Rahman,3,5,0,60.0,,Mustafizur Rahman
2022,N Jagadeesan,40,40,1,100.0,40.0,N Jagadeesan
2022,N Pooran,306,228,8,134.21,38.25,Nicholas Pooran
2022,N Rana,361,259,13,139.38,27.77,Nitish Rana
2022,NM Coulter-Nile,1,2,0,50.0,,Nathan Coulter-Nile
2022,NT Ellis,0,2,1,0.0,0.0,Nathan Ellis
2022,Navdeep Saini,2,2,1,100.0,2.0,Navdeep Saini
2022,OC McCoy,8,5,0,160.0,,Obed McCoy
2022,OF Smith,51,50,3,102.0,17.0,Odean Smith
2022,P Simran Singh,14,11,1,127.27,14.0,Prab Simran Singh
2022,PBB Rajapaksa,206,137,9,150.36,22.89,PBB Rajapaksa
2022,PJ Cummins,63,24,4,262.5,15.75,Patrick Cummins
2022,PJ Sangwan,2,6,1,33.33,2.0,Pradeep Sangwan
2022,PK Garg,46,33,2,139.39,23.0,Priyam Garg
2022,PN Mankad,4,1,0,400.0,,Prerak Mankad
2022,PP Shaw,283,193,10,146.63,28.3,Prithvi Shaw
2022,PVD Chameera,43,32,3,134.38,14.33,PVD Chameera
2022,PWH de Silva,38,48,7,79.17,5.43,PWH de Silva
2022,Q de Kock,508,350,14,145.14,36.29,Quinton de Kock
2022,R Ashwin,191,140,7,136.43,27.29,Ravichandran Ashwin
2022,R Dhawan,37,41,2,90.24,18.5,Rishi Dhawan
2022,R Parag,183,136,10,134.56,18.3,Riyan Parag
2022,R Powell,250,174,10,143.68,25.0,Rovman Powell
2022,R Sanjay Yadav,0,2,1,0.0,0.0,R Sanjay Yadav
2022,R Shepherd,58,43,2,134.88,29.0,Romario Shepherd
2022,R Tewatia,217,156,7,139.1,31.0,Rahul Tewatia
2022,RA Bawa,11,14,2,78.57,5.5,Raj Angad Bawa
2022,RA Jadeja,116,105,6,110.48,19.33,Ravindra Jadeja
2022,RA Tripathi,413,271,12,152.4,34.42,Rahul Tripathi
2022,RD Chahar,77,70,6,110.0,12.83,Rahul Chahar
2022,RD Gaikwad,368,298,14,123.49,26.29,Ruturaj Gaikwad
2022,RG Sharma,268,234,14,114.53,19.14,Rohit Sharma
2022,RK Singh,174,125,5,139.2,34.8,Rinku Singh
2022,RM Patidar,333,232,6,143.53,55.5,Rajat Patidar
2022,RP Meredith,0,1,0,0.0,,Riley Meredith
2022,RR Pant,340,234,11,145.3,30.91,Rishabh Pant
2022,RV Patel,6,3,1,200.0,6.0,Ripal Patel
2022,RV Uthappa,230,181,11,127.07,20.91,Robin Uthappa
2022,Ramandeep Singh,45,42,2,107.14,22.5,Ramandeep Singh
2022,Rashid Khan,91,44,4,206.82,22.75,Rashid Khan
2022,Rasikh Salam,7,6,1,116.67,7.0,Rasikh Salam
2022,Ravi Bishnoi,0,1,0,0.0,,Ravi Bishnoi
2022,S Dhawan,460,395,12,116.46,38.33,Shikhar Dhawan
2022,S Dube,289,194,9,148.97,32.11,Shivam Dube
2022,S Gopal,9,7,0,128.57,,Shreyas Gopal
2022,SA Abbott,7,5,1,140.0,7.0,Sean Abbott
2022,SA Yadav,303,210,7,144.29,43.29,Sonu Yadav
2022,SE Rutherford,33,52,2,63.46,16.5,Sherfane Rutherford
2022,SN Khan,91,69,3,131.88,30.33,Sarfaraz Khan
2022,SN Thakur,120,90,8,133.33,15.0,Shardul Thakur
2022,SO Hetmyer,314,221,7,142.08,44.86,Shimron Hetmyer
2022,SP Jackson,23,26,4,88.46,5.75,Sheldon Jackson
2022,SP Narine,71,40,7,177.5,10.14,Sunil Narine
2022,SS Iyer,401,310,13,129.35,30.85,Shreyas Iyer
2022,SS Prabhudessai,67,62,5,108.06,13.4,Suyash Prabhudessai
2022,SV Samson,458,321,16,142.68,28.62,Sanju Samson
2022,SW Billings,169,143,7,118.18,24.14,Sam Billings
2022,Shahbaz Ahmed,219,197,7,111.17,31.29,Shahbaz Ahmed
2022,Shashank Singh,69,47,4,146.81,17.25,Shashank Singh
2022,Shivam Mavi,3,8,2,37.5,1.5,Shivam Mavi
2022,Shubman Gill,483,374,14,129.14,34.5,Shubman Gill
2022,Simarjeet Singh,7,8,1,87.5,7.0,Simarjeet Singh
2022,T Stubbs,2,4,1,50.0,2.0,Tristan Stubbs
2022,TA Boult,40,30,2,133.33,20.0,Trent Boult
2022,TG Southee,2,12,4,16.67,0.5,Tim Southee
2022,TH David,186,91,5,204.4,37.2,Tim David
2022,TL Seifert,24,21,2,114.29,12.0,Tim Seifert
2022,TS Mills,0,3,1,0.0,0.0,Tymal Mills
2022,Tilak Varma,397,313,10,126.84,39.7,Tilak Varma
2022,UT Yadav,55,41,4,134.15,13.75,Upendra Yadav
2022,Umran Malik,4,8,1,50.0,4.0,Umran Malik
2022,V Kohli,341,306,14,111.44,24.36,Virat Kohli
2022,V Shankar,19,36,4,52.78,4.75,Vijay Shankar
2022,VG Arora,5,14,2,35.71,2.5,Vaibhav Arora
2022,VR Iyer,182,175,11,104.0,16.55,Venkatesh Iyer
2022,WP Saha,317,266,9,119.17,35.22,Wriddhiman Saha
2022,Washington Sundar,101,76,7,132.89,14.43,Washington Sundar
2022,YBK Jaiswal,258,198,10,130.3,25.8,Yashasvi Jaiswal
2022,YS Chahal,5,8,1,62.5,5.0,Yuzvendra Chahal
2022,Yash Dayal,0,1,1,0.0,0.0,Yash Dayal
2023,A Badoni,238,186,9,127.96,26.44,Ayush Badoni
2023,A Manohar,114,86,6,132.56,19.0,Abhinav Manohar
2023,A Mishra,19,30,1,63.33,19.0,Amit Mishra
2023,A Nortje,37,29,2,127.59,18.5,Anrich Nortje
2023,A Zampa,10,17,3,58.82,3.33,Adam Zampa
2023,AD Russell,227,162,11,140.12,20.64,Andre Russell
2023,AJ Hosein,16,11,0,145.45,,Akeal Hosein
2023,AK Markram,248,200,11,124.0,22.55,Aiden Markram
2023,AM Rahane,326,193,10,168.91,32.6,Ajinkya Rahane
2023,AR Patel,283,216,10,131.02,28.3,Akshar Patel
2023,AS Joseph,7,12,0,58.33,,Alzarri Joseph
2023,AS Roy,23,19,2,121.05,11.5,Anukul Roy
2023,AT Rayudu,158,115,10,137.39,15.8,Ambati Rayudu
2023,AU Rashid,22,17,2,129.41,11.0,Adil Rashid
2023,Abdul Basith,1,1,0,100.0,,Abdul Basith
2023,Abdul Samad,169,131,4,129.01,42.25,Abdul Samad
2023,Abhishek Sharma,226,166,11,136.14,20.55,Abhishek Sharma
2023,Abishek Porel,33,31,4,106.45,8.25,Abishek Porel
2023,Akash Deep,17,8,1,212.5,17.0,Akash Deep
2023,Aman Hakim Khan,110,106,8,103.77,13.75,Aman Khan
2023,Anmolpreet Singh,105,83,4,126.51,26.25,Anmolpreet Singh
2023,Anuj Rawat,91,72,3,126.39,30.33,Anuj Rawat
2023,Arjun Tendulkar,13,9,1,144.44,13.0,Arjun Tendulkar
2023,Arshad Khan,18,15,2,120.0,9.0,Arshad Khan
2023,Arshdeep Singh,2,2,0,100.0,,Arshdeep Singh
2023,Atharva Taide,186,136,6,136.76,31.0,Atharva Taide
2023,Avesh Khan,0,1,0,0.0,,Avesh Khan
2023,B Kumar,42,49,3,85.71,14.0,Bhuvneshwar Kumar
2023,B Sai Sudharsan,362,264,6,137.12,60.33,B Sai Sudharsan
2023,BA Stokes,15,15,2,100.0,7.5,Ben Stokes
2023,C Green,452,287,9,157.49,50.22,Cameron Green
2023,C Sakariya,4,6,1,66.67,4.0,Chetan Sakariya
2023,CJ Jordan,6,13,2,46.15,3.0,Chris Jordan
2023,CV Varun,1,11,0,9.09,,CV Varun
2023,D Padikkal,261,206,10,126.7,26.1,Devdutt Padikkal
2023,D Wiese,21,11,1,190.91,21.0,David Wiese
2023,DA Miller,259,184,8,140.76,32.38,David Miller
2023,DA Warner,516,406,13,127.09,39.69,David Warner
2023,DG Nalkande,0,1,1,0.0,0.0,Darshan Nalkande
2023,DJ Hooda,84,93,10,90.32,8.4,Deepak Hooda
2023,DJ Willey,35,32,0,109.38,,David Willey
2023,DL Chahar,1,2,0,50.0,,Deepak Chahar
2023,DP Conway,672,493,13,136.31,51.69,Devon Conway
2023,Dhruv Jurel,152,93,6,163.44,25.33,Dhruv Jurel
2023,F du Plessis,730,483,13,151.14,56.15,Faf du Plessis
2023,Fazalhaq Farooqi,1,5,0,20.0,,Fazalhaq Farooqi
2023,GD Phillips,39,22,5,177.27,7.8,Glenn Phillips
2023,GJ Maxwell,400,225,12,177.78,33.33,Glenn Maxwell
2023,H Klaasen,448,262,9,170.99,49.78,Heinrich Klaasen
2023,HC Brook,190,159,9,119.5,21.11,Harry Brook
2023,HH Pandya,346,254,11,136.22,31.45,Hardik Pandya
2023,HR Shokeen,23,19,1,121.05,23.0,Hrithik Shokeen
2023,HV Patel,6,6,2,100.0,3.0,Harshal Patel
2023,Harpreet Brar,52,42,6,123.81,8.67,Harpreet Brar
2023,Harpreet Singh,76,59,2,128.81,38.0,Harpreet Singh
2023,Harshit Rana,0,1,1,0.0,0.0,Harshit Rana
2023,I Sharma,1,1,0,100.0,,Ishant Sharma
2023,Ishan Kishan,454,325,15,139.69,30.27,Ishan Kishan
2023,JC Archer,4,4,0,100.0,,Jofra Archer
2023,JC Buttler,392,298,14,131.54,28.0,Jos Buttler
2023,JD Unadkat,9,7,1,128.57,9.0,Jaydev Unadkat
2023,JE Root,10,15,1,66.67,10.0,Joe Root
2023,JJ Roy,285,196,8,145.41,35.62,Jason Roy
2023,JM Sharma,309,205,13,150.73,23.77,Jitesh Sharma
2023,JO Holder,12,12,2,100.0,6.0,Jason Holder
2023,JP Behrendorff,6,9,0,66.67,,Jason Behrendorff
2023,JR Hazlewood,1,2,0,50.0,,Josh Hazlewood
2023,K Gowtham,61,44,4,138.64,15.25,K Gowtham
2023,K Kartikeya,6,7,1,85.71,6.0,Kumar Kartikeya
2023,K Rabada,0,2,1,0.0,0.0,Kagiso Rabada
2023,KD Karthik,140,106,11,132.08,12.73,KD Karthik
2023,KH Pandya,188,172,10,109.3,18.8,Krunal Pandya
2023,KL Rahul,274,247,8,110.93,34.25,KL Rahul
2023,KM Asif,0,2,1,0.0,0.0,KM Asif
2023,KM Jadhav,12,10,0,120.0,,Kedar Jadhav
2023,KR Mayers,379,276,13,137.32,29.15,Kyle Mayers
2023,KS Sharma,12,21,2,57.14,6.0,Karan Sharma
2023,KV Sharma,3,5,2,60.0,1.5,Karn Sharma
2023,Kuldeep Yadav,31,50,2,62.0,15.5,Kuldip Yadav
2023,LS Livingstone,279,175,8,159.43,34.88,Liam Livingstone
2023,Lalit Yadav,66,62,5,106.45,13.2,Lalit Yadav
2023,Liton Das,4,4,1,100.0,4.0,Litton Das
2023,M Jansen,39,45,3,86.67,13.0,Marco Jansen
2023,M Markande,21,14,0,150.0,,Mayank Markande
2023,M Shahrukh Khan,156,100,7,156.0,22.29,M. Shahrukh Khan
2023,M Vohra,10,11,1,90.91,10.0,Manan Vohra
2023,MA Agarwal,270,219,10,123.29,27.0,Mayank Agarwal
2023,MA Wood,11,5,1,220.0,11.0,Mark Wood
2023,MD Shanaka,26,26,2,100.0,13.0,MD Shanaka
2023,MG Bracewell,58,49,2,118.37,29.0,MG Bracewell
2023,MJ Santner,2,4,0,50.0,,Mitchell Santner
2023,MK Lomror,135,101,8,133.66,16.88,Mahipal Lomror
2023,MK Pandey,160,149,9,107.38,17.78,Manish Pandey
2023,MM Ali,124,92,7,134.78,17.71,Moeen Ali
2023,MM Sharma,0,1,0,0.0,,Mohit Sharma
2023,MP Stoinis,408,281,13,145.2,31.38,Marcus Stoinis
2023,MR Marsh,128,97,8,131.96,16.0,Mitchell Marsh
2023,MS Dhoni,104,63,4,165.08,26.0,MS Dhoni
2023,MW Short,117,99,6,118.18,19.5,MW Short
2023,Mandeep Singh,14,16,3,87.5,4.67,Mandeep Singh
2023,Mohammed Shami,5,8,2,62.5,2.5,Mohammed Shami
2023,Mohammed Siraj,1,2,1,50.0,1.0,Mohammed Siraj
2023,Mohit Rathee,1,2,0,50.0,,Mohit Rathee
2023,Mohsin Khan,0,7,1,0.0,0.0,Mohsin Khan
2023,Mukesh Kumar,7,10,0,70.0,,Mukesh Kumar
2023,Mustafizur Rahman,1,1,0,100.0,,Mustafizur Rahman
2023,N Jagadeesan,89,84,6,105.95,14.83,N Jagadeesan
2023,N Pooran,358,217,11,164.98,32.55,Nicholas Pooran
2023,N Rana,413,303,13,136.3,31.77,Nitish Rana
2023,N Wadhera,241,171,9,140.94,26.78,Nehal Wadhera
2023,NT Ellis,1,7,2,14.29,0.5,Nathan Ellis
2023,Naveen-ul-Haq,16,22,1,72.73,16.0,Naveen-ul-Haq
2023,Noor Ahmad,8,9,2,88.89,4.0,Noor Ahmad
2023,P Dubey,16,20,1,80.0,16.0,Pravin Dubey
2023,P Simran Singh,358,245,14,146.12,25.57,Prab Simran Singh
2023,PBB Rajapaksa,71,64,3,110.94,23.67,PBB Rajapaksa
2023,PD Salt,218,135,8,161.48,27.25,Phil Salt
2023,PK Garg,22,23,2,95.65,11.0,Priyam Garg
2023,PN Mankad,93,74,3,125.68,31.0,Prerak Mankad
2023,PP Chawla,25,22,2,113.64,12.5,Piyush Chawla
2023,PP Shaw,106,90,8,117.78,13.25,Prithvi Shaw
2023,PWH de Silva,33,30,2,110.0,16.5,PWH de Silva
2023,Q de Kock,143,103,4,138.83,35.75,Quinton de Kock
2023,R Ashwin,67,55,5,121.82,13.4,Ravichandran Ashwin
2023,R Dhawan,20,12,1,166.67,20.0,Rishi Dhawan
2023,R Parag,78,68,6,114.71,13.0,Riyan Parag
2023,R Powell,7,9,3,77.78,2.33,Rovman Powell
2023,R Shepherd,0,1,1,0.0,0.0,Romario Shepherd
2023,R Tewatia,87,61,4,142.62,21.75,Rahul Tewatia
2023,RA Jadeja,190,138,8,137.68,23.75,Ravindra Jadeja
2023,RA Tripathi,273,217,12,125.81,22.75,Rahul Tripathi
2023,RD Chahar,0,10,2,0.0,0.0,Rahul Chahar
2023,RD Gaikwad,590,411,13,143.55,45.38,Ruturaj Gaikwad
2023,RG Sharma,332,258,16,128.68,20.75,Rohit Sharma
2023,RK Singh,474,333,8,142.34,59.25,Rinku Singh
2023,RP Meredith,0,2,0,0.0,,Riley Meredith
2023,RR Rossouw,209,148,7,141.22,29.86,Rilee Rossouw
2023,RV Patel,49,44,2,111.36,24.5,Ripal Patel
2023,Rahmanullah Gurbaz,227,178,11,127.53,20.64,Rahmanullah Gurbaz
2023,Rashid Khan,130,66,4,196.97,32.5,Rashid Khan
2023,Ravi Bishnoi,20,28,3,71.43,6.67,Ravi Bishnoi
2023,S Dhawan,373,275,9,135.64,41.44,Shikhar Dhawan
2023,S Dube,418,277,11,150.9,38.0,Shivam Dube
2023,SA Yadav,605,340,14,177.94,43.21,Sonu Yadav
2023,SM Curran,276,213,10,129.58,27.6,Sam Curran
2023,SN Khan,53,62,4,85.48,13.25,Sarfaraz Khan
2023,SN Thakur,113,72,8,156.94,14.12,Shardul Thakur
2023,SO Hetmyer,299,205,8,145.85,37.38,Shimron Hetmyer
2023,SP Narine,21,28,7,75.0,3.0,Sunil Narine
2023,SS Prabhudessai,35,32,3,109.38,11.67,Suyash Prabhudessai
2023,SV Samson,362,240,11,150.83,32.91,Sanju Samson
2023,Sandeep Sharma,2,7,0,28.57,,Sandeep Sharma
2023,Sanvir Singh,11,9,1,122.22,11.0,Sanvir Singh
2023,Shahbaz Ahmed,42,41,4,102.44,10.5,Shahbaz Ahmed
2023,Shubman Gill,890,582,15,152.92,59.33,Shubman Gill
2023,Sikandar Raza,139,104,5,133.65,27.8,Sikandar Raza
2023,Swapnil Singh,2,4,0,50.0,,Swapnil Singh
2023,T Stubbs,25,31,2,80.65,12.5,Tristan Stubbs
2023,TA Boult,16,17,1,94.12,16.0,Trent Boult
2023,TH David,231,155,8,149.03,28.88,Tim David
2023,TU Deshpande,0,1,0,0.0,,Tushar Deshpande
2023,Tilak Varma,343,226,8,151.77,42.88,Tilak Varma
2023,UT Yadav,19,20,2,95.0,9.5,Upendra Yadav
2023,Umran Malik,19,8,0,237.5,,Umran Malik
2023,V Kohli,639,473,12,135.1,53.25,Virat Kohli
2023,V Shankar,301,199,8,151.26,37.62,Vijay Shankar
2023,VG Arora,3,2,0,150.0,,Vaibhav Arora
2023,VR Iyer,404,288,14,140.28,28.86,Venkatesh Iyer
2023,Vijaykumar Vyshak,13,10,1,130.0,13.0,Vijaykumar Vyshak
2023,Vishnu Vinod,37,32,3,115.62,12.33,Vishnu Vinod
2023,Vivrant Sharma,69,49,1,140.82,69.0,Vivrant Sharma
2023,WD Parnell,2,6,1,33.33,2.0,Wayne Parnell
2023,WP Saha,371,297,16,124.92,23.19,Wriddhiman Saha
2023,Washington Sundar,60,62,3,96.77,20.0,Washington Sundar
2023,YBK Jaiswal,625,397,12,157.43,52.08,Yashasvi Jaiswal
2023,YV Dhull,16,23,3,69.57,5.33,Yash Dhull
2023,Yudhvir Singh,1,2,2,50.0,0.5,Yudhvir Singh
2024,A Badoni,235,180,8,130.56,29.38,Ayush Badoni
2024,A Kamboj,2,2,0,100.0,,Anshul Kamboj
2024,A Manohar,9,16,2,56.25,4.5,Abhinav Manohar
2024,A Nortje,4,9,2,44.44,2.0,Anrich Nortje
2024,A Raghuvanshi,163,109,7,149.54,23.29,Angkrish Raghuvanshi
2024,AA Kulkarni,9,8,2,112.5,4.5,Arshin Kulkarni
2024,AD Russell,222,141,6,157.45,37.0,Andre Russell
2024,AJ Turner,21,20,2,105.0,10.5,Ashton Turner
2024,AK Markram,220,187,9,117.65,24.44,Aiden Markram
2024,AM Rahane,242,200,12,121.0,20.17,Ajinkya Rahane
2024,AR Patel,235,183,8,128.42,29.38,Akshar Patel
2024,AS Roy,3,3,0,100.0,,Anukul Roy
2024,Abdul Samad,182,113,9,161.06,20.22,Abdul Samad
2024,Abhishek Sharma,484,248,15,195.16,32.27,Abhishek Sharma
2024,Abishek Porel,327,213,10,153.52,32.7,Abishek Porel
2024,Akash Deep,2,2,0,100.0,,Akash Deep
2024,Akash Madhwal,4,5,0,80.0,,Akash Madhwal
2024,Anmolpreet Singh,5,7,2,71.43,2.5,Anmolpreet Singh
2024,Anuj Rawat,98,80,3,122.5,32.67,Anuj Rawat
2024,Arshad Khan,78,52,1,150.0,78.0,Arshad Khan
2024,Arshad Khan (2),5,4,1,125.0,5.0,Arshad Khan (2)
2024,Arshdeep Singh,4,4,1,100.0,4.0,Arshdeep Singh
2024,Ashutosh Sharma,189,118,7,160.17,27.0,Ashutosh Sharma
2024,Atharva Taide,61,41,2,148.78,30.5,Atharva Taide
2024,Avesh Khan,10,5,0,200.0,,Avesh Khan
2024,Azmatullah Omarzai,42,34,4,123.53,10.5,Azmatullah Omarzai
2024,B Kumar,23,30,3,76.67,7.67,Bhuvneshwar Kumar
2024,B Sai Sudharsan,527,388,11,135.82,47.91,B Sai Sudharsan
2024,BR Sharath,2,5,1,40.0,2.0,BR Sharath
2024,C Green,255,185,8,137.84,31.88,Cameron Green
2024,D Brevis,69,60,3,115.0,23.0,Dewald Brevis
2024,D Ferreira,8,11,2,72.73,4.0,Donovan Ferreira
2024,D Padikkal,38,60,7,63.33,5.43,Devdutt Padikkal
2024,DA Miller,210,149,6,140.94,35.0,David Miller
2024,DA Warner,168,130,8,129.23,21.0,David Warner
2024,DG Nalkande,12,11,1,109.09,12.0,Darshan Nalkande
2024,DJ Hooda,145,107,8,135.51,18.12,Deepak Hooda
2024,DJ Mitchell,318,228,11,139.47,28.91,Daryl Mitchell
2024,Dhruv Jurel,195,144,7,135.42,27.86,Dhruv Jurel
2024,F du Plessis,438,276,14,158.7,31.29,Faf du Plessis
2024,G Coetzee,14,22,4,63.64,3.5,Gerald Coetzee
2024,GJ Maxwell,52,46,9,113.04,5.78,Glenn Maxwell
2024,Gulbadin Naib,19,15,1,126.67,19.0,Gulbadin Naib
2024,H Klaasen,479,293,12,163.48,39.92,Heinrich Klaasen
2024,HH Pandya,216,154,12,140.26,18.0,Hardik Pandya
2024,HV Patel,13,19,3,68.42,4.33,Harshal Patel
2024,Harpreet Brar,75,59,2,127.12,37.5,Harpreet Brar
2024,Harpreet Singh,27,34,2,79.41,13.5,Harpreet Singh
2024,I Sharma,1,8,0,12.5,,Ishant Sharma
2024,Ishan Kishan,320,222,14,144.14,22.86,Ishan Kishan
2024,J Fraser-McGurk,330,150,8,220.0,41.25,Jake Fraser-McGurk
2024,JA Richardson,2,2,1,100.0,2.0,Jhye Richardson
2024,JC Buttler,359,266,9,134.96,39.89,Jos Buttler
2024,JD Unadkat,24,27,2,88.89,12.0,Jaydev Unadkat
2024,JJ Bumrah,12,12,0,100.0,,Jasprit Bumrah
2024,JM Bairstow,298,197,9,151.27,33.11,Jonny Bairstow
2024,JM Sharma,187,147,11,127.21,17.0,Jitesh Sharma
2024,K Rabada,20,17,1,117.65,20.0,Kagiso Rabada
2024,KA Maharaj,1,2,1,50.0,1.0,KA Maharaj
2024,KD Karthik,326,195,8,167.18,40.75,KD Karthik
2024,KH Pandya,133,112,4,118.75,33.25,Krunal Pandya
2024,KL Rahul,520,398,14,130.65,37.14,KL Rahul
2024,KS Williamson,27,27,2,100.0,13.5,Kane Williamson
2024,KV Sharma,31,16,2,193.75,15.5,Karn Sharma
2024,Kuldeep Yadav,47,44,2,106.82,23.5,Kuldip Yadav
2024,Kumar Kushagra,3,7,3,42.86,1.0,Kumar Kushagra
2024,L Wood,9,3,0,300.0,,L Wood
2024,LB Williams,1,2,0,50.0,,Lizaad Williams
2024,LH Ferguson,1,1,1,100.0,1.0,Lockie Ferguson
2024,LS Livingstone,111,82,4,135.37,27.75,Liam Livingstone
2024,Lalit Yadav,10,12,2,83.33,5.0,Lalit Yadav
2024,M Jansen,18,15,1,120.0,18.0,Marco Jansen
2024,M Shahrukh Khan,127,77,5,164.94,25.4,M. Shahrukh Khan
2024,MA Agarwal,64,59,4,108.47,16.0,Mayank Agarwal
2024,MA Starc,9,11,2,81.82,4.5,Mitchell Starc
2024,MJ Santner,14,18,3,77.78,4.67,Mitchell Santner
2024,MJ Suthar,1,2,1,50.0,1.0,Manav Suthar
2024,MK Lomror,125,74,8,168.92,15.62,Mahipal Lomror
2024,MK Pandey,42,33,1,127.27,42.0,Manish Pandey
2024,MM Ali,128,105,5,121.9,25.6,Moeen Ali
2024,MM Sharma,2,16,2,12.5,1.0,Mohit Sharma
2024,MP Stoinis,388,272,12,142.65,32.33,Marcus Stoinis
2024,MR Marsh,61,41,4,148.78,15.25,Mitchell Marsh
2024,MS Dhoni,161,82,3,196.34,53.67,MS Dhoni
2024,MS Wade,4,7,1,57.14,4.0,Matthew Wade
2024,Mayank Dagar,0,1,0,0.0,,Mayank Dagar
2024,Mohammad Nabi,35,31,4,112.9,8.75,Mohammad Nabi
2024,Mohammed Siraj,12,9,1,133.33,12.0,Mohammed Siraj
2024,Mohsin Khan,2,1,0,200.0,,Mohsin Khan
2024,Mukesh Kumar,3,10,1,30.0,3.0,Mukesh Kumar
2024,N Pooran,499,296,8,168.58,62.38,Nicholas Pooran
2024,N Rana,42,35,2,120.0,21.0,Nitish Rana
2024,N Wadhera,109,90,6,121.11,18.17,Nehal Wadhera
2024,Naman Dhir,140,84,6,166.67,23.33,Naman Dhir
2024,Naveen-ul-Haq,2,4,0,50.0,,Naveen-ul-Haq
2024,Nithish Kumar Reddy,303,221,9,137.1,33.67,Nitish Kumar Reddy
2024,Noor Ahmad,5,9,2,55.56,2.5,Noor Ahmad
2024,P Simran Singh,334,216,13,154.63,25.69,Prab Simran Singh
2024,PD Salt,435,250,11,174.0,39.55,Phil Salt
2024,PJ Cummins,136,99,5,137.37,27.2,Patrick Cummins
2024,PP Chawla,15,15,4,100.0,3.75,Piyush Chawla
2024,PP Shaw,198,125,8,158.4,24.75,Prithvi Shaw
2024,Q de Kock,250,194,11,128.87,22.73,Quinton de Kock
2024,R Ashwin,86,76,6,113.16,14.33,Ravichandran Ashwin
2024,R Parag,573,407,11,140.79,52.09,Riyan Parag
2024,R Powell,103,71,6,145.07,17.17,Rovman Powell
2024,R Ravindra,222,146,9,152.05,24.67,Rachin Ravindra
2024,R Sai Kishore,13,6,1,216.67,13.0,R Sai Kishore
2024,R Shepherd,57,24,2,237.5,28.5,Romario Shepherd
2024,R Tewatia,188,139,7,135.25,26.86,Rahul Tewatia
2024,RA Jadeja,267,191,6,139.79,44.5,Ravindra Jadeja
2024,RA Tripathi,165,121,5,136.36,33.0,Rahul Tripathi
2024,RD Chahar,21,15,1,140.0,21.0,Rahul Chahar
2024,RD Gaikwad,583,425,11,137.18,53.0,Ruturaj Gaikwad
2024,RG Sharma,417,293,13,142.32,32.08,Rohit Sharma
2024,RJ Gleeson,2,2,0,100.0,,RJ Gleeson
2024,RJW Topley,3,6,0,50.0,,Reece Topley
2024,RK Bhui,3,9,2,33.33,1.5,Ricky Bhui
2024,RK Singh,168,117,9,143.59,18.67,Rinku Singh
2024,RM Patidar,395,237,13,166.67,30.38,Rajat Patidar
2024,RR Pant,446,296,11,150.68,40.55,Rishabh Pant
2024,RR Rossouw,211,122,8,172.95,26.38,Rilee Rossouw
2024,Rahmanullah Gurbaz,62,50,2,124.0,31.0,Rahmanullah Gurbaz
2024,Ramandeep Singh,125,64,4,195.31,31.25,Ramandeep Singh
2024,Rashid Khan,102,75,5,136.0,20.4,Rashid Khan
2024,Rasikh Salam,28,30,4,93.33,7.0,Rasikh Salam
2024,Ravi Bishnoi,4,6,2,66.67,2.0,Ravi Bishnoi
2024,S Dhawan,152,125,5,121.6,30.4,Shikhar Dhawan
2024,S Dube,396,259,11,152.9,36.0,Shivam Dube
2024,SA Yadav,345,209,10,165.07,34.5,Sonu Yadav
2024,SB Dubey,33,21,2,157.14,16.5,Shubham Dubey
2024,SD Hope,183,125,7,146.4,26.14,SD Hope
2024,SH Johnson,6,7,0,85.71,,Spencer Johnson
2024,SM Curran,270,230,10,117.39,27.0,Sam Curran
2024,SN Thakur,21,18,1,116.67,21.0,Shardul Thakur
2024,SO Hetmyer,113,72,5,156.94,22.6,Shimron Hetmyer
2024,SP Narine,488,292,13,167.12,37.54,Sunil Narine
2024,SS Iyer,351,250,9,140.4,39.0,Shreyas Iyer
2024,SS Prabhudessai,24,19,1,126.32,24.0,Suyash Prabhudessai
2024,SV Samson,531,367,11,144.69,48.27,Sanju Samson
2024,SZ Mulani,1,1,0,100.0,,Shams Mulani
2024,Sameer Rizvi,51,43,4,118.6,12.75,Sameer Rizvi
2024,Sanvir Singh,14,13,1,107.69,14.0,Sanvir Singh
2024,Saurav Chauhan,18,16,3,112.5,6.0,Saurav Chauhan
2024,Shahbaz Ahmed,215,173,9,124.28,23.89,Shahbaz Ahmed
2024,Shashank Singh,354,225,7,157.33,50.57,Shashank Singh
2024,Shivam Singh,2,3,0,66.67,,Shivam Singh
2024,Shubman Gill,426,295,11,144.41,38.73,Shubman Gill
2024,Sikandar Raza,43,39,2,110.26,21.5,Sikandar Raza
2024,Sumit Kumar,18,26,2,69.23,9.0,Sumit Kumar
2024,Swapnil Singh,37,22,2,168.18,18.5,Swapnil Singh
2024,T Kohler-Cadmore,48,54,3,88.89,16.0,T Kohler-Cadmore
2024,T Stubbs,378,204,6,185.29,63.0,Tristan Stubbs
2024,TA Boult,14,16,1,87.5,14.0,Trent Boult
2024,TH David,241,168,8,143.45,30.12,Tim David
2024,TM Head,567,307,14,184.69,40.5,Travis Head
2024,TU Deshpande,0,2,0,0.0,,Tushar Deshpande
2024,Tanush Kotian,24,32,1,75.0,24.0,Tanush Kotian
2024,Tilak Varma,416,291,10,142.96,41.6,Tilak Varma
2024,UT Yadav,12,15,1,80.0,12.0,Upendra Yadav
2024,V Kohli,741,497,12,149.09,61.75,Virat Kohli
2024,V Shankar,83,75,5,110.67,16.6,Vijay Shankar
2024,V Viyaskanth,7,5,0,140.0,,V Viyaskanth
2024,VG Arora,1,1,0,100.0,,Vaibhav Arora
2024,VR Iyer,370,238,8,155.46,46.25,Venkatesh Iyer
2024,Vijaykumar Vyshak,1,3,1,33.33,1.0,Vijaykumar Vyshak
2024,WG Jacks,230,133,6,172.93,38.33,Will Jacks
2024,WP Saha,136,120,9,113.33,15.11,Wriddhiman Saha
2024,Washington Sundar,0,1,1,0.0,0.0,Washington Sundar
2024,YBK Jaiswal,435,288,14,151.04,31.07,Yashasvi Jaiswal
2024,Yudhvir Singh,21,14,2,150.0,10.5,Yudhvir Singh
2025,A Badoni,329,235,10,140.0,32.9,Ayush Badoni
2025,A Kamboj,14,13,2,107.69,7.0,Anshul Kamboj
2025,A Manohar,61,62,5,98.39,12.2,Abhinav Manohar
2025,A Mhatre,240,131,7,183.21,34.29,A Mhatre
2025,A Raghuvanshi,300,217,9,138.25,33.33,Angkrish Raghuvanshi
2025,AD Russell,167,111,8,150.45,20.88,Andre Russell
2025,AK Markram,445,306,13,145.42,34.23,Aiden Markram
2025,AM Rahane,390,275,11,141.82,35.45,Ajinkya Rahane
2025,AR Patel,263,171,10,153.8,26.3,Akshar Patel
2025,AS Roy,0,1,1,0.0,0.0,Anukul Roy
2025,Abdul Samad,164,98,8,167.35,20.5,Abdul Samad
2025,Abhishek Sharma,439,242,12,181.4,36.58,Abhishek Sharma
2025,Abishek Porel,301,210,12,143.33,25.08,Abishek Porel
2025,Akash Deep,6,2,1,300.0,6.0,Akash Deep
2025,Akash Madhwal,4,9,0,44.44,,Akash Madhwal
2025,Aniket Verma,236,148,9,159.46,26.22,Aniket Verma
2025,Arshad Khan,23,23,2,100.0,11.5,Arshad Khan
2025,Arshdeep Singh,2,6,1,33.33,2.0,Arshdeep Singh
2025,Ashutosh Sharma,204,138,7,147.83,29.14,Ashutosh Sharma
2025,Atharva Taide,13,11,1,118.18,13.0,Atharva Taide
2025,Avesh Khan,21,14,1,150.0,21.0,Avesh Khan
2025,Azmatullah Omarzai,57,43,4,132.56,14.25,Azmatullah Omarzai
2025,B Kumar,14,26,3,53.85,4.67,Bhuvneshwar Kumar
2025,B Sai Sudharsan,759,509,14,149.12,54.21,B Sai Sudharsan
2025,BKG Mendis,20,11,1,181.82,20.0,BKG Mendis
2025,C Bosch,47,32,2,146.88,23.5,C Bosch
2025,CV Varun,1,1,0,100.0,,CV Varun
2025,D Brevis,225,129,6,174.42,37.5,Dewald Brevis
2025,D Ferreira,1,3,1,33.33,1.0,Donovan Ferreira
2025,D Padikkal,247,173,9,142.77,27.44,Devdutt Padikkal
2025,DA Miller,153,124,5,123.39,30.6,David Miller
2025,DJ Hooda,31,43,5,72.09,6.2,Deepak Hooda
2025,DL Chahar,37,25,1,148.0,37.0,Deepak Chahar
2025,DP Conway,156,125,5,124.8,31.2,Devon Conway
2025,DS Rathi,1,4,1,25.0,1.0,DS Rathi
2025,Dhruv Jurel,333,219,9,152.05,37.0,Dhruv Jurel
2025,F du Plessis,202,170,9,118.82,22.44,Faf du Plessis
2025,Fazalhaq Farooqi,2,2,0,100.0,,Fazalhaq Farooqi
2025,G Coetzee,17,11,2,154.55,8.5,Gerald Coetzee
2025,GJ Maxwell,48,54,6,88.89,8.0,Glenn Maxwell
2025,H Klaasen,487,294,10,165.65,48.7,Heinrich Klaasen
2025,HH Pandya,224,148,9,151.35,24.89,Hardik Pandya
2025,HV Patel,21,27,2,77.78,10.5,Harshal Patel
2025,Harpreet Brar,11,13,1,84.62,11.0,Harpreet Brar
2025,Harshit Rana,57,54,4,105.56,14.25,Harshit Rana
2025,Ishan Kishan,354,246,10,143.9,35.4,Ishan Kishan
2025,J Fraser-McGurk,55,53,6,103.77,9.17,Jake Fraser-McGurk
2025,J Overton,15,7,0,214.29,,Jamie Overton
2025,JC Archer,63,51,5,123.53,12.6,Jofra Archer
2025,JC Buttler,538,337,9,159.64,59.78,Jos Buttler
2025,JG Bethell,67,39,2,171.79,33.5,Jacob Bethell
2025,JJ Bumrah,0,1,0,0.0,,Jasprit Bumrah
2025,JM Bairstow,85,49,2,173.47,42.5,Jonny Bairstow
2025,JM Sharma,261,155,7,168.39,37.29,Jitesh Sharma
2025,JP Inglis,278,177,9,157.06,30.89,Josh Inglis
2025,JR Hazlewood,0,1,0,0.0,,Josh Hazlewood
2025,K Kartikeya,3,5,1,60.0,3.0,Kumar Kartikeya
2025,K Rabada,9,9,1,100.0,9.0,Kagiso Rabada
2025,KA Jamieson,0,5,0,0.0,,Kyle Jamieson
2025,KH Pandya,109,89,6,122.47,18.17,Krunal Pandya
2025,KK Ahmed,1,2,0,50.0,,Khaleel Ahmed
2025,KK Nair,198,122,7,162.3,28.29,Karun Nair
2025,KL Rahul,546,369,9,147.97,60.67,KL Rahul
2025,KS Rathore,0,5,1,0.0,0.0,Kunal Rathore
2025,KT Maphaka,8,3,0,266.67,,Kwena Maphaka
2025,KV Sharma,1,1,0,100.0,,Karn Sharma
2025,Kuldeep Yadav,18,16,3,112.5,6.0,Kuldip Yadav
2025,L Ngidi,0,2,0,0.0,,Lungisani Ngidi
2025,LH Ferguson,4,1,0,400.0,,Lockie Ferguson
2025,LS Livingstone,112,90,7,124.44,16.0,Liam Livingstone
2025,M Jansen,75,65,4,115.38,18.75,Marco Jansen
2025,M Shahrukh Khan,179,104,6,172.12,29.83,M. Shahrukh Khan
2025,M Theekshana,10,27,2,37.04,5.0,Maheesh Theekshana
2025,M Tiwari,3,4,1,75.0,3.0,Madhav Tiwari
2025,MA Agarwal,95,65,3,146.15,31.67,Mayank Agarwal
2025,MA Starc,6,11,2,54.55,3.0,Mitchell Starc
2025,MJ Owen,0,2,1,0.0,0.0,MJ Owen
2025,MJ Santner,40,34,2,117.65,20.0,Mitchell Santner
2025,MK Pandey,92,67,2,137.31,46.0,Manish Pandey
2025,MM Ali,5,16,2,31.25,2.5,Moeen Ali
2025,MM Sharma,1,3,1,33.33,1.0,Mohit Sharma
2025,MP Breetzke,14,12,1,116.67,14.0,Matthew Breetzke
2025,MP Stoinis,160,91,6,175.82,26.67,Marcus Stoinis
2025,MR Marsh,627,401,13,156.36,48.23,Mitchell Marsh
2025,MS Bhandage,1,4,1,25.0,1.0,Manoj Bhandage
2025,MS Dhoni,196,154,8,127.27,24.5,MS Dhoni
2025,Mohammed Shami,10,11,1,90.91,10.0,Mohammed Shami
2025,Mohammed Siraj,3,5,0,60.0,,Mohammed Siraj
2025,Musheer Khan,0,3,1,0.0,0.0,Musheer Khan
2025,Mustafizur Rahman,0,1,1,0.0,0.0,Mustafizur Rahman
2025,N Pooran,524,290,11,180.69,47.64,Nicholas Pooran
2025,N Rana,217,141,10,153.9,21.7,Nitish Rana
2025,N Wadhera,369,261,11,141.38,33.55,Nehal Wadhera
2025,Naman Dhir,252,142,8,177.46,31.5,Naman Dhir
2025,Nithish Kumar Reddy,182,161,8,113.04,22.75,Nitish Kumar Reddy
2025,Noor Ahmad,7,17,4,41.18,1.75,Noor Ahmad
2025,P Simran Singh,599,376,17,159.31,35.24,Prab Simran Singh
2025,PD Salt,403,238,12,169.33,33.58,Phil Salt
2025,PHKD Mendis,92,72,4,127.78,23.0,PHKD Mendis
2025,PJ Cummins,97,58,4,167.24,24.25,Patrick Cummins
2025,PVD Chameera,10,14,0,71.43,,PVD Chameera
2025,PVSN Raju,1,1,0,100.0,,PVSN Raju
2025,PWA Mulder,9,12,1,75.0,9.0,PWA Mulder
2025,PWH de Silva,9,15,5,60.0,1.8,PWH de Silva
2025,Prince Yadav,5,11,0,45.45,,Prince Yadav
2025,Priyansh Arya,545,310,18,175.81,30.28,Priyansh Arya
2025,Q de Kock,152,123,7,123.58,21.71,Quinton de Kock
2025,R Ashwin,33,30,4,110.0,8.25,Ravichandran Ashwin
2025,R Minz,6,16,2,37.5,3.0,Robin Minz
2025,R Parag,397,247,13,160.73,30.54,Riyan Parag
2025,R Powell,5,7,1,71.43,5.0,Rovman Powell
2025,R Ravindra,191,152,7,125.66,27.29,Rachin Ravindra
2025,R Sai Kishore,5,10,2,50.0,2.5,R Sai Kishore
2025,R Shepherd,70,25,2,280.0,35.0,Romario Shepherd
2025,R Tewatia,99,63,6,157.14,16.5,Rahul Tewatia
2025,RA Bawa,8,4,0,200.0,,Raj Angad Bawa
2025,RA Jadeja,301,229,9,131.44,33.44,Ravindra Jadeja
2025,RA Tripathi,55,57,5,96.49,11.0,Rahul Tripathi
2025,RD Gaikwad,122,82,5,148.78,24.4,Ruturaj Gaikwad
2025,RD Rickelton,388,266,13,145.86,29.85,Ryan Rickelton
2025,RG Sharma,418,292,14,143.15,29.86,Rohit Sharma
2025,RK Singh,206,139,7,148.2,29.43,Rinku Singh
2025,RM Patidar,312,225,12,138.67,26.0,Rajat Patidar
2025,RR Pant,269,208,11,129.33,24.45,Rishabh Pant
2025,Rahmanullah Gurbaz,74,55,4,134.55,18.5,Rahmanullah Gurbaz
2025,Ramandeep Singh,47,36,5,130.56,9.4,Ramandeep Singh
2025,Rashid Khan,40,32,5,125.0,8.0,Rashid Khan
2025,Ravi Bishnoi,13,16,2,81.25,6.5,Ravi Bishnoi
2025,S Dube,357,289,11,123.53,32.45,Shivam Dube
2025,SA Yadav,717,439,11,163.33,65.18,Sonu Yadav
2025,SB Dubey,106,66,4,160.61,26.5,Shubham Dubey
2025,SE Rutherford,291,203,9,143.35,32.33,Sherfane Rutherford
2025,SH Johnson,2,4,0,50.0,,Spencer Johnson
2025,SK Rasheed,71,67,5,105.97,14.2,Shaik Rasheed
2025,SM Curran,114,88,5,129.55,22.8,Sam Curran
2025,SN Thakur,18,15,3,120.0,6.0,Shardul Thakur
2025,SO Hetmyer,245,182,11,134.62,22.27,Shimron Hetmyer
2025,SP Narine,246,160,11,153.75,22.36,Sunil Narine
2025,SS Iyer,604,360,12,167.78,50.33,Shreyas Iyer
2025,SV Samson,285,205,9,139.02,31.67,Sanju Samson
2025,Sameer Rizvi,121,83,3,145.78,40.33,Sameer Rizvi
2025,Sandeep Sharma,6,6,0,100.0,,Sandeep Sharma
2025,Sediqullah Atal,22,16,1,137.5,22.0,Sediqullah Atal
2025,Shahbaz Ahmed,9,8,1,112.5,9.0,Shahbaz Ahmed
2025,Shashank Singh,350,238,7,147.06,50.0,Shashank Singh
2025,Shubman Gill,650,435,12,149.43,54.17,Shubman Gill
2025,Simarjeet Singh,3,7,2,42.86,1.5,Simarjeet Singh
2025,Suryansh Shedge,7,12,3,58.33,2.33,Suryansh Shedge
2025,T Stubbs,306,203,6,150.74,51.0,Tristan Stubbs
2025,TA Boult,2,4,1,50.0,2.0,Trent Boult
2025,TH David,187,107,3,174.77,62.33,Tim David
2025,TM Head,374,248,12,150.81,31.17,Travis Head
2025,TU Deshpande,7,9,1,77.78,7.0,Tushar Deshpande
2025,Tilak Varma,343,259,10,132.43,34.3,Tilak Varma
2025,Urvil Patel,68,34,3,200.0,22.67,Urvil Patel
2025,V Kohli,657,466,12,140.99,54.75,Virat Kohli
2025,V Nigam,142,82,5,173.17,28.4,Vipraj Nigam
2025,V Shankar,118,95,3,124.21,39.33,Vijay Shankar
2025,V Suryavanshi,252,129,7,195.35,36.0,Vaibhav Suryavanshi
2025,VG Arora,0,8,2,0.0,0.0,Vaibhav Arora
2025,VR Iyer,142,107,7,132.71,20.29,Venkatesh Iyer
2025,WG Jacks,233,173,10,134.68,23.3,Will Jacks
2025,Washington Sundar,133,85,5,156.47,26.6,Washington Sundar
2025,XC Bartlett,11,15,1,73.33,11.0,Xavier Bartlett
2025,YBK Jaiswal,559,359,13,155.71,43.0,Yashasvi Jaiswal
2025,Yash Dayal,4,8,2,50.0,2.0,Yash Dayal
2026,A Badoni,215,145,10,148.28,21.5,Ayush Badoni
2026,A Kamboj,58,40,1,145.0,58.0,Anshul Kamboj
2026,A Mhatre,201,119,5,168.91,40.2,A Mhatre
2026,A Nortje,0,1,1,0.0,0.0,Anrich Nortje
2026,A Raghuvanshi,422,302,8,139.74,52.75,Angkrish Raghuvanshi
2026,AA Kulkarni,17,25,2,68.0,8.5,Arshin Kulkarni
2026,AF Milne,2,2,0,100.0,,Adam Milne
2026,AJ Hosein,5,3,0,166.67,,Akeal Hosein
2026,AK Markram,231,171,9,135.09,25.67,Aiden Markram
2026,AM Ghazanfar,2,3,0,66.67,,AM Ghazanfar
2026,AM Rahane,335,258,12,129.84,27.92,Ajinkya Rahane
2026,AR Patel,173,146,10,118.49,17.3,Akshar Patel
2026,AS Roy,52,41,4,126.83,13.0,Anukul Roy
2026,Abdul Samad,116,92,6,126.09,19.33,Abdul Samad
2026,Abhishek Sharma,563,304,14,185.2,40.21,Abhishek Sharma
2026,Abishek Porel,108,94,4,114.89,27.0,Abishek Porel
2026,Akshat Raghuwanshi,29,27,2,107.41,14.5,Akshat Raghuwanshi
2026,Aniket Verma,79,57,5,138.6,15.8,Aniket Verma
2026,Arjun Tendulkar,5,5,0,100.0,,Arjun Tendulkar
2026,Arshad Khan,23,12,1,191.67,23.0,Arshad Khan
2026,Arshdeep Singh,1,1,0,100.0,,Arshdeep Singh
2026,Ashok Sharma,1,5,0,20.0,,Ashok Sharma
2026,Ashutosh Sharma,171,100,5,171.0,34.2,Ashutosh Sharma
2026,Ashwani Kumar,1,6,0,16.67,,Ashwani Kumar
2026,Auqib Nabi,14,4,1,350.0,14.0,Auqib Nabi
2026,Avesh Khan,6,7,1,85.71,6.0,Avesh Khan
2026,Azmatullah Omarzai,52,28,2,185.71,26.0,Azmatullah Omarzai
2026,B Kumar,34,28,0,121.43,,Bhuvneshwar Kumar
2026,B Sai Sudharsan,722,481,16,150.1,45.12,B Sai Sudharsan
2026,Brijesh Sharma,2,4,0,50.0,,Brijesh Sharma
2026,C Bosch,50,31,1,161.29,50.0,C Bosch
2026,C Connolly,491,316,11,155.38,44.64,C Connolly
2026,C Green,322,230,9,140.0,35.78,Cameron Green
2026,CV Varun,5,6,2,83.33,2.5,CV Varun
2026,D Brevis,151,127,8,118.9,18.88,Dewald Brevis
2026,D Ferreira,317,181,9,175.14,35.22,Donovan Ferreira
2026,D Padikkal,464,283,14,163.96,33.14,Devdutt Padikkal
2026,DA Miller,211,146,6,144.52,35.17,David Miller
2026,DA Payne,6,5,0,120.0,,DA Payne
2026,DL Chahar,25,19,2,131.58,12.5,Deepak Chahar
2026,DS Rathi,2,5,0,40.0,,DS Rathi
2026,DV Malewar,2,5,2,40.0,1.0,DV Malewar
2026,Dhruv Jurel,515,345,14,149.28,36.79,Dhruv Jurel
2026,E Malinga,7,18,1,38.89,7.0,Eshan Malinga
2026,FH Allen,349,168,10,207.74,34.9,Finn Allen
2026,GD Phillips,67,57,4,117.54,16.75,Glenn Phillips
2026,GF Linde,31,21,3,147.62,10.33,GF Linde
2026,H Klaasen,624,413,13,151.09,48.0,Heinrich Klaasen
2026,HH Pandya,206,154,9,133.77,22.89,Hardik Pandya
2026,HV Patel,10,9,2,111.11,5.0,Harshal Patel
2026,Harpreet Brar,5,3,0,166.67,,Harpreet Brar
2026,Harsh Dubey,13,11,2,118.18,6.5,Harsh Dubey
2026,Himmat Singh,92,74,3,124.32,30.67,Himmat Singh
2026,Ishan Kishan,602,342,14,176.02,43.0,Ishan Kishan
2026,J Overton,136,91,5,149.45,27.2,Jamie Overton
2026,JC Archer,64,49,6,130.61,10.67,Jofra Archer
2026,JC Buttler,526,352,14,149.43,37.57,Jos Buttler
2026,JD Unadkat,4,3,0,133.33,,Jaydev Unadkat
2026,JG Bethell,96,81,7,118.52,13.71,Jacob Bethell
2026,JJ Bumrah,7,8,1,87.5,7.0,Jasprit Bumrah
2026,JM Sharma,116,96,9,120.83,12.89,Jitesh Sharma
2026,JO Holder,65,55,5,118.18,13.0,Jason Holder
2026,JP Inglis,266,151,5,176.16,53.2,Josh Inglis
2026,JR Hazlewood,0,1,1,0.0,0.0,Josh Hazlewood
2026,K Rabada,47,40,2,117.5,23.5,Kagiso Rabada
2026,KA Jamieson,12,14,1,85.71,12.0,Kyle Jamieson
2026,KH Pandya,226,163,6,138.65,37.67,Krunal Pandya
2026,KK Nair,18,18,2,100.0,9.0,Karun Nair
2026,KL Rahul,593,355,13,167.04,45.62,KL Rahul
2026,Kartik Sharma,295,220,9,134.09,32.78,Kartik Sharma
2026,Kartik Tyagi,11,10,3,110.0,3.67,Kartik Tyagi
2026,Krish Bhagat,10,21,1,47.62,10.0,Krish Bhagat
2026,Kuldeep Yadav,9,23,2,39.13,4.5,Kuldip Yadav
2026,Kumar Kushagra,18,14,1,128.57,18.0,Kumar Kushagra
2026,L Ngidi,4,7,2,57.14,2.0,Lungisani Ngidi
2026,LG Pretorius,7,8,1,87.5,7.0,LG Pretorius
2026,LS Livingstone,15,26,2,57.69,7.5,Liam Livingstone
2026,M Jansen,51,50,4,102.0,12.75,Marco Jansen
2026,M Prasidh Krishna,6,7,0,85.71,,M Prasidh Krishna
2026,M Shahrukh Khan,43,34,3,126.47,14.33,M. Shahrukh Khan
2026,M Tiwari,18,8,0,225.0,,Madhav Tiwari
2026,MA Starc,0,2,1,0.0,0.0,Mitchell Starc
2026,MD Choudhary,170,122,6,139.34,28.33,MD Choudhary
2026,MD Shanaka,63,48,4,131.25,15.75,MD Shanaka
2026,MJ Henry,7,10,2,70.0,3.5,Matt Henry
2026,MJ Santner,26,21,0,123.81,,Mitchell Santner
2026,MK Pandey,70,51,2,137.25,35.0,Manish Pandey
2026,MP Stoinis,216,131,6,164.89,36.0,Marcus Stoinis
2026,MP Yadav,5,6,1,83.33,5.0,Mayank Yadav
2026,MR Marsh,563,358,12,157.26,46.92,Mitchell Marsh
2026,MW Short,60,54,3,111.11,20.0,MW Short
2026,Mohammed Shami,31,23,5,134.78,6.2,Mohammed Shami
2026,Mohammed Siraj,5,17,2,29.41,2.5,Mohammed Siraj
2026,Mohsin Khan,0,4,2,0.0,0.0,Mohsin Khan
2026,Mukesh Choudhary,2,2,0,100.0,,Mukesh Choudhary
2026,N Burger,14,9,1,155.56,14.0,N Burger
2026,N Pooran,234,196,14,119.39,16.71,Nicholas Pooran
2026,N Rana,225,158,9,142.41,25.0,Nitish Rana
2026,N Sindhu,63,51,5,123.53,12.6,Nishant Sindhu
2026,N Wadhera,65,61,6,106.56,10.83,Nehal Wadhera
2026,Naman Dhir,318,218,12,145.87,26.5,Naman Dhir
2026,Nithish Kumar Reddy,302,184,10,164.13,30.2,Nitish Kumar Reddy
2026,Noor Ahmad,11,24,3,45.83,3.67,Noor Ahmad
2026,P Nissanka,278,180,10,154.44,27.8,P Nissanka
2026,P Simran Singh,510,316,12,161.39,42.5,Prab Simran Singh
2026,PD Salt,202,123,6,164.23,33.67,Phil Salt
2026,PJ Cummins,30,20,3,150.0,10.0,Patrick Cummins
2026,PP Hinge,3,9,1,33.33,3.0,PP Hinge
2026,PR Veer,90,72,2,125.0,45.0,PR Veer
2026,PVD Chameera,0,3,0,0.0,,PVD Chameera
2026,Prince Yadav,0,1,0,0.0,,Prince Yadav
2026,Priyansh Arya,364,181,13,201.1,28.0,Priyansh Arya
2026,Q de Kock,132,85,2,155.29,66.0,Quinton de Kock
2026,R Minz,6,4,1,150.0,6.0,Robin Minz
2026,R Parag,309,203,13,152.22,23.77,Riyan Parag
2026,R Powell,190,148,4,128.38,47.5,Rovman Powell
2026,R Shepherd,83,68,4,122.06,20.75,Romario Shepherd
2026,R Smaran,19,25,3,76.0,6.33,R Smaran
2026,R Tewatia,190,143,7,132.87,27.14,Rahul Tewatia
2026,RA Bawa,16,14,1,114.29,16.0,Raj Angad Bawa
2026,RA Jadeja,266,209,4,127.27,66.5,Ravindra Jadeja
2026,RD Gaikwad,337,291,12,115.81,28.08,Ruturaj Gaikwad
2026,RD Rickelton,448,247,11,181.38,40.73,Ryan Rickelton
2026,RG Sharma,283,184,9,153.8,31.44,Rohit Sharma
2026,RK Singh,299,212,5,141.04,59.8,Rinku Singh
2026,RM Patidar,501,276,12,181.52,41.75,Rajat Patidar
2026,RR Pant,313,235,9,133.19,34.78,Rishabh Pant
2026,Ramandeep Singh,82,70,5,117.14,16.4,Ramandeep Singh
2026,Rashid Khan,50,45,4,111.11,12.5,Rashid Khan
2026,Rasikh Salam,3,3,0,100.0,,Rasikh Salam
2026,Ravi Bishnoi,0,3,2,0.0,0.0,Ravi Bishnoi
2026,Ravi Singh,4,2,1,200.0,4.0,Ravi Singh
2026,S Arora,121,81,6,149.38,20.17,S Arora
2026,S Dube,270,189,7,142.86,38.57,Shivam Dube
2026,SA Yadav,270,193,13,139.9,20.77,Sonu Yadav
2026,SB Dubey,81,61,4,132.79,20.25,Shubham Dubey
2026,SE Rutherford,123,83,5,148.19,24.6,Sherfane Rutherford
2026,SH Johnson,0,1,1,0.0,0.0,Spencer Johnson
2026,SN Khan,161,100,7,161.0,23.0,Sarfaraz Khan
2026,SN Thakur,24,33,2,72.73,12.0,Shardul Thakur
2026,SO Hetmyer,78,74,6,105.41,13.0,Shimron Hetmyer
2026,SP Narine,40,34,3,117.65,13.33,Sunil Narine
2026,SR Dubey,4,2,0,200.0,,SR Dubey
2026,SS Iyer,498,306,9,162.75,55.33,Shreyas Iyer
2026,SS Mishra,1,3,0,33.33,,SS Mishra
2026,SU Parakh,46,33,4,139.39,11.5,SU Parakh
2026,SV Samson,477,295,11,161.69,43.36,Sanju Samson
2026,Sakib Hussain,5,7,0,71.43,,Sakib Hussain
2026,Salil Arora,35,25,1,140.0,35.0,Salil Arora
2026,Sameer Rizvi,252,178,7,141.57,36.0,Sameer Rizvi
2026,Shahbaz Ahmed,58,41,0,141.46,,Shahbaz Ahmed
2026,Shashank Singh,132,78,6,169.23,22.0,Shashank Singh
2026,Shivang Kumar,53,50,6,106.0,8.83,Shivang Kumar
2026,Shubman Gill,732,472,16,155.08,45.75,Shubman Gill
2026,Suryansh Shedge,158,92,4,171.74,39.5,Suryansh Shedge
2026,T Dahiya,12,15,2,80.0,6.0,T Dahiya
2026,T Natarajan,1,2,0,50.0,,T Natarajan
2026,T Stubbs,275,225,6,122.22,45.83,Tristan Stubbs
2026,TA Boult,8,4,1,200.0,8.0,Trent Boult
2026,TH David,305,173,9,176.3,33.89,Tim David
2026,TL Seifert,19,18,3,105.56,6.33,Tim Seifert
2026,TM Head,410,253,15,162.06,27.33,Travis Head
2026,TU Deshpande,26,14,2,185.71,13.0,Tushar Deshpande
2026,Tilak Varma,359,255,12,140.78,29.92,Tilak Varma
2026,Urvil Patel,129,68,7,189.71,18.43,Urvil Patel
2026,V Kohli,675,425,12,158.82,56.25,Virat Kohli
2026,V Nigam,15,10,1,150.0,15.0,Vipraj Nigam
2026,V Suryavanshi,776,344,16,225.58,48.5,Vaibhav Suryavanshi
2026,VG Arora,1,3,0,33.33,,Vaibhav Arora
2026,VR Iyer,209,116,4,180.17,52.25,Venkatesh Iyer
2026,Vijaykumar Vyshak,2,4,0,50.0,,Vijaykumar Vyshak
2026,Vishnu Vinod,15,8,0,187.5,,Vishnu Vinod
2026,WG Jacks,139,79,5,175.95,27.8,Will Jacks
2026,Washington Sundar,377,263,10,143.35,37.7,Washington Sundar
2026,XC Bartlett,29,14,1,207.14,29.0,Xavier Bartlett
2026,YBK Jaiswal,427,296,14,144.26,30.5,Yashasvi Jaiswal
