season,player,runs_conceded,balls_bowled,wickets,overs,economy,bowling_average,full_name
2008,A Kumble,314,236,7,39.2,7.98,44.86,A Kumble
2008,A Mishra,140,123,11,20.3,6.83,12.73,Amit Mishra
2008,A Nehra,357,280,12,46.4,7.65,29.75,Ashish Nehra
2008,A Nel,31,18,1,3.0,10.33,31.0,A Nel
2008,A Symonds,106,44,0,7.2,14.45,,A Symonds
2008,AA Noffke,41,25,1,4.1,9.84,41.0,AA Noffke
2008,AB Agarkar,211,168,8,28.0,7.54,26.38,AB Agarkar
2008,AB Dinda,266,245,9,40.5,6.51,29.56,Ashok Dinda
2008,AD Mascarenhas,31,25,2,4.1,7.44,15.5,AD Mascarenhas
2008,AM Nayar,69,43,1,7.1,9.63,69.0,Abhishek Nayar
2008,Abdur Razzak,29,14,0,2.2,12.43,,Abdur Razzak
2008,B Akhil,138,105,2,17.3,7.89,69.0,B Akhil
2008,B Geeves,91,49,1,8.1,11.14,91.0,B Geeves
2008,B Lee,118,99,4,16.3,7.15,29.5,B Lee
2008,BAW Mendis,24,24,1,4.0,6.0,24.0,BAW Mendis
2008,CK Kapugedera,49,17,0,2.5,17.29,,CK Kapugedera
2008,CL White,24,7,0,1.1,20.57,,CL White
2008,CRD Fernando,164,128,10,21.2,7.69,16.4,CRD Fernando
2008,D Kalyankrishna,88,50,2,8.2,10.56,44.0,D Kalyankrishna
2008,D Salunkhe,80,51,1,8.3,9.41,80.0,Dinesh Salunkhe
2008,DB Ravi Teja,19,12,1,2.0,9.5,19.0,DB Ravi Teja
2008,DJ Bravo,239,181,11,30.1,7.92,21.73,Dwayne Bravo
2008,DJ Hussey,134,79,2,13.1,10.18,67.0,DJ Hussey
2008,DJ Thornely,40,44,3,7.2,5.45,13.33,DJ Thornely
2008,DL Vettori,54,48,2,8.0,6.75,27.0,DL Vettori
2008,DNT Zoysa,100,69,2,11.3,8.7,50.0,DNT Zoysa
2008,DP Vijaykumar,205,159,4,26.3,7.74,51.25,DP Vijaykumar
2008,DR Smith,83,69,5,11.3,7.22,16.6,Dwayne Smith
2008,DS Kulkarni,242,193,11,32.1,7.52,22.0,Dhawal Kulkarni
2008,DW Steyn,265,247,10,41.1,6.44,26.5,Dale Steyn
2008,GD McGrath,366,329,12,54.5,6.67,30.5,GD McGrath
2008,Gagandeep Singh,142,84,3,14.0,10.14,47.33,Gagandeep Singh
2008,Harbhajan Singh,84,62,5,10.2,8.13,16.8,Harbhajan Singh
2008,I Sharma,348,266,7,44.2,7.85,49.71,Ishant Sharma
2008,IK Pathan,361,336,15,56.0,6.45,24.07,Irfan Pathan
2008,Iqbal Abdulla,22,18,0,3.0,7.33,,Iqbal Abdulla
2008,JA Morkel,414,310,17,51.4,8.01,24.35,JA Morkel
2008,JDP Oram,149,100,3,16.4,8.94,49.67,Jacob Oram
2008,JH Kallis,322,211,4,35.1,9.16,80.5,Jacques Kallis
2008,JR Hopes,285,171,7,28.3,10.0,40.71,JR Hopes
2008,Joginder Sharma,241,158,8,26.2,9.15,30.12,Joginder Sharma
2008,K Goel,25,12,0,2.0,12.5,,K Goel
2008,L Balaji,293,205,11,34.1,8.58,26.64,Lakshmipathy Balaji
2008,LPC Silva,21,6,0,1.0,21.0,,LPC Silva
2008,LR Shukla,126,78,6,13.0,9.69,21.0,Laxmi Ratan Shukla
2008,M Kartik,132,89,3,14.5,8.9,44.0,Murali Kartik
2008,M Muralitharan,416,369,11,61.3,6.76,37.82,Muttiah Muralitharan
2008,M Ntini,257,213,7,35.3,7.24,36.71,M Ntini
2008,MA Khote,52,30,2,5.0,10.4,26.0,MA Khote
2008,MF Maharoof,255,226,15,37.4,6.77,17.0,MF Maharoof
2008,MM Patel,423,336,14,56.0,7.55,30.21,Munaf Patel
2008,MS Gony,456,371,17,61.5,7.37,26.82,Manpreet Gony
2008,Mohammad Asif,307,199,8,33.1,9.26,38.38,Mohammad Asif
2008,Mohammad Hafeez,71,63,2,10.3,6.76,35.5,Mohammad Hafeez
2008,P Amarnath,241,132,7,22.0,10.95,34.43,P Amarnath
2008,P Kumar,376,275,11,45.5,8.2,34.18,Praveen Kumar
2008,PJ Sangwan,221,155,5,25.5,8.55,44.2,Pradeep Sangwan
2008,PM Sarvesh Kumar,42,31,1,5.1,8.13,42.0,PM Sarvesh Kumar
2008,PP Chawla,396,286,17,47.4,8.31,23.29,Piyush Chawla
2008,PP Ojha,299,236,11,39.2,7.6,27.18,Pragyan Ojha
2008,Pankaj Singh,129,76,0,12.4,10.18,,Pankaj Singh
2008,R Bhatia,185,134,6,22.2,8.28,30.83,Rajat Bhatia
2008,R Vinay Kumar,183,141,5,23.3,7.79,36.6,Rajan Kumar
2008,RA Jadeja,21,13,0,2.1,9.69,,Ravindra Jadeja
2008,RG Sharma,26,25,1,4.1,6.24,26.0,Rohit Sharma
2008,RP Singh,459,325,15,54.1,8.47,30.6,R. P. Singh
2008,RR Powar,93,77,3,12.5,7.25,31.0,RR Powar
2008,RR Raje,142,102,5,17.0,8.35,28.4,RR Raje
2008,S Sreesanth,451,332,19,55.2,8.15,23.74,S Sreesanth
2008,S Vidyut,22,13,1,2.1,10.15,22.0,S Vidyut
2008,SB Bangar,221,153,4,25.3,8.67,55.25,SB Bangar
2008,SB Joshi,82,55,1,9.1,8.95,82.0,SB Joshi
2008,SB Styris,201,167,3,27.5,7.22,67.0,SB Styris
2008,SC Ganguly,132,121,6,20.1,6.55,22.0,SC Ganguly
2008,SD Chitnis,62,38,2,6.2,9.79,31.0,SD Chitnis
2008,SK Raina,30,20,1,3.2,9.0,30.0,SK Raina
2008,SK Trivedi,407,300,13,50.0,8.14,31.31,Sagar Trivedi
2008,SK Warne,409,319,19,53.1,7.69,21.53,SK Warne
2008,SM Pollock,307,280,11,46.4,6.58,27.91,SM Pollock
2008,SR Watson,395,344,17,57.2,6.89,23.24,Shane Watson
2008,ST Jayasuriya,163,127,4,21.1,7.7,40.75,ST Jayasuriya
2008,Shahid Afridi,237,185,9,30.5,7.69,26.33,Shahid Afridi
2008,Shoaib Akhtar,54,46,5,7.4,7.04,10.8,Shoaib Akhtar
2008,Shoaib Malik,87,58,2,9.4,9.0,43.5,Shoaib Malik
2008,Sohail Tanvir,275,265,22,44.1,6.23,12.5,Sohail Tanvir
2008,TM Dilshan,3,6,1,1.0,3.0,3.0,TM Dilshan
2008,Umar Gul,198,153,12,25.3,7.76,16.5,Umar Gul
2008,V Kohli,62,49,2,8.1,7.59,31.0,Virat Kohli
2008,V Sehwag,134,67,3,11.1,12.0,44.67,Virender Sehwag
2008,VRV Singh,425,296,11,49.2,8.61,38.64,VRV Singh
2008,VS Yeligati,61,32,0,5.2,11.44,,VS Yeligati
2008,VY Mahesh,380,266,16,44.2,8.57,23.75,VY Mahesh
2008,WA Mota,36,20,1,3.2,10.8,36.0,WA Mota
2008,WPUJC Vaas,146,103,5,17.1,8.5,29.2,WPUJC Vaas
2008,Y Venugopal Rao,137,88,2,14.4,9.34,68.5,Yalaka Venugopal Rao
2008,YK Pathan,233,170,8,28.2,8.22,29.12,Yusuf Pathan
2008,Yuvraj Singh,85,56,3,9.2,9.11,28.33,Yuvraj Singh
2008,Z Khan,369,258,14,43.0,8.58,26.36,Zaheer Khan
2009,A Flintoff,106,66,2,11.0,9.64,53.0,A Flintoff
2009,A Kumble,353,358,21,59.4,5.92,16.81,A Kumble
2009,A Mishra,300,262,14,43.4,6.87,21.43,Amit Mishra
2009,A Mithun,42,27,0,4.3,9.33,,Abhimanyu Mithun
2009,A Nehra,354,326,19,54.2,6.52,18.63,Ashish Nehra
2009,A Singh,100,107,9,17.5,5.61,11.11,A Singh
2009,A Symonds,162,147,7,24.3,6.61,23.14,A Symonds
2009,AB Agarkar,293,199,6,33.1,8.83,48.83,AB Agarkar
2009,AB Dinda,195,150,4,25.0,7.8,48.75,Ashok Dinda
2009,AB McDonald,22,18,0,3.0,7.33,,AB McDonald
2009,AD Mascarenhas,133,116,6,19.2,6.88,22.17,AD Mascarenhas
2009,AD Mathews,32,15,0,2.3,12.8,,Angelo Mathews
2009,AM Nayar,84,77,4,12.5,6.55,21.0,Abhishek Nayar
2009,AM Rahane,5,6,1,1.0,5.0,5.0,Ajinkya Rahane
2009,AM Salvi,138,106,4,17.4,7.81,34.5,AM Salvi
2009,AS Raut,37,24,0,4.0,9.25,,AS Raut
2009,Anureet Singh,47,34,2,5.4,8.29,23.5,Anureet Singh
2009,B Akhil,80,69,4,11.3,6.96,20.0,B Akhil
2009,B Lee,113,133,5,22.1,5.1,22.6,B Lee
2009,BAW Mendis,136,102,3,17.0,8.0,45.33,BAW Mendis
2009,BJ Hodge,167,123,7,20.3,8.15,23.86,Brad Hodge
2009,C Nanda,58,50,2,8.2,6.96,29.0,C Nanda
2009,CH Gayle,146,119,1,19.5,7.36,146.0,Chris Gayle
2009,CK Langeveldt,15,25,3,4.1,3.6,5.0,CK Langeveldt
2009,D du Preez,56,43,4,7.1,7.81,14.0,D du Preez
2009,DJ Bravo,265,211,11,35.1,7.54,24.09,Dwayne Bravo
2009,DJ Hussey,34,25,0,4.1,8.16,,DJ Hussey
2009,DL Vettori,186,141,7,23.3,7.91,26.57,DL Vettori
2009,DP Nannes,384,320,15,53.2,7.2,25.6,Dirk Nannes
2009,DR Smith,128,85,1,14.1,9.04,128.0,Dwayne Smith
2009,DS Kulkarni,209,160,5,26.4,7.84,41.8,Dhawal Kulkarni
2009,DW Steyn,62,59,2,9.5,6.31,31.0,Dale Steyn
2009,FH Edwards,160,150,5,25.0,6.4,32.0,Fidel Edwards
2009,GR Napier,28,24,1,4.0,7.0,28.0,GR Napier
2009,Harbhajan Singh,272,268,12,44.4,6.09,22.67,Harbhajan Singh
2009,Harmeet Singh,198,142,3,23.4,8.37,66.0,Harmeet Singh
2009,I Sharma,303,270,11,45.0,6.73,27.55,Ishant Sharma
2009,IK Pathan,398,314,17,52.2,7.61,23.41,Irfan Pathan
2009,J Botha,76,75,3,12.3,6.08,25.33,Johan Botha
2009,JA Morkel,330,249,13,41.3,7.95,25.38,JA Morkel
2009,JD Ryder,121,104,3,17.2,6.98,40.33,Jesse Ryder
2009,JDP Oram,139,94,5,15.4,8.87,27.8,Jacob Oram
2009,JH Kallis,362,289,6,48.1,7.52,60.33,Jacques Kallis
2009,JP Duminy,96,107,4,17.5,5.38,24.0,Jean-Paul Duminy
2009,Jaskaran Singh,32,19,0,3.1,10.11,,Jaskaran Singh
2009,Joginder Sharma,57,43,2,7.1,7.95,28.5,Joginder Sharma
2009,K Goel,62,49,0,8.1,7.59,,K Goel
2009,KP Appanna,91,72,2,12.0,7.58,45.5,KP Appanna
2009,KP Pietersen,88,80,4,13.2,6.6,22.0,Kevin Pietersen
2009,Kamran Khan,148,121,7,20.1,7.34,21.14,Kamran Khan
2009,L Balaji,320,229,13,38.1,8.38,24.62,Lakshmipathy Balaji
2009,LA Carseldine,6,7,1,1.1,5.14,6.0,LA Carseldine
2009,LR Shukla,102,88,3,14.4,6.95,34.0,Laxmi Ratan Shukla
2009,LRPL Taylor,13,7,0,1.1,11.14,,LRPL Taylor
2009,M Kartik,207,210,4,35.0,5.91,51.75,Murali Kartik
2009,M Morkel,40,44,0,7.2,5.45,,Morne Morkel
2009,M Muralitharan,267,304,14,50.4,5.27,19.07,Muttiah Muralitharan
2009,MC Henriques,107,76,2,12.4,8.45,53.5,Moises Henriques
2009,MF Maharoof,67,66,4,11.0,6.09,16.75,MF Maharoof
2009,MK Tiwary,11,6,0,1.0,11.0,,Manoj Tiwary
2009,MM Patel,245,218,16,36.2,6.74,15.31,Munaf Patel
2009,MS Gony,173,107,5,17.5,9.7,34.6,Manpreet Gony
2009,Mashrafe Mortaza,59,28,0,4.4,12.64,,Mashrafe Mortaza
2009,P Kumar,401,312,13,52.0,7.71,30.85,Praveen Kumar
2009,PJ Sangwan,374,297,15,49.3,7.56,24.93,Pradeep Sangwan
2009,PP Chawla,319,273,12,45.3,7.01,26.58,Piyush Chawla
2009,PP Ojha,359,327,18,54.3,6.59,19.94,Pragyan Ojha
2009,Pankaj Singh,65,45,2,7.3,8.67,32.5,Pankaj Singh
2009,R Ashwin,14,24,2,4.0,3.5,7.0,Ravichandran Ashwin
2009,R Bhatia,153,133,10,22.1,6.9,15.3,Rajat Bhatia
2009,R Vinay Kumar,273,199,9,33.1,8.23,30.33,Rajan Kumar
2009,RA Jadeja,156,144,6,24.0,6.5,26.0,Ravindra Jadeja
2009,RA Shaikh,11,6,0,1.0,11.0,,RA Shaikh
2009,RE van der Merwe,263,209,9,34.5,7.55,29.22,RE van der Merwe
2009,RG Sharma,163,140,11,23.2,6.99,14.82,Rohit Sharma
2009,RJ Harris,235,192,6,32.0,7.34,39.17,RJ Harris
2009,RP Singh,430,382,23,63.4,6.75,18.7,R. P. Singh
2009,RR Bose,24,12,0,2.0,12.0,,RR Bose
2009,RR Powar,138,132,5,22.0,6.27,27.6,RR Powar
2009,RR Raje,72,42,1,7.0,10.29,72.0,RR Raje
2009,RS Bopara,5,8,0,1.2,3.75,,Ravi Bopara
2009,S Sreesanth,196,145,6,24.1,8.11,32.67,S Sreesanth
2009,S Tyagi,143,118,5,19.4,7.27,28.6,Sudeep Tyagi
2009,SB Jakati,225,175,13,29.1,7.71,17.31,Shadab Jakati
2009,SB Styris,64,49,5,8.1,7.84,12.8,SB Styris
2009,SC Ganguly,98,73,2,12.1,8.05,49.0,SC Ganguly
2009,SK Raina,169,167,7,27.5,6.07,24.14,SK Raina
2009,SK Trivedi,152,123,6,20.3,7.41,25.33,Sagar Trivedi
2009,SK Warne,369,313,14,52.1,7.07,26.36,SK Warne
2009,SL Malinga,334,326,18,54.2,6.15,18.56,SL Malinga
2009,SM Harwood,74,67,3,11.1,6.63,24.67,SM Harwood
2009,SR Tendulkar,59,37,0,6.1,9.57,,SR Tendulkar
2009,SS Sarkar,34,25,1,4.1,8.16,34.0,SS Sarkar
2009,ST Jayasuriya,165,119,7,19.5,8.32,23.57,ST Jayasuriya
2009,Shoaib Ahmed,154,103,5,17.1,8.97,30.8,Shoaib Ahmed
2009,T Henderson,41,36,1,6.0,6.83,41.0,T Henderson
2009,T Thushara,61,50,3,8.2,7.32,20.33,T Thushara
2009,TL Suman,108,91,5,15.1,7.12,21.6,Tirumalasetti Suman
2009,TM Dilshan,99,96,0,16.0,6.19,,TM Dilshan
2009,V Kohli,46,39,0,6.3,7.08,,Virat Kohli
2009,V Sehwag,25,7,0,1.1,21.43,,Virender Sehwag
2009,VRV Singh,83,54,1,9.0,9.22,83.0,VRV Singh
2009,VS Malik,100,74,2,12.2,8.11,50.0,Vikramjeet Malik
2009,VY Mahesh,25,13,1,2.1,11.54,25.0,VY Mahesh
2009,WA Mota,62,55,3,9.1,6.76,20.67,WA Mota
2009,WPUJC Vaas,71,52,4,8.4,8.19,17.75,WPUJC Vaas
2009,Y Nagar,20,13,2,2.1,9.23,10.0,Y Nagar
2009,Y Venugopal Rao,123,92,4,15.2,8.02,30.75,Yalaka Venugopal Rao
2009,YA Abdulla,244,180,14,30.0,8.13,17.43,YA Abdulla
2009,YK Pathan,248,221,7,36.5,6.73,35.43,Yusuf Pathan
2009,Yuvraj Singh,142,121,6,20.1,7.04,23.67,Yuvraj Singh
2009,Z Khan,144,132,6,22.0,6.55,24.0,Zaheer Khan
2010,A Kumble,422,389,17,64.5,6.51,24.82,A Kumble
2010,A Mishra,371,329,17,54.5,6.77,21.82,Amit Mishra
2010,A Mithun,39,20,1,3.2,11.7,39.0,Abhimanyu Mithun
2010,A Nehra,102,85,6,14.1,7.2,17.0,Ashish Nehra
2010,A Symonds,385,325,12,54.1,7.11,32.08,A Symonds
2010,A Uniyal,67,38,2,6.2,10.58,33.5,A Uniyal
2010,AA Jhunjhunwala,69,39,0,6.3,10.62,,AA Jhunjhunwala
2010,AB Agarkar,207,136,4,22.4,9.13,51.75,AB Agarkar
2010,AB Dinda,155,144,9,24.0,6.46,17.22,Ashok Dinda
2010,AB McDonald,138,85,5,14.1,9.74,27.6,AB McDonald
2010,AC Voges,76,56,0,9.2,8.14,,AC Voges
2010,AD Mascarenhas,66,48,4,8.0,8.25,16.5,AD Mascarenhas
2010,AD Mathews,317,230,8,38.2,8.27,39.62,Angelo Mathews
2010,AG Murtaza,93,73,3,12.1,7.64,31.0,AG Murtaza
2010,AJ Finch,5,7,0,1.1,4.29,,Aaron Finch
2010,AN Ahmed,26,14,0,2.2,11.14,,Abu Nechim Ahmed
2010,AP Dole,114,73,5,12.1,9.37,22.8,AP Dole
2010,B Akhil,6,6,0,1.0,6.0,,B Akhil
2010,B Lee,154,91,0,15.1,10.15,,B Lee
2010,BAW Mendis,68,50,2,8.2,8.16,34.0,BAW Mendis
2010,BJ Hodge,41,30,2,5.0,8.2,20.5,Brad Hodge
2010,Bipul Sharma,94,60,3,10.0,9.4,31.33,Bipul Sharma
2010,C Ganapathy,13,6,0,1.0,13.0,,C Ganapathy
2010,CH Gayle,153,102,4,17.0,9.0,38.25,Chris Gayle
2010,CK Langeveldt,92,70,5,11.4,7.89,18.4,CK Langeveldt
2010,CL White,19,7,0,1.1,16.29,,CL White
2010,CRD Fernando,142,121,7,20.1,7.04,20.29,CRD Fernando
2010,DE Bollinger,213,193,12,32.1,6.62,17.75,DE Bollinger
2010,DJ Bravo,231,162,4,27.0,8.56,57.75,Dwayne Bravo
2010,DJ Hussey,81,60,0,10.0,8.1,,DJ Hussey
2010,DL Vettori,98,72,2,12.0,8.17,49.0,DL Vettori
2010,DP Nannes,235,218,7,36.2,6.47,33.57,Dirk Nannes
2010,DR Smith,36,23,1,3.5,9.39,36.0,Dwayne Smith
2010,DS Kulkarni,40,25,1,4.1,9.6,40.0,Dhawal Kulkarni
2010,DW Steyn,415,382,15,63.4,6.52,27.67,Dale Steyn
2010,FY Fazal,20,12,0,2.0,10.0,,FY Fazal
2010,Harbhajan Singh,385,334,17,55.4,6.92,22.65,Harbhajan Singh
2010,Harmeet Singh,177,151,8,25.1,7.03,22.12,Harmeet Singh
2010,I Sharma,242,160,7,26.4,9.07,34.57,Ishant Sharma
2010,IK Pathan,435,290,15,48.2,9.0,29.0,Irfan Pathan
2010,Iqbal Abdulla,62,51,1,8.3,7.29,62.0,Iqbal Abdulla
2010,J Theron,204,158,8,26.2,7.75,25.5,J Theron
2010,JA Morkel,410,295,11,49.1,8.34,37.27,JA Morkel
2010,JD Unadkat,85,62,4,10.2,8.23,21.25,Jaydev Unadkat
2010,JH Kallis,484,350,13,58.2,8.3,37.23,Jacques Kallis
2010,JM Kemp,58,47,3,7.5,7.4,19.33,JM Kemp
2010,JP Duminy,37,33,1,5.3,6.73,37.0,Jean-Paul Duminy
2010,Jaskaran Singh,142,92,6,15.2,9.26,23.67,Jaskaran Singh
2010,Joginder Sharma,89,51,2,8.3,10.47,44.5,Joginder Sharma
2010,K Goel,7,6,0,1.0,7.0,,K Goel
2010,KA Pollard,276,233,15,38.5,7.11,18.4,Kieron Pollard
2010,KAJ Roach,80,52,0,8.4,9.23,,KAJ Roach
2010,KP Appanna,51,43,1,7.1,7.12,51.0,KP Appanna
2010,KP Pietersen,77,60,3,10.0,7.7,25.67,Kevin Pietersen
2010,Kamran Khan,53,38,3,6.2,8.37,17.67,Kamran Khan
2010,L Ablish,37,27,3,4.3,8.22,12.33,L Ablish
2010,L Balaji,214,147,7,24.3,8.73,30.57,Lakshmipathy Balaji
2010,LR Shukla,108,72,3,12.0,9.0,36.0,Laxmi Ratan Shukla
2010,M Kartik,261,238,9,39.4,6.58,29.0,Murali Kartik
2010,M Morkel,66,46,0,7.4,8.61,,Morne Morkel
2010,M Muralitharan,356,306,16,51.0,6.98,22.25,Muttiah Muralitharan
2010,MB Parmar,33,19,0,3.1,10.42,,MB Parmar
2010,MC Henriques,35,24,1,4.0,8.75,35.0,Moises Henriques
2010,MF Maharoof,210,149,8,24.5,8.46,26.25,MF Maharoof
2010,MK Tiwary,11,7,1,1.1,9.43,11.0,Manoj Tiwary
2010,MM Patel,118,78,3,13.0,9.08,39.33,Munaf Patel
2010,MR Marsh,89,64,2,10.4,8.34,44.5,Mitchell Marsh
2010,MS Gony,92,51,1,8.3,10.82,92.0,Manpreet Gony
2010,ND Doshi,17,25,1,4.1,4.08,17.0,ND Doshi
2010,NLTC Perera,19,6,0,1.0,19.0,,NLTC Perera
2010,P Kumar,392,288,10,48.0,8.17,39.2,Praveen Kumar
2010,PD Collingwood,101,90,5,15.0,6.73,20.2,PD Collingwood
2010,PJ Sangwan,260,199,9,33.1,7.84,28.89,Pradeep Sangwan
2010,PP Chawla,371,296,12,49.2,7.52,30.92,Piyush Chawla
2010,PP Ojha,439,360,21,60.0,7.32,20.9,Pragyan Ojha
2010,Pankaj Singh,83,51,2,8.3,9.76,41.5,Pankaj Singh
2010,R Ashwin,308,297,13,49.3,6.22,23.69,Ravichandran Ashwin
2010,R Bhatia,136,98,3,16.2,8.33,45.33,Rajat Bhatia
2010,R McLaren,281,215,4,35.5,7.84,70.25,Ryan McLaren
2010,R Sathish,81,51,2,8.3,9.53,40.5,Rajagopal Sathish
2010,R Sharma,170,126,5,21.0,8.1,34.0,Rahul Sharma
2010,R Vinay Kumar,404,284,16,47.2,8.54,25.25,Rajan Kumar
2010,RE van der Merwe,27,27,2,4.3,6.0,13.5,RE van der Merwe
2010,RG Sharma,159,119,2,19.5,8.02,79.5,Rohit Sharma
2010,RJ Harris,239,195,14,32.3,7.35,17.07,RJ Harris
2010,RP Singh,385,266,13,44.2,8.68,29.62,R. P. Singh
2010,RR Powar,163,144,3,24.0,6.79,54.33,RR Powar
2010,RS Bopara,132,82,5,13.4,9.66,26.4,Ravi Bopara
2010,RS Gavaskar,8,6,0,1.0,8.0,,RS Gavaskar
2010,S Ladda,144,92,4,15.2,9.39,36.0,Sarabjit Ladda
2010,S Narwal,186,99,5,16.3,11.27,37.2,Sumit Narwal
2010,S Sreesanth,191,128,4,21.2,8.95,47.75,S Sreesanth
2010,S Sriram,24,12,0,2.0,12.0,,S Sriram
2010,S Tyagi,161,102,1,17.0,9.47,161.0,Sudeep Tyagi
2010,SB Jakati,300,232,13,38.4,7.76,23.08,Shadab Jakati
2010,SB Wagh,16,6,1,1.0,16.0,16.0,SB Wagh
2010,SC Ganguly,43,25,0,4.1,10.32,,SC Ganguly
2010,SE Bond,225,191,9,31.5,7.07,25.0,SE Bond
2010,SJ Srivastava,257,178,6,29.4,8.66,42.83,SJ Srivastava
2010,SK Raina,181,147,6,24.3,7.39,30.17,SK Raina
2010,SK Trivedi,266,218,11,36.2,7.32,24.18,Sagar Trivedi
2010,SK Warne,389,305,11,50.5,7.65,35.36,SK Warne
2010,SL Malinga,360,310,15,51.4,6.97,24.0,SL Malinga
2010,SR Watson,185,139,6,23.1,7.99,30.83,Shane Watson
2010,ST Jayasuriya,68,55,2,9.1,7.42,34.0,ST Jayasuriya
2010,STR Binny,9,6,0,1.0,9.0,,Stuart Binny
2010,SW Tait,274,205,11,34.1,8.02,24.91,SW Tait
2010,T Thushara,103,94,5,15.4,6.57,20.6,T Thushara
2010,TL Suman,24,13,0,2.1,11.08,,Tirumalasetti Suman
2010,TM Dilshan,70,49,3,8.1,8.57,23.33,TM Dilshan
2010,UT Yadav,192,152,6,25.2,7.58,32.0,Upendra Yadav
2010,V Kohli,51,33,0,5.3,9.27,,Virat Kohli
2010,V Sehwag,23,34,3,5.4,4.06,7.67,Virender Sehwag
2010,VRV Singh,41,21,0,3.3,11.71,,VRV Singh
2010,VS Malik,66,46,1,7.4,8.61,66.0,Vikramjeet Malik
2010,VY Mahesh,23,19,1,3.1,7.26,23.0,VY Mahesh
2010,WPUJC Vaas,147,133,9,22.1,6.63,16.33,WPUJC Vaas
2010,Y Nagar,28,18,1,3.0,9.33,28.0,Y Nagar
2010,Y Venugopal Rao,10,6,0,1.0,10.0,,Yalaka Venugopal Rao
2010,YA Abdulla,67,42,1,7.0,9.57,67.0,YA Abdulla
2010,YK Pathan,254,214,5,35.4,7.12,50.8,Yusuf Pathan
2010,Yuvraj Singh,155,139,5,23.1,6.69,31.0,Yuvraj Singh
2010,Z Khan,388,295,15,49.1,7.89,25.87,Zaheer Khan
2011,A Mishra,369,324,19,54.0,6.83,19.42,Amit Mishra
2011,A Mithun,325,221,5,36.5,8.82,65.0,Abhimanyu Mithun
2011,A Singh,222,175,9,29.1,7.61,24.67,A Singh
2011,A Symonds,41,24,1,4.0,10.25,41.0,A Symonds
2011,AA Chavan,31,30,0,5.0,6.2,,AA Chavan
2011,AA Jhunjhunwala,22,13,0,2.1,10.15,,AA Jhunjhunwala
2011,AA Kazi,21,13,0,2.1,9.69,,AA Kazi
2011,AB Agarkar,236,164,8,27.2,8.63,29.5,AB Agarkar
2011,AB Dinda,159,107,5,17.5,8.92,31.8,Ashok Dinda
2011,AB McDonald,23,12,0,2.0,11.5,,AB McDonald
2011,AC Thomas,300,240,11,40.0,7.5,27.27,AC Thomas
2011,AG Murtaza,122,122,3,20.2,6.0,40.67,AG Murtaza
2011,AJ Finch,13,13,0,2.1,6.0,,Aaron Finch
2011,AL Menaria,121,93,2,15.3,7.81,60.5,AL Menaria
2011,AM Nayar,95,63,2,10.3,9.05,47.5,Abhishek Nayar
2011,AM Salvi,67,50,3,8.2,8.04,22.33,AM Salvi
2011,AN Ahmed,178,128,5,21.2,8.34,35.6,Abu Nechim Ahmed
2011,AS Raut,8,6,0,1.0,8.0,,AS Raut
2011,AUK Pathan,49,35,0,5.5,8.4,,AUK Pathan
2011,Anand Rajan,50,35,3,5.5,8.57,16.67,Anand Rajan
2011,B Akhil,22,13,0,2.1,10.15,,B Akhil
2011,B Chipli,20,6,0,1.0,20.0,,B Chipli
2011,B Kumar,68,67,3,11.1,6.09,22.67,Bhuvneshwar Kumar
2011,B Lee,349,284,5,47.2,7.37,69.8,B Lee
2011,BA Bhatt,233,172,9,28.4,8.13,25.89,BA Bhatt
2011,BJ Hodge,77,67,7,11.1,6.9,11.0,Brad Hodge
2011,Bipul Sharma,80,78,4,13.0,6.15,20.0,Bipul Sharma
2011,CH Gayle,262,225,8,37.3,6.99,32.75,Chris Gayle
2011,CK Langeveldt,92,70,5,11.4,7.89,18.4,CK Langeveldt
2011,DB Ravi Teja,9,6,0,1.0,9.0,,DB Ravi Teja
2011,DE Bollinger,343,294,17,49.0,7.0,20.18,DE Bollinger
2011,DJ Bravo,159,129,6,21.3,7.4,26.5,Dwayne Bravo
2011,DJ Hussey,38,18,1,3.0,12.67,38.0,DJ Hussey
2011,DL Vettori,315,312,12,52.0,6.06,26.25,DL Vettori
2011,DP Nannes,31,25,2,4.1,7.44,15.5,Dirk Nannes
2011,DS Kulkarni,156,126,5,21.0,7.43,31.2,Dhawal Kulkarni
2011,DT Christian,357,291,11,48.3,7.36,32.45,Daniel Christian
2011,DW Steyn,304,286,14,47.4,6.38,21.71,Dale Steyn
2011,Harbhajan Singh,373,328,14,54.4,6.82,26.64,Harbhajan Singh
2011,Harmeet Singh,53,44,3,7.2,7.23,17.67,Harmeet Singh
2011,I Malhotra,23,6,0,1.0,23.0,,I Malhotra
2011,I Sharma,324,275,11,45.5,7.07,29.45,Ishant Sharma
2011,IK Pathan,353,288,11,48.0,7.35,32.09,Irfan Pathan
2011,Iqbal Abdulla,313,305,16,50.5,6.16,19.56,Iqbal Abdulla
2011,J Botha,242,219,7,36.3,6.63,34.57,Johan Botha
2011,J Syed Mohammad,128,91,5,15.1,8.44,25.6,J Syed Mohammad
2011,JA Morkel,390,280,15,46.4,8.36,26.0,JA Morkel
2011,JD Ryder,119,94,4,15.4,7.6,29.75,Jesse Ryder
2011,JD Unadkat,151,111,6,18.3,8.16,25.17,Jaydev Unadkat
2011,JDP Oram,46,24,1,4.0,11.5,46.0,Jacob Oram
2011,JE Taylor,167,122,6,20.2,8.21,27.83,JE Taylor
2011,JEC Franklin,99,63,3,10.3,9.43,33.0,JEC Franklin
2011,JH Kallis,170,150,7,25.0,6.8,24.29,Jacques Kallis
2011,JJ van der Wath,134,76,3,12.4,10.58,44.67,JJ van der Wath
2011,JP Duminy,149,111,4,18.3,8.05,37.25,Jean-Paul Duminy
2011,JP Faulkner,10,12,1,2.0,5.0,10.0,James Faulkner
2011,JR Hopes,277,198,7,33.0,8.39,39.57,JR Hopes
2011,Joginder Sharma,34,20,0,3.2,10.2,,Joginder Sharma
2011,KA Pollard,367,270,10,45.0,8.16,36.7,Kieron Pollard
2011,KMDN Kulasekara,26,19,1,3.1,8.21,26.0,KMDN Kulasekara
2011,Kamran Khan,47,18,0,3.0,15.67,,Kamran Khan
2011,L Ablish,39,18,0,3.0,13.0,,L Ablish
2011,L Balaji,383,282,10,47.0,8.15,38.3,Lakshmipathy Balaji
2011,LRPL Taylor,11,6,0,1.0,11.0,,LRPL Taylor
2011,M Kartik,170,130,1,21.4,7.85,170.0,Murali Kartik
2011,M Manhas,42,42,0,7.0,6.0,,Mithun Manhas
2011,M Morkel,336,274,13,45.4,7.36,25.85,Morne Morkel
2011,M Muralitharan,145,117,2,19.3,7.44,72.5,Muttiah Muralitharan
2011,MK Tiwary,23,13,0,2.1,10.62,,Manoj Tiwary
2011,MM Patel,377,329,22,54.5,6.88,17.14,Munaf Patel
2011,MR Marsh,102,86,7,14.2,7.12,14.57,Mitchell Marsh
2011,MS Gony,86,55,4,9.1,9.38,21.5,Manpreet Gony
2011,ND Doshi,62,32,1,5.2,11.62,62.0,ND Doshi
2011,NJ Rimmington,20,18,0,3.0,6.67,,NJ Rimmington
2011,NL McCullum,35,30,0,5.0,7.0,,Nathan McCullum
2011,NLTC Perera,114,86,2,14.2,7.95,57.0,NLTC Perera
2011,P Kumar,353,283,10,47.1,7.48,35.3,Praveen Kumar
2011,P Parameswaran,137,97,4,16.1,8.47,34.25,Prasanth Parameswaran
2011,P Prasanth,18,6,0,1.0,18.0,,Padmanabhan Prasanth
2011,PC Valthaty,191,147,7,24.3,7.8,27.29,PC Valthaty
2011,PP Chawla,340,253,16,42.1,8.06,21.25,Piyush Chawla
2011,PP Ojha,281,224,10,37.2,7.53,28.1,Pragyan Ojha
2011,Pankaj Singh,24,12,0,2.0,12.0,,Pankaj Singh
2011,R Ashwin,398,385,20,64.1,6.2,19.9,Ravichandran Ashwin
2011,R Bhatia,213,194,8,32.2,6.59,26.62,Rajat Bhatia
2011,R McLaren,182,111,5,18.3,9.84,36.4,Ryan McLaren
2011,R Ninan,65,36,3,6.0,10.83,21.67,R Ninan
2011,R Sathish,41,31,0,5.1,7.94,,Rajagopal Sathish
2011,R Sharma,278,302,16,50.2,5.52,17.38,Rahul Sharma
2011,R Vinay Kumar,345,278,12,46.2,7.45,28.75,Rajan Kumar
2011,RA Jadeja,307,261,8,43.3,7.06,38.38,Ravindra Jadeja
2011,RE van der Merwe,94,91,5,15.1,6.2,18.8,RE van der Merwe
2011,RG Sharma,53,25,0,4.1,12.72,,Rohit Sharma
2011,RJ Harris,401,295,16,49.1,8.16,25.06,RJ Harris
2011,RN ten Doeschate,7,7,0,1.1,6.0,,Ryan Ten Doeschate
2011,RP Singh,365,314,13,52.2,6.97,28.08,R. P. Singh
2011,RR Powar,112,72,2,12.0,9.33,56.0,RR Powar
2011,RV Gomez,125,91,5,15.1,8.24,25.0,RV Gomez
2011,RW Price,33,18,0,3.0,11.0,,RW Price
2011,S Aravind,377,288,21,48.0,7.85,17.95,S Aravind
2011,S Dhawan,12,12,1,2.0,6.0,12.0,Shikhar Dhawan
2011,S Ladda,42,25,0,4.1,10.08,,Sarabjit Ladda
2011,S Nadeem,145,115,4,19.1,7.57,36.25,Shahbaz Nadeem
2011,S Rana,2,4,0,0.4,3.0,,Sachin Rana
2011,S Randiv,223,180,6,30.0,7.43,37.17,S Randiv
2011,S Sreesanth,212,206,7,34.2,6.17,30.29,S Sreesanth
2011,S Sriram,25,6,0,1.0,25.0,,S Sriram
2011,SB Jakati,338,269,10,44.5,7.54,33.8,Shadab Jakati
2011,SB Styris,13,6,0,1.0,13.0,,SB Styris
2011,SB Wagh,131,102,4,17.0,7.71,32.75,SB Wagh
2011,SJ Srivastava,187,128,8,21.2,8.77,23.38,SJ Srivastava
2011,SK Raina,209,173,4,28.5,7.25,52.25,SK Raina
2011,SK Trivedi,307,224,10,37.2,8.22,30.7,Sagar Trivedi
2011,SK Warne,298,286,13,47.4,6.25,22.92,SK Warne
2011,SL Malinga,393,397,28,66.1,5.94,14.04,SL Malinga
2011,SR Watson,248,226,6,37.4,6.58,41.33,Shane Watson
2011,SS Mundhe,6,7,1,1.1,5.14,6.0,Shrikant Mundhe
2011,STR Binny,44,25,0,4.1,10.56,,Stuart Binny
2011,SW Tait,137,102,6,17.0,8.06,22.83,SW Tait
2011,Shakib Al Hasan,177,158,11,26.2,6.72,16.09,Shakib al Hasan
2011,TG Southee,167,119,4,19.5,8.42,41.75,Tim Southee
2011,TL Suman,50,36,0,6.0,8.33,,Tirumalasetti Suman
2011,TM Dilshan,108,74,1,12.2,8.76,108.0,TM Dilshan
2011,UT Yadav,172,113,2,18.5,9.13,86.0,Upendra Yadav
2011,V Kohli,140,106,2,17.4,7.92,70.0,Virat Kohli
2011,VR Aaron,83,77,2,12.5,6.47,41.5,Varun Aaron
2011,VS Malik,14,12,0,2.0,7.0,,Vikramjeet Malik
2011,WD Parnell,222,184,9,30.4,7.24,24.67,Wayne Parnell
2011,Y Gnaneswara Rao,7,6,0,1.0,7.0,,Y Gnaneswara Rao
2011,Y Nagar,67,34,1,5.4,11.82,67.0,Y Nagar
2011,Y Venugopal Rao,26,12,0,2.0,13.0,,Yalaka Venugopal Rao
2011,YK Pathan,244,241,13,40.1,6.07,18.77,Yusuf Pathan
2011,Yuvraj Singh,193,175,9,29.1,6.62,21.44,Yuvraj Singh
2011,Z Khan,465,373,14,62.1,7.48,33.21,Zaheer Khan
2012,A Ashish Reddy,238,169,11,28.1,8.45,21.64,Ashish Reddy
2012,A Chandila,87,84,5,14.0,6.21,17.4,A Chandila
2012,A Mishra,381,289,13,48.1,7.91,29.31,Amit Mishra
2012,A Mithun,34,19,0,3.1,10.74,,Abhimanyu Mithun
2012,A Nehra,411,291,11,48.3,8.47,37.36,Ashish Nehra
2012,A Singh,317,204,10,34.0,9.32,31.7,A Singh
2012,AA Chavan,245,169,7,28.1,8.7,35.0,AA Chavan
2012,AA Jhunjhunwala,39,36,1,6.0,6.5,39.0,AA Jhunjhunwala
2012,AB Agarkar,134,90,3,15.0,8.93,44.67,AB Agarkar
2012,AB Dinda,171,154,9,25.4,6.66,19.0,Ashok Dinda
2012,AB McDonald,63,61,5,10.1,6.2,12.6,AB McDonald
2012,AC Thomas,116,87,3,14.3,8.0,38.67,AC Thomas
2012,AD Mascarenhas,110,97,7,16.1,6.8,15.71,AD Mascarenhas
2012,AD Mathews,195,158,7,26.2,7.41,27.86,Angelo Mathews
2012,AD Russell,162,98,1,16.2,9.92,162.0,Andre Russell
2012,AG Murtaza,11,12,0,2.0,5.5,,AG Murtaza
2012,AL Menaria,23,20,1,3.2,6.9,23.0,AL Menaria
2012,AM Nayar,16,6,0,1.0,16.0,,Abhishek Nayar
2012,AN Ahmed,17,13,0,2.1,7.85,,Abu Nechim Ahmed
2012,AUK Pathan,14,6,0,1.0,14.0,,AUK Pathan
2012,Anand Rajan,113,76,3,12.4,8.92,37.67,Anand Rajan
2012,Ankit Sharma,167,147,4,24.3,6.82,41.75,Ankit Nagendra Sharma
2012,Azhar Mahmood,331,265,14,44.1,7.49,23.64,Azhar Mahmood
2012,B Kumar,293,240,8,40.0,7.32,36.62,Bhuvneshwar Kumar
2012,B Lee,303,234,7,39.0,7.77,43.29,B Lee
2012,BA Bhatt,143,100,2,16.4,8.58,71.5,BA Bhatt
2012,BJ Hodge,22,12,1,2.0,11.0,22.0,Brad Hodge
2012,BW Hilfenhaus,242,215,14,35.5,6.75,17.29,Ben Hilfenhaus
2012,Bipul Sharma,82,48,0,8.0,10.25,,Bipul Sharma
2012,CH Gayle,67,30,0,5.0,13.4,,Chris Gayle
2012,CJ McKay,60,42,1,7.0,8.57,60.0,Clint McKay
2012,CL White,27,20,0,3.2,8.1,,CL White
2012,DAJ Bracewell,32,25,3,4.1,7.68,10.67,DAJ Bracewell
2012,DE Bollinger,160,113,9,18.5,8.5,17.78,DE Bollinger
2012,DJ Bravo,472,363,15,60.3,7.8,31.47,Dwayne Bravo
2012,DJ Harris,26,18,0,3.0,8.67,,DJ Harris
2012,DJ Hussey,67,55,3,9.1,7.31,22.33,DJ Hussey
2012,DL Vettori,241,212,5,35.2,6.82,48.2,DL Vettori
2012,DR Smith,98,79,2,13.1,7.44,49.0,Dwayne Smith
2012,DS Kulkarni,64,53,6,8.5,7.25,10.67,Dhawal Kulkarni
2012,DT Christian,240,169,8,28.1,8.52,30.0,Daniel Christian
2012,DW Steyn,290,289,18,48.1,6.02,16.11,Dale Steyn
2012,F du Plessis,16,6,0,1.0,16.0,,Faf du Plessis
2012,GB Hogg,262,220,10,36.4,7.15,26.2,GB Hogg
2012,GJ Maxwell,22,19,1,3.1,6.95,22.0,Glenn Maxwell
2012,HV Patel,352,249,9,41.3,8.48,39.11,Harshal Patel
2012,Harbhajan Singh,389,335,6,55.5,6.97,64.83,Harbhajan Singh
2012,Harmeet Singh,196,141,7,23.3,8.34,28.0,Harmeet Singh
2012,IK Pathan,477,366,8,61.0,7.82,59.62,Irfan Pathan
2012,Iqbal Abdulla,147,134,4,22.2,6.58,36.75,Iqbal Abdulla
2012,J Botha,304,251,9,41.5,7.27,33.78,Johan Botha
2012,J Syed Mohammad,66,43,0,7.1,9.21,,J Syed Mohammad
2012,J Theron,66,51,2,8.3,7.76,33.0,J Theron
2012,JA Morkel,392,315,13,52.3,7.47,30.15,JA Morkel
2012,JD Ryder,74,43,1,7.1,10.33,74.0,Jesse Ryder
2012,JD Unadkat,32,18,0,3.0,10.67,,Jaydev Unadkat
2012,JEC Franklin,126,92,6,15.2,8.22,21.0,JEC Franklin
2012,JH Kallis,410,336,15,56.0,7.32,27.33,Jacques Kallis
2012,JP Duminy,104,78,1,13.0,8.0,104.0,Jean-Paul Duminy
2012,JP Faulkner,74,49,3,8.1,9.06,24.67,James Faulkner
2012,K Upadhyay,33,24,0,4.0,8.25,,K Upadhyay
2012,KA Pollard,352,286,16,47.4,7.38,22.0,Kieron Pollard
2012,KK Cooper,187,149,10,24.5,7.53,18.7,Kevon Cooper
2012,KMDN Kulasekara,96,88,4,14.4,6.55,24.0,KMDN Kulasekara
2012,KP Appanna,149,107,6,17.5,8.36,24.83,KP Appanna
2012,KP Pietersen,53,40,0,6.4,7.95,,Kevin Pietersen
2012,L Balaji,169,189,11,31.3,5.37,15.36,Lakshmipathy Balaji
2012,LJ Wright,24,12,0,2.0,12.0,,LJ Wright
2012,LR Shukla,12,12,1,2.0,6.0,12.0,Laxmi Ratan Shukla
2012,M Kartik,267,225,4,37.3,7.12,66.75,Murali Kartik
2012,M Morkel,466,389,25,64.5,7.19,18.64,Morne Morkel
2012,M Muralitharan,264,245,15,40.5,6.47,17.6,Muttiah Muralitharan
2012,M de Lange,108,64,3,10.4,10.12,36.0,Marchant de Lange
2012,MJ Clarke,72,66,2,11.0,6.55,36.0,Michael Clarke
2012,MM Patel,374,288,15,48.0,7.79,24.93,Munaf Patel
2012,MN Samuels,217,176,8,29.2,7.4,27.12,MN Samuels
2012,MS Gony,217,151,3,25.1,8.62,72.33,Manpreet Gony
2012,NLTC Perera,27,15,0,2.3,10.8,,NLTC Perera
2012,P Awana,382,296,17,49.2,7.74,22.47,Parvinder Awana
2012,P Kumar,445,395,9,65.5,6.76,49.44,Praveen Kumar
2012,P Negi,153,133,7,22.1,6.9,21.86,Pawan Negi
2012,P Parameswaran,89,62,5,10.2,8.61,17.8,Prasanth Parameswaran
2012,PC Valthaty,16,6,0,1.0,16.0,,PC Valthaty
2012,PJ Sangwan,42,25,1,4.1,10.08,42.0,Pradeep Sangwan
2012,PP Chawla,425,346,16,57.4,7.37,26.56,Piyush Chawla
2012,PP Ojha,222,186,9,31.0,7.16,24.67,Pragyan Ojha
2012,Pankaj Singh,171,127,7,21.1,8.08,24.43,Pankaj Singh
2012,R Ashwin,439,402,14,67.0,6.55,31.36,Ravichandran Ashwin
2012,R Bhatia,400,323,13,53.5,7.43,30.77,Rajat Bhatia
2012,R Sharma,305,224,9,37.2,8.17,33.89,Rahul Sharma
2012,R Shukla,32,19,0,3.1,10.11,,Rahul Shukla
2012,R Vinay Kumar,488,346,19,57.4,8.46,25.68,Rajan Kumar
2012,RA Jadeja,278,216,12,36.0,7.72,23.17,Ravindra Jadeja
2012,RE van der Merwe,60,61,2,10.1,5.9,30.0,RE van der Merwe
2012,RG Sharma,16,6,0,1.0,16.0,,Rohit Sharma
2012,RJ Harris,136,109,8,18.1,7.49,17.0,RJ Harris
2012,RJ Peterson,70,48,3,8.0,8.75,23.33,RJ Peterson
2012,RN ten Doeschate,24,21,1,3.3,6.86,24.0,Ryan Ten Doeschate
2012,RP Singh,328,260,10,43.2,7.57,32.8,R. P. Singh
2012,RR Bhatkal,35,12,0,2.0,17.5,,RR Bhatkal
2012,RR Powar,32,18,0,3.0,10.67,,RR Powar
2012,S Aravind,48,18,0,3.0,16.0,,S Aravind
2012,S Dhawan,60,37,3,6.1,9.73,20.0,Shikhar Dhawan
2012,S Nadeem,320,275,8,45.5,6.98,40.0,Shahbaz Nadeem
2012,SB Jakati,337,248,9,41.2,8.15,37.44,Shadab Jakati
2012,SC Ganguly,97,61,2,10.1,9.54,48.5,SC Ganguly
2012,SK Raina,106,85,2,14.1,7.48,53.0,SK Raina
2012,SK Trivedi,387,324,13,54.0,7.17,29.77,Sagar Trivedi
2012,SL Malinga,355,351,22,58.3,6.07,16.14,SL Malinga
2012,SP Narine,332,357,24,59.3,5.58,13.83,Sunil Narine
2012,SPD Smith,5,2,0,0.2,15.0,,Steve Smith
2012,SR Watson,165,144,6,24.0,6.88,27.5,Shane Watson
2012,STR Binny,78,60,3,10.0,7.8,26.0,Stuart Binny
2012,SW Tait,154,157,6,26.1,5.89,25.67,SW Tait
2012,Shakib Al Hasan,203,185,12,30.5,6.58,16.92,Shakib al Hasan
2012,Sunny Gupta,47,19,0,3.1,14.84,,Sunny Gupta
2012,TM Dilshan,78,44,0,7.2,10.64,,TM Dilshan
2012,TP Sudhindra,137,74,1,12.2,11.11,137.0,TP Sudhindra
2012,UT Yadav,459,383,19,63.5,7.19,24.16,Upendra Yadav
2012,V Kohli,49,18,0,3.0,16.33,,Virat Kohli
2012,V Pratap Singh,300,211,10,35.1,8.53,30.0,Veer Pratap Singh
2012,V Sehwag,45,24,0,4.0,11.25,,Virender Sehwag
2012,VR Aaron,279,192,8,32.0,8.72,34.88,Varun Aaron
2012,VY Mahesh,83,61,3,10.1,8.16,27.67,VY Mahesh
2012,WD Parnell,133,130,5,21.4,6.14,26.6,Wayne Parnell
2012,Y Nagar,10,7,0,1.1,8.57,,Y Nagar
2012,Y Venugopal Rao,26,12,0,2.0,13.0,,Yalaka Venugopal Rao
2012,YK Pathan,184,137,3,22.5,8.06,61.33,Yusuf Pathan
2012,Z Khan,468,370,17,61.4,7.59,27.53,Zaheer Khan
2013,A Ashish Reddy,71,41,3,6.5,10.39,23.67,Ashish Reddy
2013,A Chandila,158,150,6,25.0,6.32,26.33,A Chandila
2013,A Mishra,395,376,21,62.4,6.3,18.81,Amit Mishra
2013,A Mithun,37,25,1,4.1,8.88,37.0,Abhimanyu Mithun
2013,A Nehra,319,221,11,36.5,8.66,29.0,Ashish Nehra
2013,AA Chavan,63,56,1,9.2,6.75,63.0,AA Chavan
2013,AB Agarkar,93,63,0,10.3,8.86,,AB Agarkar
2013,AB Dinda,466,304,16,50.4,9.2,29.12,Ashok Dinda
2013,AB McDonald,17,12,1,2.0,8.5,17.0,AB McDonald
2013,AC Gilchrist,0,1,1,0.1,0.0,0.0,AC Gilchrist
2013,AD Mascarenhas,25,24,0,4.0,6.25,,AD Mascarenhas
2013,AD Mathews,245,188,5,31.2,7.82,49.0,Angelo Mathews
2013,AD Russell,68,44,0,7.2,9.27,,Andre Russell
2013,AG Murtaza,96,62,3,10.2,9.29,32.0,AG Murtaza
2013,AJ Finch,49,24,1,4.0,12.25,49.0,Aaron Finch
2013,AM Nayar,59,50,2,8.2,7.08,29.5,Abhishek Nayar
2013,AN Ahmed,45,42,3,7.0,6.43,15.0,Abu Nechim Ahmed
2013,AS Rajpoot,37,25,1,4.1,8.88,37.0,Ankit Rajpoot
2013,Anand Rajan,43,51,2,8.3,5.06,21.5,Anand Rajan
2013,Ankit Sharma,17,12,0,2.0,8.5,,Ankit Nagendra Sharma
2013,Azhar Mahmood,335,267,15,44.3,7.53,22.33,Azhar Mahmood
2013,B Kumar,381,359,13,59.5,6.37,29.31,Bhuvneshwar Kumar
2013,B Laughlin,72,45,1,7.3,9.6,72.0,Ben Laughlin
2013,B Lee,89,75,4,12.3,7.12,22.25,B Lee
2013,BA Bhatt,32,31,1,5.1,6.19,32.0,BA Bhatt
2013,BAW Mendis,78,72,2,12.0,6.5,39.0,BAW Mendis
2013,BJ Hodge,3,6,0,1.0,3.0,,Brad Hodge
2013,BJ Rohrer,12,7,0,1.1,10.29,,BJ Rohrer
2013,BMAJ Mendis,36,30,1,5.0,7.2,36.0,BMAJ Mendis
2013,Bipul Sharma,21,24,1,4.0,5.25,21.0,Bipul Sharma
2013,CH Gayle,41,25,3,4.1,9.84,13.67,Chris Gayle
2013,CH Morris,410,309,15,51.3,7.96,27.33,Chris Morris
2013,CL White,16,12,1,2.0,8.0,16.0,CL White
2013,DJ Bravo,505,392,32,65.2,7.73,15.78,Dwayne Bravo
2013,DJ Hussey,93,68,0,11.2,8.21,,DJ Hussey
2013,DJG Sammy,169,138,8,23.0,7.35,21.12,Darren Sammy
2013,DP Nannes,165,126,4,21.0,7.86,41.25,Dirk Nannes
2013,DR Smith,59,32,2,5.2,11.06,29.5,Dwayne Smith
2013,DS Kulkarni,153,119,8,19.5,7.71,19.12,Dhawal Kulkarni
2013,DT Christian,56,38,0,6.2,8.84,,Daniel Christian
2013,DW Steyn,410,425,19,70.5,5.79,21.58,Dale Steyn
2013,GB Hogg,31,21,0,3.3,8.86,,GB Hogg
2013,GH Vihari,39,37,1,6.1,6.32,39.0,GH Vihari
2013,GJ Maxwell,24,12,0,2.0,12.0,,Glenn Maxwell
2013,Harbhajan Singh,466,430,24,71.4,6.5,19.42,Harbhajan Singh
2013,Harmeet Singh,123,96,6,16.0,7.69,20.5,Harmeet Singh
2013,I Sharma,471,374,15,62.2,7.56,31.4,Ishant Sharma
2013,IC Pandey,50,25,1,4.1,12.0,50.0,Ishwar Pandey
2013,IK Pathan,391,315,10,52.3,7.45,39.1,Irfan Pathan
2013,Iqbal Abdulla,142,113,7,18.5,7.54,20.29,Iqbal Abdulla
2013,J Botha,114,102,5,17.0,6.71,22.8,Johan Botha
2013,J Syed Mohammad,92,62,3,10.2,8.9,30.67,J Syed Mohammad
2013,JA Morkel,167,149,7,24.5,6.72,23.86,JA Morkel
2013,JD Unadkat,373,299,13,49.5,7.48,28.69,Jaydev Unadkat
2013,JDP Oram,28,26,0,4.2,6.46,,Jacob Oram
2013,JH Kallis,407,329,16,54.5,7.42,25.44,Jacques Kallis
2013,JJ Bumrah,74,45,3,7.3,9.87,24.67,Jasprit Bumrah
2013,JO Holder,173,125,2,20.5,8.3,86.5,Jason Holder
2013,JP Faulkner,436,395,28,65.5,6.62,15.57,James Faulkner
2013,K Upadhyay,48,32,0,5.2,9.0,,K Upadhyay
2013,KA Pollard,292,197,10,32.5,8.89,29.2,Kieron Pollard
2013,KK Cooper,456,341,19,56.5,8.02,24.0,Kevon Cooper
2013,KV Sharma,235,211,12,35.1,6.68,19.58,Karn Sharma
2013,KW Richardson,103,73,2,12.1,8.47,51.5,Kane Richardson
2013,L Balaji,399,311,12,51.5,7.7,33.25,Lakshmipathy Balaji
2013,LJ Wright,101,63,2,10.3,9.62,50.5,LJ Wright
2013,LR Shukla,22,18,1,3.0,7.33,22.0,Laxmi Ratan Shukla
2013,M Kartik,290,241,9,40.1,7.22,32.22,Murali Kartik
2013,M Morkel,341,247,7,41.1,8.28,48.71,Morne Morkel
2013,M Muralitharan,192,141,3,23.3,8.17,64.0,Muttiah Muralitharan
2013,MC Henriques,187,132,7,22.0,8.5,26.71,Moises Henriques
2013,MG Johnson,471,403,24,67.1,7.01,19.62,Mitchell Johnson
2013,MG Neser,62,25,0,4.1,14.88,,MG Neser
2013,MM Patel,138,91,3,15.1,9.1,46.0,Munaf Patel
2013,MM Sharma,327,311,20,51.5,6.31,16.35,Mohit Sharma
2013,MN Samuels,34,25,1,4.1,8.16,34.0,MN Samuels
2013,MR Marsh,184,122,7,20.2,9.05,26.29,Mitchell Marsh
2013,MS Gony,261,175,7,29.1,8.95,37.29,Manpreet Gony
2013,Mohammed Shami,79,57,1,9.3,8.32,79.0,Mohammed Shami
2013,NLTC Perera,490,369,19,61.3,7.97,25.79,NLTC Perera
2013,NM Coulter-Nile,29,25,1,4.1,6.96,29.0,Nathan Coulter-Nile
2013,P Awana,416,332,15,55.2,7.52,27.73,Parvinder Awana
2013,P Kumar,394,354,12,59.0,6.68,32.83,Praveen Kumar
2013,P Negi,28,26,0,4.2,6.46,,Pawan Negi
2013,P Suyal,22,19,1,3.1,6.95,22.0,Pawan Suyal
2013,PJ Sangwan,52,26,0,4.2,12.0,,Pradeep Sangwan
2013,PP Chawla,433,352,11,58.4,7.38,39.36,Piyush Chawla
2013,PP Ojha,391,318,16,53.0,7.38,24.44,Pragyan Ojha
2013,PV Tambe,91,69,1,11.3,7.91,91.0,Pravin Tambe
2013,Parvez Rasool,29,30,1,5.0,5.8,29.0,Parvez Rasool
2013,R Ashwin,397,354,15,59.0,6.73,26.47,Ravichandran Ashwin
2013,R Bhatia,334,266,11,44.2,7.53,30.36,Rajat Bhatia
2013,R Dhawan,115,95,2,15.5,7.26,57.5,Rishi Dhawan
2013,R McLaren,95,46,3,7.4,12.39,31.67,Ryan McLaren
2013,R Rampaul,282,241,15,40.1,7.02,18.8,Ravi Rampaul
2013,R Sathish,52,24,0,4.0,13.0,,Rajagopal Sathish
2013,R Sharma,282,247,9,41.1,6.85,31.33,Rahul Sharma
2013,R Shukla,80,53,3,8.5,9.06,26.67,Rahul Shukla
2013,R Vinay Kumar,522,377,23,62.5,8.31,22.7,Rajan Kumar
2013,RA Jadeja,326,262,13,43.4,7.47,25.08,Ravindra Jadeja
2013,RE van der Merwe,71,67,3,11.1,6.36,23.67,RE van der Merwe
2013,RG Sharma,6,9,0,1.3,4.0,,Rohit Sharma
2013,RJ Harris,74,74,1,12.2,6.0,74.0,RJ Harris
2013,RN ten Doeschate,24,18,0,3.0,8.0,,Ryan Ten Doeschate
2013,RP Singh,336,251,13,41.5,8.03,25.85,R. P. Singh
2013,RV Gomez,5,6,0,1.0,5.0,,RV Gomez
2013,S Badree,35,25,0,4.1,8.4,,Samuel Badree
2013,S Kaul,172,133,4,22.1,7.76,43.0,Siddharth Kaul
2013,S Ladda,18,12,1,2.0,9.0,18.0,Sarabjit Ladda
2013,S Nadeem,264,267,9,44.3,5.93,29.33,Shahbaz Nadeem
2013,S Narwal,17,14,0,2.2,7.29,,Sumit Narwal
2013,S Sreesanth,171,136,5,22.4,7.54,34.2,S Sreesanth
2013,SK Raina,23,12,1,2.0,11.5,23.0,SK Raina
2013,SK Trivedi,425,368,12,61.2,6.93,35.42,Sagar Trivedi
2013,SL Malinga,484,402,20,67.0,7.22,24.2,SL Malinga
2013,SMSM Senanayake,211,195,9,32.3,6.49,23.44,Sachithra Senanayake
2013,SP Narine,353,387,22,64.3,5.47,16.05,Sunil Narine
2013,SR Watson,319,256,13,42.4,7.48,24.54,Shane Watson
2013,STR Binny,163,149,6,24.5,6.56,27.17,Stuart Binny
2013,SW Tait,103,70,1,11.4,8.83,103.0,SW Tait
2013,Sandeep Sharma,130,98,8,16.2,7.96,16.25,Sandeep Sharma
2013,TL Suman,16,12,1,2.0,8.0,16.0,Tirumalasetti Suman
2013,TM Dilshan,10,6,0,1.0,10.0,,TM Dilshan
2013,UT Yadav,533,369,16,61.3,8.67,33.31,Upendra Yadav
2013,V Sehwag,9,6,0,1.0,9.0,,Virender Sehwag
2013,VS Malik,59,61,2,10.1,5.8,29.5,Vikramjeet Malik
2013,WD Parnell,141,97,7,16.1,8.72,20.14,Wayne Parnell
2013,YK Pathan,74,55,1,9.1,8.07,74.0,Yusuf Pathan
2013,YS Chahal,35,24,0,4.0,8.75,,Yuzvendra Chahal
2013,Yuvraj Singh,152,133,6,22.1,6.86,25.33,Yuvraj Singh
2013,Z Khan,47,38,5,6.2,7.42,9.4,Zaheer Khan
2014,A Mishra,342,230,7,38.2,8.92,48.86,Amit Mishra
2014,A Nehra,143,93,8,15.3,9.23,17.88,Ashish Nehra
2014,AB Dinda,271,195,5,32.3,8.34,54.2,Ashok Dinda
2014,AD Russell,54,31,1,5.1,10.45,54.0,Andre Russell
2014,AN Ahmed,120,89,3,14.5,8.09,40.0,Abu Nechim Ahmed
2014,AR Patel,424,403,17,67.1,6.31,24.94,Akshar Patel
2014,Ankit Sharma,44,48,4,8.0,5.5,11.0,Ankit Nagendra Sharma
2014,B Kumar,362,327,20,54.3,6.64,18.1,Bhuvneshwar Kumar
2014,BCJ Cutting,31,24,1,4.0,7.75,31.0,Ben Cutting
2014,BE Hendricks,127,75,4,12.3,10.16,31.75,Beuran Hendricks
2014,BW Hilfenhaus,255,175,8,29.1,8.74,31.88,Ben Hilfenhaus
2014,CJ Anderson,188,114,4,19.0,9.89,47.0,Corey Anderson
2014,DJ Hussey,38,18,2,3.0,12.67,19.0,DJ Hussey
2014,DJG Sammy,159,88,3,14.4,10.84,53.0,Darren Sammy
2014,DR Smith,99,62,4,10.2,9.58,24.75,Dwayne Smith
2014,DS Kulkarni,226,173,6,28.5,7.84,37.67,Dhawal Kulkarni
2014,DW Steyn,441,342,11,57.0,7.74,40.09,Dale Steyn
2014,GJ Maxwell,133,70,1,11.4,11.4,133.0,Glenn Maxwell
2014,HV Patel,118,71,4,11.5,9.97,29.5,Harshal Patel
2014,Harbhajan Singh,365,336,14,56.0,6.52,26.07,Harbhajan Singh
2014,I Sharma,101,68,3,11.2,8.91,33.67,Ishant Sharma
2014,IC Pandey,331,255,6,42.3,7.79,55.17,Ishwar Pandey
2014,IK Pathan,209,144,4,24.0,8.71,52.25,Irfan Pathan
2014,Imran Tahir,176,131,9,21.5,8.06,19.56,Imran Tahir
2014,Iqbal Abdulla,18,12,0,2.0,9.0,,Iqbal Abdulla
2014,JA Morkel,127,101,4,16.5,7.54,31.75,JA Morkel
2014,JD Unadkat,278,189,10,31.3,8.83,27.8,Jaydev Unadkat
2014,JDS Neesham,96,57,1,9.3,10.11,96.0,James Neesham
2014,JH Kallis,193,134,4,22.2,8.64,48.25,Jacques Kallis
2014,JJ Bumrah,307,246,5,41.0,7.49,61.4,Jasprit Bumrah
2014,JO Holder,35,20,1,3.2,10.5,35.0,Jason Holder
2014,JP Duminy,242,204,3,34.0,7.12,80.67,Jean-Paul Duminy
2014,JP Faulkner,449,278,11,46.2,9.69,40.82,James Faulkner
2014,JW Hastings,29,19,1,3.1,9.16,29.0,John Hastings
2014,K Santokie,91,51,3,8.3,10.71,30.33,Krishmar Santokie
2014,KA Pollard,265,160,2,26.4,9.94,132.5,Kieron Pollard
2014,KK Cooper,146,110,4,18.2,7.96,36.5,Kevon Cooper
2014,KV Sharma,393,307,15,51.1,7.68,26.2,Karn Sharma
2014,KW Richardson,209,167,9,27.5,7.51,23.22,Kane Richardson
2014,Karanveer Singh,164,126,11,21.0,7.81,14.91,Karanveer Singh
2014,L Balaji,305,211,12,35.1,8.67,25.42,Lakshmipathy Balaji
2014,LMP Simmons,34,18,1,3.0,11.33,34.0,LMP Simmons
2014,LR Shukla,88,58,1,9.4,9.1,88.0,Laxmi Ratan Shukla
2014,M Kartik,91,49,1,8.1,11.14,91.0,Murali Kartik
2014,M Morkel,376,305,12,50.5,7.4,31.33,Morne Morkel
2014,M Muralitharan,125,99,3,16.3,7.58,41.67,Muttiah Muralitharan
2014,M Vijay,13,6,0,1.0,13.0,,Murali Vijay
2014,M de Lange,33,26,2,4.2,7.62,16.5,Marchant de Lange
2014,MA Starc,419,340,14,56.4,7.39,29.93,Mitchell Starc
2014,MC Henriques,96,63,4,10.3,9.14,24.0,Moises Henriques
2014,MG Johnson,450,340,17,56.4,7.94,26.47,Mitchell Johnson
2014,MK Tiwary,28,12,0,2.0,14.0,,Manoj Tiwary
2014,MM Sharma,457,324,23,54.0,8.46,19.87,Mohit Sharma
2014,Mohammed Shami,381,281,7,46.5,8.14,54.43,Mohammed Shami
2014,NM Coulter-Nile,27,26,2,4.2,6.23,13.5,Nathan Coulter-Nile
2014,P Awana,248,146,7,24.2,10.19,35.43,Parvinder Awana
2014,P Kumar,81,73,3,12.1,6.66,27.0,Praveen Kumar
2014,P Negi,76,43,0,7.1,10.6,,Pawan Negi
2014,P Suyal,35,21,1,3.3,10.0,35.0,Pawan Suyal
2014,PJ Cummins,29,24,1,4.0,7.25,29.0,Patrick Cummins
2014,PP Chawla,304,238,14,39.4,7.66,21.71,Piyush Chawla
2014,PP Ojha,385,282,4,47.0,8.19,96.25,Pragyan Ojha
2014,PV Tambe,365,304,15,50.4,7.2,24.33,Pravin Tambe
2014,Parvez Rasool,83,56,1,9.2,8.89,83.0,Parvez Rasool
2014,R Ashwin,446,379,16,63.1,7.06,27.88,Ravichandran Ashwin
2014,R Bhatia,287,232,12,38.4,7.42,23.92,Rajat Bhatia
2014,R Dhawan,373,294,13,49.0,7.61,28.69,Rishi Dhawan
2014,R Rampaul,37,37,1,6.1,6.0,37.0,Ravi Rampaul
2014,R Sharma,65,36,1,6.0,10.83,65.0,Rahul Sharma
2014,R Shukla,105,58,2,9.4,10.86,52.5,Rahul Shukla
2014,R Tewatia,59,55,2,9.1,6.44,29.5,Rahul Tewatia
2014,R Vinay Kumar,294,194,7,32.2,9.09,42.0,Rajan Kumar
2014,RA Jadeja,446,332,19,55.2,8.06,23.47,Ravindra Jadeja
2014,RG Sharma,26,18,1,3.0,8.67,26.0,Rohit Sharma
2014,RN ten Doeschate,35,30,1,5.0,7.0,35.0,Ryan Ten Doeschate
2014,S Badree,103,87,2,14.3,7.1,51.5,Samuel Badree
2014,S Gopal,113,85,6,14.1,7.98,18.83,Shreyas Gopal
2014,S Kaul,136,82,2,13.4,9.95,68.0,Siddharth Kaul
2014,S Nadeem,314,235,8,39.1,8.02,39.25,Shahbaz Nadeem
2014,S Rana,16,12,0,2.0,8.0,,Sachin Rana
2014,SA Yadav,8,6,0,1.0,8.0,,Sonu Yadav
2014,SB Jakati,41,22,0,3.4,11.18,,Shadab Jakati
2014,SK Raina,135,109,1,18.1,7.43,135.0,SK Raina
2014,SL Malinga,267,243,16,40.3,6.59,16.69,SL Malinga
2014,SP Narine,432,392,21,65.2,6.61,20.57,Sunil Narine
2014,SR Watson,169,134,7,22.2,7.57,24.14,Shane Watson
2014,STR Binny,65,54,3,9.0,7.22,21.67,Stuart Binny
2014,Sandeep Sharma,358,255,18,42.3,8.42,19.89,Sandeep Sharma
2014,Shakib Al Hasan,339,307,11,51.1,6.63,30.82,Shakib al Hasan
2014,Shivam Sharma,121,96,3,16.0,7.56,40.33,Shivam Sharma
2014,TG Southee,78,63,0,10.3,7.43,,Tim Southee
2014,UT Yadav,381,283,11,47.1,8.08,34.64,Upendra Yadav
2014,V Shankar,19,6,0,1.0,19.0,,Vijay Shankar
2014,VR Aaron,309,238,16,39.4,7.79,19.31,Varun Aaron
2014,VS Malik,29,19,1,3.1,9.16,29.0,Vikramjeet Malik
2014,WD Parnell,235,190,6,31.4,7.42,39.17,Wayne Parnell
2014,Y Venugopal Rao,16,12,0,2.0,8.0,,Yalaka Venugopal Rao
2014,YK Pathan,10,6,0,1.0,10.0,,Yusuf Pathan
2014,YS Chahal,389,333,12,55.3,7.01,32.42,Yuzvendra Chahal
2014,Yuvraj Singh,191,140,5,23.2,8.19,38.2,Yuvraj Singh
2014,Z Khan,156,138,5,23.0,6.78,31.2,Zaheer Khan
2015,A Ashish Reddy,51,37,3,6.1,8.27,17.0,Ashish Reddy
2015,A Mishra,312,249,9,41.3,7.52,34.67,Amit Mishra
2015,A Nehra,453,385,22,64.1,7.06,20.59,Ashish Nehra
2015,AB Dinda,63,33,0,5.3,11.45,,Ashok Dinda
2015,AD Mathews,249,185,7,30.5,8.08,35.57,Angelo Mathews
2015,AD Russell,332,254,14,42.2,7.84,23.71,Andre Russell
2015,AN Ahmed,129,76,1,12.4,10.18,129.0,Abu Nechim Ahmed
2015,AR Patel,399,289,13,48.1,8.28,30.69,Akshar Patel
2015,Ankit Sharma,114,86,3,14.2,7.95,38.0,Ankit Nagendra Sharma
2015,Anureet Singh,477,322,15,53.4,8.89,31.8,Anureet Singh
2015,Azhar Mahmood,41,20,0,3.2,12.3,,Azhar Mahmood
2015,B Kumar,419,323,18,53.5,7.78,23.28,Bhuvneshwar Kumar
2015,BB Sran,36,20,0,3.2,10.8,,Barinder Sran
2015,BE Hendricks,112,82,5,13.4,8.2,22.4,Beuran Hendricks
2015,Bipul Sharma,50,42,3,7.0,7.14,16.67,Bipul Sharma
2015,CH Gayle,16,13,0,2.1,7.38,,Chris Gayle
2015,CH Morris,336,270,14,45.0,7.47,24.0,Chris Morris
2015,CJ Anderson,33,24,1,4.0,8.25,33.0,Corey Anderson
2015,D Wiese,360,262,16,43.4,8.24,22.5,David Wiese
2015,DJ Bravo,442,324,26,54.0,8.19,17.0,Dwayne Bravo
2015,DJ Hooda,131,97,1,16.1,8.1,131.0,Deepak Hooda
2015,DJ Muthuswami,108,84,4,14.0,7.71,27.0,DJ Muthuswami
2015,DJG Sammy,26,18,0,3.0,8.67,,Darren Sammy
2015,DR Smith,17,12,1,2.0,8.5,17.0,Dwayne Smith
2015,DS Kulkarni,290,221,13,36.5,7.87,22.31,Dhawal Kulkarni
2015,DW Steyn,171,116,3,19.2,8.84,57.0,Dale Steyn
2015,GB Hogg,148,127,9,21.1,6.99,16.44,GB Hogg
2015,GJ Maxwell,97,63,2,10.3,9.24,48.5,Glenn Maxwell
2015,GS Sandhu,86,48,1,8.0,10.75,86.0,Gurinder Sandhu
2015,Gurkeerat Singh,66,56,3,9.2,7.07,22.0,Gurkeerat Singh
2015,HH Pandya,178,107,1,17.5,9.98,178.0,Hardik Pandya
2015,HV Patel,339,272,17,45.2,7.48,19.94,Harshal Patel
2015,Harbhajan Singh,448,349,18,58.1,7.7,24.89,Harbhajan Singh
2015,I Sharma,161,89,1,14.5,10.85,161.0,Ishant Sharma
2015,IC Pandey,228,189,11,31.3,7.24,20.73,Ishwar Pandey
2015,Imran Tahir,315,220,15,36.4,8.59,21.0,Imran Tahir
2015,Iqbal Abdulla,150,121,4,20.1,7.44,37.5,Iqbal Abdulla
2015,J Botha,82,62,1,10.2,7.94,82.0,Johan Botha
2015,J Suchith,338,239,10,39.5,8.49,33.8,Jagadeesha Suchith
2015,J Theron,41,26,1,4.2,9.46,41.0,J Theron
2015,J Yadav,29,42,2,7.0,4.14,14.5,Jayant Yadav
2015,JA Morkel,113,74,3,12.2,9.16,37.67,JA Morkel
2015,JD Unadkat,30,18,0,3.0,10.0,,Jaydev Unadkat
2015,JJ Bumrah,184,98,3,16.2,11.27,61.33,Jasprit Bumrah
2015,JP Duminy,128,107,8,17.5,7.18,16.0,Jean-Paul Duminy
2015,JP Faulkner,433,281,8,46.5,9.25,54.12,James Faulkner
2015,KA Pollard,121,81,3,13.3,8.96,40.33,Kieron Pollard
2015,KC Cariappa,28,12,1,2.0,14.0,28.0,KC Cariappa
2015,KV Sharma,338,239,10,39.5,8.49,33.8,Karn Sharma
2015,Karanveer Singh,159,87,1,14.3,10.97,159.0,Karanveer Singh
2015,M Morkel,212,174,10,29.0,7.31,21.2,Morne Morkel
2015,M Vijay,28,24,0,4.0,7.0,,Murali Vijay
2015,M de Lange,30,26,0,4.2,6.92,,Marchant de Lange
2015,MA Starc,306,272,20,45.2,6.75,15.3,Mitchell Starc
2015,MC Henriques,164,157,11,26.1,6.27,14.91,Moises Henriques
2015,MG Johnson,346,231,10,38.3,8.99,34.6,Mitchell Johnson
2015,MJ McClenaghan,395,305,18,50.5,7.77,21.94,Mitchell McClenaghan
2015,MM Sharma,482,350,14,58.2,8.26,34.43,Mohit Sharma
2015,NLTC Perera,55,37,1,6.1,8.92,55.0,NLTC Perera
2015,NM Coulter-Nile,331,264,15,44.0,7.52,22.07,Nathan Coulter-Nile
2015,P Kumar,338,230,7,38.2,8.82,48.29,Praveen Kumar
2015,P Negi,259,183,6,30.3,8.49,43.17,Pawan Negi
2015,P Suyal,97,67,0,11.1,8.69,,Pawan Suyal
2015,PJ Cummins,103,66,1,11.0,9.36,103.0,Patrick Cummins
2015,PP Chawla,275,212,11,35.2,7.78,25.0,Piyush Chawla
2015,PP Ojha,23,12,0,2.0,11.5,,Pragyan Ojha
2015,PV Tambe,267,204,7,34.0,7.85,38.14,Pravin Tambe
2015,Parvez Rasool,31,30,1,5.0,6.2,31.0,Parvez Rasool
2015,R Ashwin,229,240,10,40.0,5.72,22.9,Ravichandran Ashwin
2015,R Bhatia,47,30,0,5.0,9.4,,Rajat Bhatia
2015,R Dhawan,111,79,1,13.1,8.43,111.0,Rishi Dhawan
2015,R Tewatia,31,18,1,3.0,10.33,31.0,Rahul Tewatia
2015,R Vinay Kumar,371,265,7,44.1,8.4,53.0,Rajan Kumar
2015,RA Jadeja,334,258,11,43.0,7.77,30.36,Ravindra Jadeja
2015,RG More,63,37,1,6.1,10.22,63.0,Ronit More
2015,RN ten Doeschate,4,7,0,1.1,3.43,,Ryan Ten Doeschate
2015,RS Bopara,164,123,6,20.3,8.0,27.33,Ravi Bopara
2015,S Aravind,132,110,8,18.2,7.2,16.5,S Aravind
2015,S Gopal,23,13,1,2.1,10.62,23.0,Shreyas Gopal
2015,S Nadeem,43,44,0,7.2,5.86,,Shahbaz Nadeem
2015,SA Abbott,57,32,0,5.2,10.69,,Sean Abbott
2015,SK Raina,94,78,2,13.0,7.23,47.0,SK Raina
2015,SL Malinga,453,378,24,63.0,7.19,18.88,SL Malinga
2015,SN Thakur,39,20,1,3.2,11.7,39.0,Shardul Thakur
2015,SP Narine,246,196,7,32.4,7.53,35.14,Sunil Narine
2015,SR Watson,273,193,6,32.1,8.49,45.5,Shane Watson
2015,STR Binny,143,119,5,19.5,7.21,28.6,Stuart Binny
2015,Sandeep Sharma,359,311,13,51.5,6.93,27.62,Sandeep Sharma
2015,Shakib Al Hasan,123,89,4,14.5,8.29,30.75,Shakib al Hasan
2015,Shivam Sharma,44,18,1,3.0,14.67,44.0,Shivam Sharma
2015,TA Boult,239,181,9,30.1,7.92,26.56,Trent Boult
2015,TG Southee,255,175,6,29.1,8.74,42.5,Tim Southee
2015,UT Yadav,387,266,10,44.2,8.73,38.7,Upendra Yadav
2015,V Kohli,10,11,0,1.5,5.45,,Virat Kohli
2015,VR Aaron,180,113,3,18.5,9.56,60.0,Varun Aaron
2015,YK Pathan,100,60,2,10.0,10.0,50.0,Yusuf Pathan
2015,YS Chahal,416,283,23,47.1,8.82,18.09,Yuzvendra Chahal
2015,Yuvraj Singh,75,55,1,9.1,8.18,75.0,Yuvraj Singh
2015,Z Khan,159,155,7,25.5,6.15,22.71,Zaheer Khan
2016,A Ashish Reddy,40,23,1,3.5,10.43,40.0,Ashish Reddy
2016,A Mishra,350,284,13,47.2,7.39,26.92,Amit Mishra
2016,A Nehra,200,161,9,26.5,7.45,22.22,Ashish Nehra
2016,A Zampa,117,103,12,17.1,6.82,9.75,Adam Zampa
2016,AB Dinda,236,192,11,32.0,7.38,21.45,Ashok Dinda
2016,AD Russell,301,224,15,37.2,8.06,20.07,Andre Russell
2016,AF Milne,44,25,1,4.1,10.56,44.0,Adam Milne
2016,AR Patel,395,294,13,49.0,8.06,30.38,Akshar Patel
2016,AS Rajpoot,101,72,3,12.0,8.42,33.67,Ankit Rajpoot
2016,Ankit Sharma,84,70,1,11.4,7.2,84.0,Ankit Nagendra Sharma
2016,Anureet Singh,44,38,0,6.2,6.95,,Anureet Singh
2016,B Kumar,503,414,23,69.0,7.29,21.87,Bhuvneshwar Kumar
2016,BB Sran,420,312,14,52.0,8.08,30.0,Barinder Sran
2016,BCJ Cutting,80,68,5,11.2,7.06,16.0,Ben Cutting
2016,Bipul Sharma,123,84,3,14.0,8.79,41.0,Bipul Sharma
2016,C Munro,15,12,0,2.0,7.5,,Colin Munro
2016,CH Gayle,65,65,2,10.5,6.0,32.5,Chris Gayle
2016,CH Morris,320,274,13,45.4,7.01,24.62,Chris Morris
2016,CJ Jordan,266,181,11,30.1,8.82,24.18,Chris Jordan
2016,CR Brathwaite,192,143,7,23.5,8.06,27.43,Carlos Brathwaite
2016,D Wiese,49,27,0,4.3,10.89,,David Wiese
2016,DJ Bravo,502,348,17,58.0,8.66,29.53,Dwayne Bravo
2016,DJ Hooda,97,80,3,13.2,7.28,32.33,Deepak Hooda
2016,DL Chahar,42,33,0,5.3,7.64,,Deepak Chahar
2016,DR Smith,154,113,8,18.5,8.18,19.25,Dwayne Smith
2016,DS Kulkarni,365,297,18,49.3,7.37,20.28,Dhawal Kulkarni
2016,DW Steyn,17,13,0,2.1,7.85,,Dale Steyn
2016,GB Hogg,144,98,4,16.2,8.82,36.0,GB Hogg
2016,GJ Maxwell,81,55,0,9.1,8.84,,Glenn Maxwell
2016,Gurkeerat Singh,31,26,2,4.2,7.15,15.5,Gurkeerat Singh
2016,HH Pandya,155,106,3,17.4,8.77,51.67,Hardik Pandya
2016,HV Patel,147,90,1,15.0,9.8,147.0,Harshal Patel
2016,Harbhajan Singh,402,300,9,50.0,8.04,44.67,Harbhajan Singh
2016,I Sharma,151,97,3,16.1,9.34,50.33,Ishant Sharma
2016,IK Pathan,61,48,0,8.0,7.62,,Irfan Pathan
2016,Imran Tahir,141,97,5,16.1,8.72,28.2,Imran Tahir
2016,Iqbal Abdulla,216,155,6,25.5,8.36,36.0,Iqbal Abdulla
2016,J Suchith,31,14,0,2.2,13.29,,Jagadeesha Suchith
2016,J Yadav,125,104,2,17.2,7.21,62.5,Jayant Yadav
2016,JA Morkel,66,34,2,5.4,11.65,33.0,JA Morkel
2016,JD Unadkat,49,19,0,3.1,15.47,,Jaydev Unadkat
2016,JJ Bumrah,413,322,15,53.4,7.7,27.53,Jasprit Bumrah
2016,JO Holder,105,83,2,13.5,7.59,52.5,Jason Holder
2016,JP Duminy,55,43,2,7.1,7.67,27.5,Jean-Paul Duminy
2016,JP Faulkner,168,108,2,18.0,9.33,84.0,James Faulkner
2016,JW Hastings,37,42,2,7.0,5.29,18.5,John Hastings
2016,KA Pollard,82,37,0,6.1,13.3,,Kieron Pollard
2016,KC Cariappa,160,105,3,17.3,9.14,53.33,KC Cariappa
2016,KH Pandya,238,194,6,32.2,7.36,39.67,Krunal Pandya
2016,KJ Abbott,182,102,2,17.0,10.71,91.0,Kyle Abbott
2016,KS Williamson,7,6,0,1.0,7.0,,Kane Williamson
2016,KV Sharma,174,100,0,16.4,10.44,,Karn Sharma
2016,KW Richardson,138,86,8,14.2,9.63,17.25,Kane Richardson
2016,Kuldeep Yadav,102,74,6,12.2,8.27,17.0,Kuldip Yadav
2016,M Ashwin,245,176,7,29.2,8.35,35.0,Murugan Ashwin
2016,M Morkel,299,220,10,36.4,8.15,29.9,Morne Morkel
2016,M Vijay,8,7,0,1.1,6.86,,Murali Vijay
2016,MC Henriques,418,318,12,53.0,7.89,34.83,Moises Henriques
2016,MG Johnson,108,69,2,11.3,9.39,54.0,Mitchell Johnson
2016,MJ McClenaghan,449,332,17,55.2,8.11,26.41,Mitchell McClenaghan
2016,MM Sharma,410,304,13,50.4,8.09,31.54,Mohit Sharma
2016,MP Stoinis,203,140,8,23.2,8.7,25.38,Marcus Stoinis
2016,MR Marsh,45,55,4,9.1,4.91,11.25,Mitchell Marsh
2016,Mohammed Shami,252,156,5,26.0,9.69,50.4,Mohammed Shami
2016,Mustafizur Rahman,427,376,17,62.4,6.81,25.12,Mustafizur Rahman
2016,N Rana,3,6,0,1.0,3.0,,Nitish Rana
2016,NLTC Perera,326,202,9,33.4,9.68,36.22,NLTC Perera
2016,NM Coulter-Nile,120,93,3,15.3,7.74,40.0,Nathan Coulter-Nile
2016,P Kumar,408,319,9,53.1,7.67,45.33,Praveen Kumar
2016,P Negi,84,54,1,9.0,9.33,84.0,Pawan Negi
2016,P Sahu,152,107,3,17.5,8.52,50.67,Pardeep Sahu
2016,PJ Sangwan,49,25,0,4.1,11.76,,Pradeep Sangwan
2016,PP Chawla,273,216,11,36.0,7.58,24.82,Piyush Chawla
2016,PV Tambe,143,97,5,16.1,8.85,28.6,Pravin Tambe
2016,Parvez Rasool,130,84,1,14.0,9.29,130.0,Parvez Rasool
2016,R Ashwin,321,278,10,46.2,6.93,32.1,Ravichandran Ashwin
2016,R Bhatia,249,208,6,34.4,7.18,41.5,Rajat Bhatia
2016,R Dhawan,56,45,2,7.3,7.47,28.0,Rishi Dhawan
2016,R Sathish,59,38,1,6.2,9.32,59.0,Rajagopal Sathish
2016,R Vinay Kumar,65,57,3,9.3,6.84,21.67,Rajan Kumar
2016,RA Jadeja,320,247,8,41.1,7.77,40.0,Ravindra Jadeja
2016,RP Singh,114,76,3,12.4,9.0,38.0,R. P. Singh
2016,S Aravind,222,182,11,30.2,7.32,20.18,S Aravind
2016,S Gopal,19,18,0,3.0,6.33,,Shreyas Gopal
2016,S Kaushik,195,142,6,23.4,8.24,32.5,Shivil Kaushik
2016,S Ladda,21,12,0,2.0,10.5,,Sarabjit Ladda
2016,S Nadeem,127,91,2,15.1,8.37,63.5,Shahbaz Nadeem
2016,SB Jakati,181,123,2,20.3,8.83,90.5,Shadab Jakati
2016,SK Raina,84,61,0,10.1,8.26,,SK Raina
2016,SM Boland,56,43,2,7.1,7.81,28.0,Scott Boland
2016,SP Narine,310,262,11,43.4,7.1,28.18,Sunil Narine
2016,SR Watson,490,360,20,60.0,8.17,24.5,Shane Watson
2016,STR Binny,134,104,1,17.2,7.73,134.0,Stuart Binny
2016,Sachin Baby,8,10,2,1.4,4.8,4.0,Sachin Baby
2016,Sandeep Sharma,374,309,15,51.3,7.26,24.93,Sandeep Sharma
2016,Shakib Al Hasan,247,190,5,31.4,7.8,49.4,Shakib al Hasan
2016,Swapnil Singh,29,18,0,3.0,9.67,,Swapnil Singh
2016,T Shamsi,151,96,3,16.0,9.44,50.33,T Shamsi
2016,TA Boult,39,26,1,4.2,9.0,39.0,Trent Boult
2016,TG Southee,333,268,9,44.4,7.46,37.0,Tim Southee
2016,UT Yadav,246,163,10,27.1,9.06,24.6,Upendra Yadav
2016,V Kohli,13,8,0,1.2,9.75,,Virat Kohli
2016,VR Aaron,229,155,2,25.5,8.86,114.5,Varun Aaron
2016,YK Pathan,33,38,1,6.2,5.21,33.0,Yusuf Pathan
2016,YS Chahal,409,308,21,51.2,7.97,19.48,Yuzvendra Chahal
2016,Yuvraj Singh,52,38,0,6.2,8.21,,Yuvraj Singh
2016,Z Khan,341,271,10,45.1,7.55,34.1,Zaheer Khan
2017,A Choudhary,144,108,5,18.0,8.0,28.8,Aniket Choudhary
2017,A Mishra,345,237,10,39.3,8.73,34.5,Amit Mishra
2017,A Nehra,198,132,8,22.0,9.0,24.75,Ashish Nehra
2017,A Zampa,164,122,7,20.2,8.07,23.43,Adam Zampa
2017,AB Dinda,121,65,1,10.5,11.17,121.0,Ashok Dinda
2017,AD Mathews,57,31,0,5.1,11.03,,Angelo Mathews
2017,AF Milne,141,90,3,15.0,9.4,47.0,Adam Milne
2017,AJ Tye,146,128,12,21.2,6.84,12.17,Andrew Tye
2017,AR Patel,366,294,15,49.0,7.47,24.4,Akshar Patel
2017,AS Rajpoot,113,87,4,14.3,7.79,28.25,Ankit Rajpoot
2017,Ankit Sharma,16,6,0,1.0,16.0,,Ankit Nagendra Sharma
2017,Ankit Soni,145,112,2,18.4,7.77,72.5,Ankit Soni
2017,Anureet Singh,26,12,0,2.0,13.0,,Anureet Singh
2017,Avesh Khan,24,24,1,4.0,6.0,24.0,Avesh Khan
2017,B Kumar,384,324,26,54.0,7.11,14.77,Bhuvneshwar Kumar
2017,B Stanlake,70,50,2,8.2,8.4,35.0,Billy Stanlake
2017,BA Stokes,327,274,12,45.4,7.16,27.25,Ben Stokes
2017,BB Sran,29,13,0,2.1,13.38,,Barinder Sran
2017,BCJ Cutting,123,79,1,13.1,9.34,123.0,Ben Cutting
2017,Basil Thampi,428,278,11,46.2,9.24,38.91,Basil Thampi
2017,Bipul Sharma,131,100,3,16.4,7.86,43.67,Bipul Sharma
2017,C de Grandhomme,136,102,4,17.0,8.0,34.0,Colin de Grandhomme
2017,CH Morris,241,189,12,31.3,7.65,20.08,Chris Morris
2017,CJ Anderson,187,121,3,20.1,9.27,62.33,Corey Anderson
2017,CJ Jordan,10,7,1,1.1,8.57,10.0,Chris Jordan
2017,CR Brathwaite,67,38,1,6.2,10.58,67.0,Carlos Brathwaite
2017,CR Woakes,393,278,17,46.2,8.48,23.12,Chris Woakes
2017,DJ Hooda,42,24,2,4.0,10.5,21.0,Deepak Hooda
2017,DL Chahar,75,44,1,7.2,10.23,75.0,Deepak Chahar
2017,DR Smith,151,82,2,13.4,11.05,75.5,Dwayne Smith
2017,DS Kulkarni,173,118,3,19.4,8.8,57.67,Dhawal Kulkarni
2017,DT Christian,303,249,11,41.3,7.3,27.55,Daniel Christian
2017,GJ Maxwell,126,115,7,19.1,6.57,18.0,Glenn Maxwell
2017,HH Pandya,219,162,6,27.0,8.11,36.5,Hardik Pandya
2017,HV Patel,43,25,3,4.1,10.32,14.33,Harshal Patel
2017,Harbhajan Singh,269,247,8,41.1,6.53,33.62,Harbhajan Singh
2017,I Sharma,190,114,0,19.0,10.0,,Ishant Sharma
2017,IK Pathan,26,12,0,2.0,13.0,,Irfan Pathan
2017,Imran Tahir,370,286,18,47.4,7.76,20.56,Imran Tahir
2017,Iqbal Abdulla,55,34,2,5.4,9.71,27.5,Iqbal Abdulla
2017,J Yadav,43,37,0,6.1,6.97,,Jayant Yadav
2017,JD Unadkat,330,279,24,46.3,7.1,13.75,Jaydev Unadkat
2017,JJ Bumrah,455,373,20,62.1,7.32,22.75,Jasprit Bumrah
2017,JP Faulkner,279,164,8,27.2,10.21,34.88,James Faulkner
2017,K Rabada,198,137,6,22.5,8.67,33.0,Kagiso Rabada
2017,KA Pollard,30,12,0,2.0,15.0,,Kieron Pollard
2017,KC Cariappa,127,94,4,15.4,8.11,31.75,KC Cariappa
2017,KH Pandya,280,246,10,41.0,6.83,28.0,Krunal Pandya
2017,KV Sharma,217,189,13,31.3,6.89,16.69,Karn Sharma
2017,Kuldeep Yadav,345,250,12,41.4,8.28,28.75,Kuldip Yadav
2017,LH Ferguson,96,87,3,14.3,6.62,32.0,Lockie Ferguson
2017,MC Henriques,248,148,1,24.4,10.05,248.0,Moises Henriques
2017,MG Johnson,147,125,7,20.5,7.06,21.0,Mitchell Johnson
2017,MJ Henry,71,31,1,5.1,13.74,71.0,Matt Henry
2017,MJ McClenaghan,512,345,19,57.3,8.9,26.95,Mitchell McClenaghan
2017,MM Patel,58,42,1,7.0,8.29,58.0,Munaf Patel
2017,MM Sharma,412,277,13,46.1,8.92,31.69,Mohit Sharma
2017,MN Samuels,34,18,0,3.0,11.33,,MN Samuels
2017,MP Stoinis,111,69,2,11.3,9.65,55.5,Marcus Stoinis
2017,MS Gony,32,15,0,2.3,12.8,,Manpreet Gony
2017,Mohammad Nabi,59,66,2,11.0,5.36,29.5,Mohammad Nabi
2017,Mohammed Shami,248,165,5,27.3,9.02,49.6,Mohammed Shami
2017,Mohammed Siraj,214,141,10,23.3,9.11,21.4,Mohammed Siraj
2017,Mustafizur Rahman,34,17,0,2.5,12.0,,Mustafizur Rahman
2017,NB Singh,18,25,1,4.1,4.32,18.0,Nathu Singh
2017,NM Coulter-Nile,232,178,15,29.4,7.82,15.47,Nathan Coulter-Nile
2017,P Kumar,154,108,6,18.0,8.56,25.67,Praveen Kumar
2017,P Negi,202,200,17,33.2,6.06,11.88,Pawan Negi
2017,PJ Cummins,393,289,15,48.1,8.16,26.2,Patrick Cummins
2017,PJ Sangwan,183,110,5,18.2,9.98,36.6,Pradeep Sangwan
2017,PP Chawla,179,122,6,20.2,8.8,29.83,Piyush Chawla
2017,R Bhatia,55,43,2,7.1,7.67,27.5,Rajat Bhatia
2017,R Tewatia,51,55,3,9.1,5.56,17.0,Rahul Tewatia
2017,R Vinay Kumar,31,20,2,3.2,9.3,15.5,Rajan Kumar
2017,RA Jadeja,352,229,5,38.1,9.22,70.4,Ravindra Jadeja
2017,RA Tripathi,12,6,0,1.0,12.0,,Rahul Tripathi
2017,RD Chahar,59,46,2,7.4,7.7,29.5,Rahul Chahar
2017,Rashid Khan,368,328,17,54.4,6.73,21.65,Rashid Khan
2017,S Aravind,278,190,5,31.4,8.78,55.6,S Aravind
2017,S Badree,191,151,9,25.1,7.59,21.22,Samuel Badree
2017,S Kaul,303,221,16,36.5,8.23,18.94,Siddharth Kaul
2017,S Kaushik,109,68,0,11.2,9.62,,Shivil Kaushik
2017,S Nadeem,119,110,6,18.2,6.49,19.83,Shahbaz Nadeem
2017,SB Jakati,52,32,0,5.2,9.75,,Shadab Jakati
2017,SK Raina,102,72,1,12.0,8.5,102.0,SK Raina
2017,SL Malinga,388,287,11,47.5,8.11,35.27,SL Malinga
2017,SN Thakur,319,239,11,39.5,8.01,29.0,Shardul Thakur
2017,SP Narine,412,362,10,60.2,6.83,41.2,Sunil Narine
2017,SR Watson,246,165,5,27.3,8.95,49.2,Shane Watson
2017,SS Agarwal,42,24,1,4.0,10.5,42.0,Shubham Agarwal
2017,STR Binny,50,37,4,6.1,8.11,12.5,Stuart Binny
2017,Sandeep Sharma,402,300,17,50.0,8.04,23.65,Sandeep Sharma
2017,Shakib Al Hasan,34,18,0,3.0,11.33,,Shakib al Hasan
2017,Swapnil Singh,61,43,1,7.1,8.51,61.0,Swapnil Singh
2017,T Natarajan,116,82,2,13.4,8.49,58.0,T Natarajan
2017,TA Boult,222,148,5,24.4,9.0,44.4,Trent Boult
2017,TG Southee,97,66,3,11.0,8.82,32.33,Tim Southee
2017,TM Head,81,48,2,8.0,10.12,40.5,Travis Head
2017,TS Mills,157,111,5,18.3,8.49,31.4,Tymal Mills
2017,Tejas Baroka,33,21,0,3.3,9.43,,Tejas Baroka
2017,UT Yadav,432,304,17,50.4,8.53,25.41,Upendra Yadav
2017,VR Aaron,170,129,7,21.3,7.91,24.29,Varun Aaron
2017,Washington Sundar,189,182,8,30.2,6.23,23.62,Washington Sundar
2017,YK Pathan,41,24,1,4.0,10.25,41.0,Yusuf Pathan
2017,YS Chahal,351,271,14,45.1,7.77,25.07,Yuzvendra Chahal
2017,Yuvraj Singh,23,12,1,2.0,11.5,23.0,Yuvraj Singh
2017,Z Khan,323,246,10,41.0,7.88,32.3,Zaheer Khan
2018,A Dananjaya,47,25,0,4.1,11.28,,Akila Dananjaya
2018,A Mishra,265,226,12,37.4,7.04,22.08,Amit Mishra
2018,AD Russell,360,239,13,39.5,9.04,27.69,Andre Russell
2018,AJ Tye,459,353,24,58.5,7.8,19.12,Andrew Tye
2018,AR Patel,221,158,3,26.2,8.39,73.67,Akshar Patel
2018,AS Rajpoot,230,166,11,27.4,8.31,20.91,Ankit Rajpoot
2018,Ankit Sharma,11,6,0,1.0,11.0,,Ankit Nagendra Sharma
2018,Anureet Singh,42,24,1,4.0,10.5,42.0,Anureet Singh
2018,Avesh Khan,205,117,4,19.3,10.51,51.25,Avesh Khan
2018,B Kumar,357,286,9,47.4,7.49,39.67,Bhuvneshwar Kumar
2018,B Laughlin,212,134,9,22.2,9.49,23.56,Ben Laughlin
2018,B Stanlake,130,100,5,16.4,7.8,26.0,Billy Stanlake
2018,BA Stokes,307,232,8,38.4,7.94,38.38,Ben Stokes
2018,BB Sran,231,146,5,24.2,9.49,46.2,Barinder Sran
2018,BCJ Cutting,169,105,2,17.3,9.66,84.5,Ben Cutting
2018,Basil Thampi,115,62,5,10.2,11.13,23.0,Basil Thampi
2018,C de Grandhomme,132,97,2,16.1,8.16,66.0,Colin de Grandhomme
2018,CH Morris,148,87,3,14.3,10.21,49.33,Chris Morris
2018,CJ Anderson,117,56,3,9.2,12.54,39.0,Corey Anderson
2018,CJ Dala,34,19,0,3.1,10.74,,CJ Dala
2018,CJ Jordan,35,25,0,4.1,8.4,,Chris Jordan
2018,CR Brathwaite,96,64,5,10.4,9.0,19.2,Carlos Brathwaite
2018,CR Woakes,196,118,8,19.4,9.97,24.5,Chris Woakes
2018,DJ Bravo,538,338,14,56.2,9.55,38.43,Dwayne Bravo
2018,DJ Hooda,25,19,0,3.1,7.89,,Deepak Hooda
2018,DJ Willey,96,61,2,10.1,9.44,48.0,David Willey
2018,DJM Short,23,18,1,3.0,7.67,23.0,D'Arcy Short
2018,DL Chahar,281,248,10,41.2,6.8,28.1,Deepak Chahar
2018,DS Kulkarni,189,126,4,21.0,9.0,47.25,Dhawal Kulkarni
2018,DT Christian,106,71,4,11.5,8.96,26.5,Daniel Christian
2018,GJ Maxwell,132,98,5,16.2,8.08,26.4,Glenn Maxwell
2018,HH Pandya,391,270,18,45.0,8.69,21.72,Hardik Pandya
2018,HV Patel,169,109,7,18.1,9.3,24.14,Harshal Patel
2018,Harbhajan Singh,270,193,7,32.1,8.39,38.57,Harbhajan Singh
2018,IS Sodhi,137,138,5,23.0,5.96,27.4,IS Sodhi
2018,Imran Tahir,193,126,6,21.0,9.19,32.17,Imran Tahir
2018,JC Archer,329,249,15,41.3,7.93,21.93,Jofra Archer
2018,JD Unadkat,486,310,11,51.4,9.41,44.18,Jaydev Unadkat
2018,JJ Bumrah,383,333,17,55.3,6.9,22.53,Jasprit Bumrah
2018,JP Duminy,36,18,0,3.0,12.0,,Jean-Paul Duminy
2018,JPR Scantlebury-Searles,89,45,2,7.3,11.87,44.5,JPR Scantlebury-Searles
2018,K Gowtham,321,244,11,40.4,7.89,29.18,K Gowtham
2018,K Khejroliya,110,70,2,11.4,9.43,55.0,Kulwant Khejroliya
2018,KH Pandya,288,246,12,41.0,7.02,24.0,Krunal Pandya
2018,KK Ahmed,39,19,0,3.1,12.32,,Khaleel Ahmed
2018,KM Asif,75,38,3,6.2,11.84,25.0,KM Asif
2018,KV Sharma,90,58,4,9.4,9.31,22.5,Karn Sharma
2018,Kuldeep Yadav,423,312,17,52.0,8.13,24.88,Kuldip Yadav
2018,L Ngidi,162,163,11,27.1,5.96,14.73,Lungisani Ngidi
2018,LE Plunkett,228,154,4,25.4,8.88,57.0,LE Plunkett
2018,M Ashwin,54,45,3,7.3,7.2,18.0,Murugan Ashwin
2018,M Markande,376,268,15,44.4,8.42,25.07,Mayank Markande
2018,M Prasidh Krishna,261,177,10,29.3,8.85,26.1,M Prasidh Krishna
2018,MA Wood,50,25,0,4.1,12.0,,Mark Wood
2018,MG Johnson,218,133,2,22.1,9.83,109.0,Mitchell Johnson
2018,MJ McClenaghan,340,250,14,41.4,8.16,24.29,Mitchell McClenaghan
2018,MK Lomror,27,18,0,3.0,9.0,,Mahipal Lomror
2018,MK Tiwary,10,7,0,1.1,8.57,,Manoj Tiwary
2018,MM Ali,98,81,3,13.3,7.26,32.67,Moeen Ali
2018,MM Sharma,328,186,7,31.0,10.58,46.86,Mohit Sharma
2018,MP Stoinis,121,66,3,11.0,11.0,40.33,Marcus Stoinis
2018,Mohammad Nabi,47,30,1,5.0,9.4,47.0,Mohammad Nabi
2018,Mohammed Shami,144,85,3,14.1,10.16,48.0,Mohammed Shami
2018,Mohammed Siraj,372,264,12,44.0,8.45,31.0,Mohammed Siraj
2018,Mujeeb Ur Rahman,292,254,14,42.2,6.9,20.86,Mujeeb Ur Rahman
2018,Mustafizur Rahman,232,167,7,27.5,8.34,33.14,Mustafizur Rahman
2018,N Rana,44,38,4,6.2,6.95,11.0,Nitish Rana
2018,P Negi,49,24,1,4.0,12.25,49.0,Pawan Negi
2018,PJ Sangwan,20,12,0,2.0,10.0,,Pradeep Sangwan
2018,PP Chawla,419,296,14,49.2,8.49,29.93,Piyush Chawla
2018,R Ashwin,411,314,10,52.2,7.85,41.1,Ravichandran Ashwin
2018,R Tewatia,174,134,6,22.2,7.79,29.0,Rahul Tewatia
2018,R Vinay Kumar,65,25,2,4.1,15.6,32.5,Rajan Kumar
2018,RA Jadeja,310,250,11,41.4,7.44,28.18,Ravindra Jadeja
2018,Rashid Khan,466,411,21,68.3,6.8,22.19,Rashid Khan
2018,S Gopal,239,188,11,31.2,7.63,21.73,Shreyas Gopal
2018,S Kaul,558,402,21,67.0,8.33,26.57,Siddharth Kaul
2018,S Lamichhane,86,73,5,12.1,7.07,17.2,Sandeep Lamichhane
2018,S Nadeem,162,92,3,15.2,10.57,54.0,Shahbaz Nadeem
2018,SN Thakur,433,295,16,49.1,8.81,27.06,Shardul Thakur
2018,SP Narine,473,371,17,61.5,7.65,27.82,Sunil Narine
2018,SR Watson,252,176,6,29.2,8.59,42.0,Shane Watson
2018,STR Binny,33,14,0,2.2,14.14,,Stuart Binny
2018,Sandeep Sharma,334,273,12,45.3,7.34,27.83,Sandeep Sharma
2018,Shakib Al Hasan,458,345,14,57.3,7.97,32.71,Shakib al Hasan
2018,Shivam Mavi,273,179,5,29.5,9.15,54.6,Shivam Mavi
2018,TA Boult,476,327,18,54.3,8.73,26.44,Trent Boult
2018,TG Southee,263,183,5,30.3,8.62,52.6,Tim Southee
2018,TK Curran,118,64,6,10.4,11.06,19.67,Tom Curran
2018,UT Yadav,424,331,20,55.1,7.69,21.2,Upendra Yadav
2018,V Shankar,58,34,1,5.4,10.24,58.0,Vijay Shankar
2018,Washington Sundar,194,122,4,20.2,9.54,48.5,Washington Sundar
2018,YK Pathan,14,12,1,2.0,7.0,14.0,Yusuf Pathan
2018,YS Chahal,374,313,12,52.1,7.17,31.17,Yuzvendra Chahal
2018,Yuvraj Singh,23,13,0,2.1,10.62,,Yuvraj Singh
2019,A Mishra,271,243,11,40.3,6.69,24.64,Amit Mishra
2019,AD Russell,288,182,11,30.2,9.49,26.18,Andre Russell
2019,AJ Tye,233,137,3,22.5,10.2,77.67,Andrew Tye
2019,AR Patel,368,307,10,51.1,7.19,36.8,Akshar Patel
2019,AS Joseph,89,55,6,9.1,9.71,14.83,Alzarri Joseph
2019,AS Rajpoot,157,102,3,17.0,9.24,52.33,Ankit Rajpoot
2019,AS Roy,11,15,1,2.3,4.4,11.0,Anukul Roy
2019,Abhishek Sharma,21,13,1,2.1,9.69,21.0,Abhishek Sharma
2019,Arshdeep Singh,117,65,3,10.5,10.8,39.0,Arshdeep Singh
2019,Avesh Khan,30,19,0,3.1,9.47,,Avesh Khan
2019,B Kumar,466,367,13,61.1,7.62,35.85,Bhuvneshwar Kumar
2019,BA Stokes,200,109,6,18.1,11.01,33.33,Ben Stokes
2019,BB Sran,51,25,0,4.1,12.24,,Barinder Sran
2019,BCJ Cutting,27,12,1,2.0,13.5,27.0,Ben Cutting
2019,Basil Thampi,115,73,0,12.1,9.45,,Basil Thampi
2019,C de Grandhomme,55,31,0,5.1,10.65,,Colin de Grandhomme
2019,CH Morris,314,206,13,34.2,9.15,24.15,Chris Morris
2019,CR Brathwaite,29,21,0,3.3,8.29,,Carlos Brathwaite
2019,CV Varun,35,18,1,3.0,11.67,35.0,CV Varun
2019,DJ Bravo,336,263,11,43.5,7.67,30.55,Dwayne Bravo
2019,DJ Hooda,21,13,1,2.1,9.69,21.0,Deepak Hooda
2019,DL Chahar,486,400,22,66.4,7.29,22.09,Deepak Chahar
2019,DS Kulkarni,336,219,6,36.3,9.21,56.0,Dhawal Kulkarni
2019,DW Steyn,74,48,4,8.0,9.25,18.5,Dale Steyn
2019,GC Viljoen,229,146,7,24.2,9.41,32.71,GC Viljoen
2019,GH Vihari,9,6,0,1.0,9.0,,GH Vihari
2019,HF Gurney,239,169,7,28.1,8.49,34.14,Harry Gurney
2019,HH Pandya,397,269,14,44.5,8.86,28.36,Hardik Pandya
2019,HV Patel,77,52,2,8.4,8.88,38.5,Harshal Patel
2019,Harbhajan Singh,315,269,16,44.5,7.03,19.69,Harbhajan Singh
2019,Harpreet Brar,48,30,0,5.0,9.6,,Harpreet Brar
2019,I Sharma,364,285,13,47.3,7.66,28.0,Ishant Sharma
2019,IS Sodhi,67,44,4,7.2,9.14,16.75,IS Sodhi
2019,Imran Tahir,440,388,26,64.4,6.8,16.92,Imran Tahir
2019,J Suchith,28,24,2,4.0,7.0,14.0,Jagadeesha Suchith
2019,J Yadav,50,43,1,7.1,6.98,50.0,Jayant Yadav
2019,JC Archer,306,264,11,44.0,6.95,27.82,Jofra Archer
2019,JD Unadkat,404,236,10,39.2,10.27,40.4,Jaydev Unadkat
2019,JJ Bumrah,433,382,20,63.4,6.8,21.65,Jasprit Bumrah
2019,JP Behrendorff,168,117,5,19.3,8.62,33.6,Jason Behrendorff
2019,K Gowtham,171,122,1,20.2,8.41,171.0,K Gowtham
2019,K Khejroliya,47,31,1,5.1,9.1,47.0,Kulwant Khejroliya
2019,K Rabada,382,298,26,49.4,7.69,14.69,Kagiso Rabada
2019,KC Cariappa,34,13,0,2.1,15.69,,KC Cariappa
2019,KH Pandya,337,282,12,47.0,7.17,28.08,Krunal Pandya
2019,KK Ahmed,292,222,20,37.0,7.89,14.6,Khaleel Ahmed
2019,KMA Paul,239,180,9,30.0,7.97,26.56,Keemo Paul
2019,KV Sharma,33,17,1,2.5,11.65,33.0,Karn Sharma
2019,Kuldeep Yadav,286,202,4,33.4,8.5,71.5,Kuldip Yadav
2019,LH Ferguson,185,107,2,17.5,10.37,92.5,Lockie Ferguson
2019,LS Livingstone,13,6,0,1.0,13.0,,Liam Livingstone
2019,M Ashwin,257,211,5,35.1,7.31,51.4,Murugan Ashwin
2019,M Markande,59,37,1,6.1,9.57,59.0,Mayank Markande
2019,M Prasidh Krishna,394,260,5,43.2,9.09,78.8,M Prasidh Krishna
2019,MJ McClenaghan,143,114,3,19.0,7.53,47.67,Mitchell McClenaghan
2019,MJ Santner,94,88,4,14.4,6.41,23.5,Mitchell Santner
2019,MM Ali,169,151,6,25.1,6.72,28.17,Moeen Ali
2019,MM Sharma,27,18,1,3.0,9.0,27.0,Mohit Sharma
2019,MP Stoinis,147,103,2,17.1,8.56,73.5,Marcus Stoinis
2019,Mandeep Singh,26,12,0,2.0,13.0,,Mandeep Singh
2019,Mohammad Nabi,201,175,8,29.1,6.89,25.12,Mohammad Nabi
2019,Mohammed Shami,477,331,19,55.1,8.65,25.11,Mohammed Shami
2019,Mohammed Siraj,271,179,7,29.5,9.08,38.71,Mohammed Siraj
2019,Mujeeb Ur Rahman,193,123,3,20.3,9.41,64.33,Mujeeb Ur Rahman
2019,N Rana,73,50,3,8.2,8.76,24.33,Nitish Rana
2019,Navdeep Saini,410,299,11,49.5,8.23,37.27,Navdeep Saini
2019,O Thomas,85,63,5,10.3,8.1,17.0,Oshane Thomas
2019,P Negi,103,70,3,11.4,8.83,34.33,Pawan Negi
2019,P Ray Barman,56,24,0,4.0,14.0,,Prayas Ray Barman
2019,PP Chawla,405,267,10,44.3,9.1,40.5,Piyush Chawla
2019,R Ashwin,400,342,15,57.0,7.02,26.67,Ravichandran Ashwin
2019,R Parag,121,84,2,14.0,8.64,60.5,Riyan Parag
2019,R Tewatia,42,39,2,6.3,6.46,21.0,Rahul Tewatia
2019,RA Jadeja,347,326,15,54.2,6.39,23.13,Ravindra Jadeja
2019,RD Chahar,310,287,13,47.5,6.48,23.85,Rahul Chahar
2019,Rashid Khan,396,367,17,61.1,6.47,23.29,Rashid Khan
2019,Rasikh Salam,42,27,0,4.3,9.33,,Rasikh Salam
2019,S Dube,8,11,0,1.5,4.36,,Shivam Dube
2019,S Gopal,350,289,20,48.1,7.27,17.5,Shreyas Gopal
2019,S Kaul,243,169,6,28.1,8.63,40.5,Siddharth Kaul
2019,S Lamichhane,211,138,8,23.0,9.17,26.38,Sandeep Lamichhane
2019,S Midhun,29,13,0,2.1,13.38,,Sudhesan Midhun
2019,S Nadeem,91,54,2,9.0,10.11,45.5,Shahbaz Nadeem
2019,S Sandeep Warrier,86,73,2,12.1,7.07,43.0,Sandeep Warrier
2019,SC Kuggeleijn,71,50,2,8.2,8.52,35.5,SC Kuggeleijn
2019,SE Rutherford,60,46,1,7.4,7.83,60.0,Sherfane Rutherford
2019,SK Raina,6,6,0,1.0,6.0,,SK Raina
2019,SL Malinga,452,280,16,46.4,9.69,28.25,SL Malinga
2019,SM Curran,325,207,10,34.3,9.42,32.5,Sam Curran
2019,SN Khan,6,2,0,0.2,18.0,,Sarfaraz Khan
2019,SN Thakur,285,190,8,31.4,9.0,35.62,Shardul Thakur
2019,SP Narine,353,273,10,45.3,7.76,35.3,Sunil Narine
2019,STR Binny,44,43,1,7.1,6.14,44.0,Stuart Binny
2019,Sandeep Sharma,355,265,12,44.1,8.04,29.58,Sandeep Sharma
2019,Shakib Al Hasan,95,66,2,11.0,8.64,47.5,Shakib al Hasan
2019,TA Boult,163,120,5,20.0,8.15,32.6,Trent Boult
2019,TG Southee,123,58,1,9.4,12.72,123.0,Tim Southee
2019,UT Yadav,375,238,8,39.4,9.45,46.88,Upendra Yadav
2019,V Shankar,70,52,1,8.4,8.08,70.0,Vijay Shankar
2019,VR Aaron,128,74,4,12.2,10.38,32.0,Varun Aaron
2019,Washington Sundar,75,54,4,9.0,8.33,18.75,Washington Sundar
2019,Y Prithvi Raj,57,33,1,5.3,10.36,57.0,Y Prithvi Raj
2019,YK Pathan,8,6,0,1.0,8.0,,Yusuf Pathan
2019,YS Chahal,394,308,18,51.2,7.68,21.89,Yuzvendra Chahal
2020,A Mishra,72,61,3,10.1,7.08,24.0,Amit Mishra
2020,A Nortje,529,376,22,62.4,8.44,24.05,Anrich Nortje
2020,A Zampa,92,67,2,11.1,8.24,46.0,Adam Zampa
2020,AD Russell,178,114,6,19.0,9.37,29.67,Andre Russell
2020,AJ Tye,54,27,1,4.3,12.0,54.0,Andrew Tye
2020,AR Patel,329,308,9,51.2,6.41,36.56,Akshar Patel
2020,AS Rajpoot,206,115,2,19.1,10.75,103.0,Ankit Rajpoot
2020,Abdul Samad,96,43,1,7.1,13.4,96.0,Abdul Samad
2020,Abhishek Sharma,92,61,2,10.1,9.05,46.0,Abhishek Sharma
2020,Arshdeep Singh,219,158,9,26.2,8.32,24.33,Arshdeep Singh
2020,Avesh Khan,42,25,0,4.1,10.08,,Avesh Khan
2020,B Kumar,100,88,3,14.4,6.82,33.33,Bhuvneshwar Kumar
2020,BA Stokes,159,96,2,16.0,9.94,79.5,Ben Stokes
2020,Basil Thampi,46,24,1,4.0,11.5,46.0,Basil Thampi
2020,CH Gayle,5,5,0,0.5,6.0,,Chris Gayle
2020,CH Morris,212,204,11,34.0,6.24,19.27,Chris Morris
2020,CJ Green,24,17,0,2.5,8.47,,Chris Green
2020,CJ Jordan,320,210,9,35.0,9.14,35.56,Chris Jordan
2020,CV Varun,357,313,17,52.1,6.84,21.0,CV Varun
2020,DA Warner,2,2,0,0.2,6.0,,David Warner
2020,DJ Bravo,180,135,6,22.3,8.0,30.0,Dwayne Bravo
2020,DJ Hooda,10,6,0,1.0,10.0,,Deepak Hooda
2020,DL Chahar,402,321,12,53.3,7.51,33.5,Deepak Chahar
2020,DR Sams,114,77,0,12.5,8.88,,Daniel Sams
2020,DS Kulkarni,22,20,0,3.2,6.6,,Dhawal Kulkarni
2020,DW Steyn,134,75,1,12.3,10.72,134.0,Dale Steyn
2020,GJ Maxwell,171,126,3,21.0,8.14,57.0,Glenn Maxwell
2020,HV Patel,135,98,3,16.2,8.27,45.0,Harshal Patel
2020,Harpreet Brar,41,25,0,4.1,9.84,,Harpreet Brar
2020,I Sharma,26,20,0,3.2,7.8,,Ishant Sharma
2020,I Udana,286,182,8,30.2,9.43,35.75,Isuru Udana
2020,Imran Tahir,78,66,1,11.0,7.09,78.0,Imran Tahir
2020,J Yadav,43,42,1,7.0,6.14,43.0,Jayant Yadav
2020,JC Archer,373,345,20,57.3,6.49,18.65,Jofra Archer
2020,JD Unadkat,229,144,4,24.0,9.54,57.25,Jaydev Unadkat
2020,JDS Neesham,149,93,2,15.3,9.61,74.5,James Neesham
2020,JJ Bumrah,436,384,29,64.0,6.81,15.03,Jasprit Bumrah
2020,JL Pattinson,321,222,11,37.0,8.68,29.18,JL Pattinson
2020,JO Holder,239,176,14,29.2,8.15,17.07,Jason Holder
2020,JR Hazlewood,72,61,1,10.1,7.08,72.0,Josh Hazlewood
2020,K Gowtham,84,48,1,8.0,10.5,84.0,K Gowtham
2020,K Rabada,565,414,32,69.0,8.19,17.66,Kagiso Rabada
2020,KA Pollard,190,138,4,23.0,8.26,47.5,Kieron Pollard
2020,KH Pandya,387,315,6,52.3,7.37,64.5,Krunal Pandya
2020,KK Ahmed,245,158,8,26.2,9.3,30.62,Khaleel Ahmed
2020,KL Nagarkoti,233,160,5,26.4,8.74,46.6,Kamlesh Nagarkoti
2020,KS Williamson,24,12,0,2.0,12.0,,Kane Williamson
2020,KV Sharma,165,118,5,19.4,8.39,33.0,Karn Sharma
2020,Kartik Tyagi,372,241,9,40.1,9.26,41.33,Kartik Tyagi
2020,Kuldeep Yadav,95,75,1,12.3,7.6,95.0,Kuldip Yadav
2020,L Ngidi,169,104,9,17.2,9.75,18.78,Lungisani Ngidi
2020,LH Ferguson,153,127,8,21.1,7.23,19.12,Lockie Ferguson
2020,M Ashwin,240,191,10,31.5,7.54,24.0,Murugan Ashwin
2020,M Prasidh Krishna,165,109,4,18.1,9.08,41.25,M Prasidh Krishna
2020,MJ Santner,53,42,2,7.0,7.57,26.5,Mitchell Santner
2020,MM Ali,42,32,1,5.2,7.88,42.0,Moeen Ali
2020,MM Sharma,45,25,1,4.1,10.8,45.0,Mohit Sharma
2020,MP Stoinis,287,184,13,30.4,9.36,22.08,Marcus Stoinis
2020,MR Marsh,6,4,0,0.4,9.0,,Mitchell Marsh
2020,Mohammad Nabi,24,26,0,4.2,5.54,,Mohammad Nabi
2020,Mohammed Shami,482,342,20,57.0,8.46,24.1,Mohammed Shami
2020,Mohammed Siraj,244,172,11,28.4,8.51,22.18,Mohammed Siraj
2020,Monu Kumar,20,16,0,2.4,7.5,,Monu Kumar
2020,Mujeeb Ur Rahman,83,49,0,8.1,10.16,,Mujeeb Ur Rahman
2020,N Rana,23,13,0,2.1,10.62,,Nitish Rana
2020,NM Coulter-Nile,206,165,5,27.3,7.49,41.2,Nathan Coulter-Nile
2020,Navdeep Saini,392,294,7,49.0,8.0,56.0,Navdeep Saini
2020,P Dubey,72,48,0,8.0,9.0,,Pravin Dubey
2020,PJ Cummins,424,321,12,53.3,7.93,35.33,Patrick Cummins
2020,PP Chawla,191,128,6,21.2,8.95,31.83,Piyush Chawla
2020,R Ashwin,393,312,13,52.0,7.56,30.23,Ravichandran Ashwin
2020,R Parag,27,13,0,2.1,12.46,,Riyan Parag
2020,R Tewatia,327,286,10,47.4,6.86,32.7,Rahul Tewatia
2020,RA Jadeja,318,221,6,36.5,8.63,53.0,Ravindra Jadeja
2020,RD Chahar,439,323,15,53.5,8.15,29.27,Rahul Chahar
2020,Rashid Khan,355,391,20,65.1,5.45,17.75,Rashid Khan
2020,Ravi Bishnoi,381,318,12,53.0,7.19,31.75,Ravi Bishnoi
2020,S Dube,75,55,4,9.1,8.18,18.75,Shivam Dube
2020,S Gopal,429,305,10,50.5,8.44,42.9,Shreyas Gopal
2020,S Kaul,64,26,2,4.2,14.77,32.0,Siddharth Kaul
2020,S Nadeem,179,137,5,22.5,7.84,35.8,Shahbaz Nadeem
2020,S Sandeep Warrier,34,21,0,3.3,9.71,,Sandeep Warrier
2020,SM Curran,348,265,13,44.1,7.88,26.77,Sam Curran
2020,SN Thakur,279,203,10,33.5,8.25,27.9,Shardul Thakur
2020,SP Narine,308,230,5,38.2,8.03,61.6,Sunil Narine
2020,SS Cottrell,177,131,6,21.5,8.11,29.5,Sheldon Cottrell
2020,Sandeep Sharma,374,317,14,52.5,7.08,26.71,Sandeep Sharma
2020,Shahbaz Ahmed,45,37,2,6.1,7.3,22.5,Shahbaz Ahmed
2020,Shivam Mavi,214,162,9,27.0,7.93,23.78,Shivam Mavi
2020,T Natarajan,520,389,16,64.5,8.02,32.5,T Natarajan
2020,TA Boult,473,354,25,59.0,8.02,18.92,Trent Boult
2020,TK Curran,210,116,3,19.2,10.86,70.0,Tom Curran
2020,TU Deshpande,193,110,3,18.2,10.53,64.33,Tushar Deshpande
2020,UT Yadav,86,46,0,7.4,11.22,,Upendra Yadav
2020,V Shankar,82,84,4,14.0,5.86,20.5,Vijay Shankar
2020,VR Aaron,96,54,0,9.0,10.67,,Varun Aaron
2020,Washington Sundar,300,302,8,50.2,5.96,37.5,Washington Sundar
2020,YS Chahal,414,348,21,58.0,7.14,19.71,Yuzvendra Chahal
2021,A Mishra,109,84,6,14.0,7.79,18.17,Amit Mishra
2021,A Nortje,198,187,12,31.1,6.35,16.5,Anrich Nortje
2021,AD Russell,189,122,11,20.2,9.3,17.18,Andre Russell
2021,AF Milne,135,87,4,14.3,9.31,33.75,Adam Milne
2021,AK Markram,23,25,0,4.1,5.52,,Aiden Markram
2021,AR Patel,315,285,15,47.3,6.63,21.0,Akshar Patel
2021,AU Rashid,35,18,0,3.0,11.67,,Adil Rashid
2021,Abdul Samad,9,6,1,1.0,9.0,9.0,Abdul Samad
2021,Abhishek Sharma,66,63,4,10.3,6.29,16.5,Abhishek Sharma
2021,Akash Singh,39,24,0,4.0,9.75,,Akash Singh
2021,Arshdeep Singh,348,263,18,43.5,7.94,19.33,Arshdeep Singh
2021,Avesh Khan,466,383,24,63.5,7.3,19.42,Avesh Khan
2021,B Kumar,337,259,6,43.1,7.81,56.17,Bhuvneshwar Kumar
2021,BA Stokes,12,6,0,1.0,12.0,,Ben Stokes
2021,C Sakariya,434,334,14,55.4,7.8,31.0,Chetan Sakariya
2021,CH Morris,396,262,15,43.4,9.07,26.4,Chris Morris
2021,CJ Jordan,103,74,4,12.2,8.35,25.75,Chris Jordan
2021,CR Woakes,85,67,5,11.1,7.61,17.0,Chris Woakes
2021,CV Varun,456,416,18,69.2,6.58,25.33,CV Varun
2021,DJ Bravo,264,221,14,36.5,7.17,18.86,Dwayne Bravo
2021,DJ Hooda,136,96,2,16.0,8.5,68.0,Deepak Hooda
2021,DL Chahar,453,339,14,56.3,8.02,32.36,Deepak Chahar
2021,DR Sams,39,38,1,6.2,6.16,39.0,Daniel Sams
2021,DS Kulkarni,48,26,0,4.2,11.08,,Dhawal Kulkarni
2021,DT Christian,156,104,4,17.2,9.0,39.0,Daniel Christian
2021,FA Allen,90,67,1,11.1,8.06,90.0,Fabian Allen
2021,GD Phillips,20,13,1,2.1,9.23,20.0,Glenn Phillips
2021,GHS Garton,136,97,3,16.1,8.41,45.33,GHS Garton
2021,GJ Maxwell,135,99,3,16.3,8.18,45.0,Glenn Maxwell
2021,HV Patel,461,361,32,60.1,7.66,14.41,Harshal Patel
2021,Harbhajan Singh,63,45,0,7.3,8.4,,Harbhajan Singh
2021,Harpreet Brar,142,141,5,23.3,6.04,28.4,Harpreet Brar
2021,I Sharma,98,72,1,12.0,8.17,98.0,Ishant Sharma
2021,IC Porel,42,26,1,4.2,9.69,42.0,Ishan Porel
2021,Imran Tahir,16,26,2,4.2,3.69,8.0,Imran Tahir
2021,J Suchith,66,42,0,7.0,9.43,,Jagadeesha Suchith
2021,J Yadav,131,106,2,17.4,7.42,65.5,Jayant Yadav
2021,JA Richardson,122,69,3,11.3,10.61,40.67,Jhye Richardson
2021,JD Unadkat,168,134,4,22.2,7.52,42.0,Jaydev Unadkat
2021,JDS Neesham,68,54,5,9.0,7.56,13.6,James Neesham
2021,JJ Bumrah,422,347,21,57.5,7.3,20.1,Jasprit Bumrah
2021,JO Holder,248,203,16,33.5,7.33,15.5,Jason Holder
2021,JR Hazlewood,302,215,11,35.5,8.43,27.45,Josh Hazlewood
2021,Jalaj S Saxena,27,18,0,3.0,9.0,,Jatin Saxena
2021,K Rabada,464,346,15,57.4,8.05,30.93,Kagiso Rabada
2021,K Yadav,17,12,0,2.0,8.5,,K Yadav
2021,KA Jamieson,271,179,9,29.5,9.08,30.11,Kyle Jamieson
2021,KA Pollard,95,85,5,14.1,6.71,19.0,Kieron Pollard
2021,KH Pandya,267,210,5,35.0,7.63,53.4,Krunal Pandya
2021,KK Ahmed,225,168,5,28.0,8.04,45.0,Khaleel Ahmed
2021,KL Nagarkoti,25,12,0,2.0,12.5,,Kamlesh Nagarkoti
2021,KM Asif,18,14,1,2.2,7.71,18.0,KM Asif
2021,KW Richardson,29,19,1,3.1,9.16,29.0,Kane Richardson
2021,Kartik Tyagi,125,93,4,15.3,8.06,31.25,Kartik Tyagi
2021,L Ngidi,129,75,5,12.3,10.32,25.8,Lungisani Ngidi
2021,LH Ferguson,226,186,13,31.0,7.29,17.38,Lockie Ferguson
2021,LI Meriwala,32,19,1,3.1,10.11,32.0,Lukman Hussain Meriwala
2021,Lalit Yadav,101,84,4,14.0,7.21,25.25,Lalit Yadav
2021,M Ashwin,100,71,1,11.5,8.45,100.0,Murugan Ashwin
2021,M Jansen,47,40,2,6.4,7.05,23.5,Marco Jansen
2021,M Markande,26,18,0,3.0,8.67,,Mayank Markande
2021,M Prasidh Krishna,357,253,12,42.1,8.47,29.75,M Prasidh Krishna
2021,MC Henriques,47,61,4,10.1,4.62,11.75,Moises Henriques
2021,MK Lomror,47,43,1,7.1,6.56,47.0,Mahipal Lomror
2021,MM Ali,163,154,6,25.4,6.35,27.17,Moeen Ali
2021,MP Stoinis,124,69,2,11.3,10.78,62.0,Marcus Stoinis
2021,Mohammad Nabi,86,48,2,8.0,10.75,43.0,Mohammad Nabi
2021,Mohammed Shami,400,323,19,53.5,7.43,21.05,Mohammed Shami
2021,Mohammed Siraj,366,321,11,53.3,6.84,33.27,Mohammed Siraj
2021,Mujeeb Ur Rahman,30,26,2,4.2,6.92,15.0,Mujeeb Ur Rahman
2021,Mustafizur Rahman,448,327,14,54.3,8.22,32.0,Mustafizur Rahman
2021,N Rana,12,12,0,2.0,6.0,,Nitish Rana
2021,NM Coulter-Nile,131,121,7,20.1,6.5,18.71,Nathan Coulter-Nile
2021,NT Ellis,91,68,1,11.2,8.03,91.0,Nathan Ellis
2021,Navdeep Saini,53,25,0,4.1,12.72,,Navdeep Saini
2021,PJ Cummins,237,168,9,28.0,8.46,26.33,Patrick Cummins
2021,PP Chawla,38,24,1,4.0,9.5,38.0,Piyush Chawla
2021,PWH de Silva,60,36,0,6.0,10.0,,PWH de Silva
2021,R Ashwin,334,278,7,46.2,7.21,47.71,Ravichandran Ashwin
2021,R Parag,73,39,1,6.3,11.23,73.0,Riyan Parag
2021,R Tewatia,342,229,8,38.1,8.96,42.75,Rahul Tewatia
2021,RA Jadeja,347,300,13,50.0,6.94,26.69,Ravindra Jadeja
2021,RD Chahar,324,261,13,43.3,7.45,24.92,Rahul Chahar
2021,RG Sharma,13,7,0,1.1,11.14,,Rohit Sharma
2021,RP Meredith,171,108,4,18.0,9.5,42.75,Riley Meredith
2021,RV Patel,22,20,0,3.2,6.6,,Ripal Patel
2021,Rashid Khan,398,349,18,58.1,6.84,22.11,Rashid Khan
2021,Ravi Bishnoi,240,220,12,36.4,6.55,20.0,Ravi Bishnoi
2021,S Dube,53,31,0,5.1,10.26,,Shivam Dube
2021,S Gopal,84,42,0,7.0,12.0,,Shreyas Gopal
2021,S Kaul,253,181,7,30.1,8.39,36.14,Siddharth Kaul
2021,S Nadeem,36,24,1,4.0,9.0,36.0,Shahbaz Nadeem
2021,S Sandeep Warrier,15,12,0,2.0,7.5,,Sandeep Warrier
2021,SM Curran,332,209,9,34.5,9.53,36.89,Sam Curran
2021,SN Thakur,531,388,21,64.4,8.21,25.29,Shardul Thakur
2021,SP Narine,369,344,16,57.2,6.44,23.06,Sunil Narine
2021,Sandeep Sharma,204,145,3,24.1,8.44,68.0,Sandeep Sharma
2021,Shahbaz Ahmed,92,84,7,14.0,6.57,13.14,Shahbaz Ahmed
2021,Shakib Al Hasan,188,157,4,26.1,7.18,47.0,Shakib al Hasan
2021,Shivam Mavi,242,204,11,34.0,7.12,22.0,Shivam Mavi
2021,T Natarajan,70,50,2,8.2,8.4,35.0,T Natarajan
2021,T Shamsi,34,24,0,4.0,8.5,,T Shamsi
2021,TA Boult,409,317,13,52.5,7.74,31.46,Trent Boult
2021,TG Southee,95,74,3,12.2,7.7,31.67,Tim Southee
2021,TK Curran,104,72,4,12.0,8.67,26.0,Tom Curran
2021,Umran Malik,96,75,2,12.3,7.68,48.0,Umran Malik
2021,V Shankar,100,72,3,12.0,8.33,33.33,Vijay Shankar
2021,VR Iyer,71,54,3,9.0,7.89,23.67,Venkatesh Iyer
2021,Washington Sundar,119,98,3,16.2,7.29,39.67,Washington Sundar
2021,YS Chahal,381,323,18,53.5,7.08,21.17,Yuzvendra Chahal
2022,A Badoni,12,12,2,2.0,6.0,6.0,Ayush Badoni
2022,A Nortje,219,143,9,23.5,9.19,24.33,Anrich Nortje
2022,AD Russell,282,176,17,29.2,9.61,16.59,Andre Russell
2022,AF Milne,19,15,0,2.3,7.6,,Adam Milne
2022,AJ Tye,113,69,2,11.3,9.83,56.5,Andrew Tye
2022,AK Markram,64,36,1,6.0,10.67,64.0,Aiden Markram
2022,AR Patel,323,261,6,43.3,7.43,53.83,Akshar Patel
2022,AS Joseph,269,185,7,30.5,8.72,38.43,Alzarri Joseph
2022,AS Roy,55,42,1,7.0,7.86,55.0,Anukul Roy
2022,Abdul Samad,8,6,0,1.0,8.0,,Abdul Samad
2022,Abhishek Sharma,39,24,0,4.0,9.75,,Abhishek Sharma
2022,Akash Deep,206,119,5,19.5,10.39,41.2,Akash Deep
2022,Aman Hakim Khan,13,6,0,1.0,13.0,,Aman Khan
2022,Arshdeep Singh,402,317,10,52.5,7.61,40.2,Arshdeep Singh
2022,Avesh Khan,423,300,19,50.0,8.46,22.26,Avesh Khan
2022,B Kumar,394,330,12,55.0,7.16,32.83,Bhuvneshwar Kumar
2022,Basil Thampi,158,102,5,17.0,9.29,31.6,Basil Thampi
2022,C Sakariya,87,71,3,11.5,7.35,29.0,Chetan Sakariya
2022,CJ Jordan,136,80,2,13.2,10.2,68.0,Chris Jordan
2022,CV Varun,338,245,6,40.5,8.28,56.33,CV Varun
2022,D Brevis,8,3,1,0.3,16.0,8.0,Dewald Brevis
2022,D Pretorius,213,138,6,23.0,9.26,35.5,Dwaine Pretorius
2022,DG Nalkande,59,33,2,5.3,10.73,29.5,Darshan Nalkande
2022,DJ Bravo,303,229,16,38.1,7.94,18.94,Dwayne Bravo
2022,DJ Hooda,43,24,1,4.0,10.75,43.0,Deepak Hooda
2022,DJ Mitchell,27,13,0,2.1,12.46,,Daryl Mitchell
2022,DJ Willey,75,66,1,11.0,6.82,75.0,David Willey
2022,DR Sams,375,274,13,45.4,8.21,28.85,Daniel Sams
2022,FA Allen,46,24,1,4.0,11.5,46.0,Fabian Allen
2022,Fazalhaq Farooqi,110,76,2,12.4,8.68,55.0,Fazalhaq Farooqi
2022,GJ Maxwell,166,146,6,24.2,6.82,27.67,Glenn Maxwell
2022,HH Pandya,226,189,8,31.3,7.17,28.25,Hardik Pandya
2022,HR Shokeen,130,94,2,15.4,8.3,65.0,Hrithik Shokeen
2022,HV Patel,421,338,19,56.2,7.47,22.16,Harshal Patel
2022,Harpreet Brar,148,100,4,16.4,8.88,37.0,Harpreet Brar
2022,Harshit Rana,52,31,1,5.1,10.06,52.0,Harshit Rana
2022,J Suchith,141,115,7,19.1,7.36,20.14,Jagadeesha Suchith
2022,JD Unadkat,191,123,6,20.3,9.32,31.83,Jaydev Unadkat
2022,JDS Neesham,29,18,0,3.0,9.67,,James Neesham
2022,JJ Bumrah,392,327,15,54.3,7.19,26.13,Jasprit Bumrah
2022,JO Holder,399,266,14,44.2,9.0,28.5,Jason Holder
2022,JR Hazlewood,380,289,20,48.1,7.89,19.0,Josh Hazlewood
2022,K Gowtham,101,72,5,12.0,8.42,20.2,K Gowtham
2022,K Kartikeya,103,78,5,13.0,7.92,20.6,Kumar Kartikeya
2022,K Rabada,414,303,23,50.3,8.2,18.0,Kagiso Rabada
2022,KA Pollard,130,87,4,14.3,8.97,32.5,Kieron Pollard
2022,KH Pandya,269,232,10,38.4,6.96,26.9,Krunal Pandya
2022,KK Ahmed,315,242,16,40.2,7.81,19.69,Khaleel Ahmed
2022,KL Nagarkoti,29,13,0,2.1,13.38,,Kamlesh Nagarkoti
2022,KR Sen,240,157,8,26.1,9.17,30.0,Kuldeep Sen
2022,Kartik Tyagi,79,54,1,9.0,8.78,79.0,Kartik Tyagi
2022,Kuldeep Yadav,420,306,21,51.0,8.24,20.0,Kuldip Yadav
2022,LH Ferguson,433,298,12,49.4,8.72,36.08,Lockie Ferguson
2022,LS Livingstone,202,144,6,24.0,8.42,33.67,Liam Livingstone
2022,Lalit Yadav,152,110,4,18.2,8.29,38.0,Lalit Yadav
2022,M Ashwin,233,179,9,29.5,7.81,25.89,Murugan Ashwin
2022,M Jansen,278,201,7,33.3,8.3,39.71,Marco Jansen
2022,M Markande,61,42,1,7.0,8.71,61.0,Mayank Markande
2022,M Pathirana,56,48,2,8.0,7.0,28.0,Matheesha Pathirana
2022,M Prasidh Krishna,564,432,19,72.0,7.83,29.68,M Prasidh Krishna
2022,M Theekshana,267,212,12,35.2,7.56,22.25,Maheesh Theekshana
2022,MJ Santner,135,114,4,19.0,7.11,33.75,Mitchell Santner
2022,MK Lomror,18,12,0,2.0,9.0,,Mahipal Lomror
2022,MM Ali,159,146,8,24.2,6.53,19.88,Moeen Ali
2022,MP Stoinis,79,44,4,7.2,10.77,19.75,Marcus Stoinis
2022,MR Marsh,102,76,4,12.4,8.05,25.5,Mitchell Marsh
2022,Mohammed Shami,491,378,20,63.0,7.79,24.55,Mohammed Shami
2022,Mohammed Siraj,525,325,9,54.1,9.69,58.33,Mohammed Siraj
2022,Mohsin Khan,202,206,14,34.2,5.88,14.43,Mohsin Khan
2022,Mukesh Choudhary,425,291,16,48.3,8.76,26.56,Mukesh Choudhary
2022,Mustafizur Rahman,248,199,8,33.1,7.48,31.0,Mustafizur Rahman
2022,N Rana,23,12,0,2.0,11.5,,Nitish Rana
2022,NM Coulter-Nile,49,20,0,3.2,14.7,,Nathan Coulter-Nile
2022,NT Ellis,57,40,3,6.4,8.55,19.0,Nathan Ellis
2022,Navdeep Saini,73,39,3,6.3,11.23,24.33,Navdeep Saini
2022,OC McCoy,242,173,11,28.5,8.39,22.0,Obed McCoy
2022,OF Smith,179,95,6,15.5,11.31,29.83,Odean Smith
2022,PH Solanki,39,36,2,6.0,6.5,19.5,Prashant Solanki
2022,PJ Cummins,219,127,7,21.1,10.35,31.29,Patrick Cummins
2022,PJ Sangwan,66,56,3,9.2,7.07,22.0,Pradeep Sangwan
2022,PVD Chameera,393,278,9,46.2,8.48,43.67,PVD Chameera
2022,PWH de Silva,439,346,26,57.4,7.61,16.88,PWH de Silva
2022,R Ashwin,506,419,12,69.5,7.25,42.17,Ravichandran Ashwin
2022,R Dhawan,164,119,6,19.5,8.27,27.33,Rishi Dhawan
2022,R Parag,59,26,1,4.2,13.62,59.0,Riyan Parag
2022,R Powell,17,7,0,1.1,14.57,,Rovman Powell
2022,R Sai Kishore,122,98,6,16.2,7.47,20.33,R Sai Kishore
2022,R Sanjay Yadav,23,14,0,2.2,9.86,,R Sanjay Yadav
2022,R Shepherd,98,57,3,9.3,10.32,32.67,Romario Shepherd
2022,R Tewatia,76,36,1,6.0,12.67,76.0,Rahul Tewatia
2022,RA Jadeja,252,203,5,33.5,7.45,50.4,Ravindra Jadeja
2022,RD Chahar,365,290,14,48.2,7.55,26.07,Rahul Chahar
2022,RP Meredith,241,181,8,30.1,7.99,30.12,Riley Meredith
2022,Ramandeep Singh,55,41,6,6.5,8.05,9.17,Ramandeep Singh
2022,Rashid Khan,428,386,19,64.2,6.65,22.53,Rashid Khan
2022,Rasikh Salam,28,24,0,4.0,7.0,,Rasikh Salam
2022,Ravi Bishnoi,462,340,13,56.4,8.15,35.54,Ravi Bishnoi
2022,S Dube,40,14,0,2.2,17.14,,Shivam Dube
2022,S Gopal,34,18,1,3.0,11.33,34.0,Shreyas Gopal
2022,S Kaul,43,24,0,4.0,10.75,,Siddharth Kaul
2022,SA Abbott,47,27,1,4.3,10.44,47.0,Sean Abbott
2022,SN Thakur,485,315,15,52.3,9.24,32.33,Shardul Thakur
2022,SP Narine,319,342,9,57.0,5.6,35.44,Sunil Narine
2022,SS Iyer,7,6,0,1.0,7.0,,Shreyas Iyer
2022,Sandeep Sharma,156,126,2,21.0,7.43,78.0,Sandeep Sharma
2022,Shahbaz Ahmed,341,220,4,36.4,9.3,85.25,Shahbaz Ahmed
2022,Shashank Singh,20,13,0,2.1,9.23,,Shashank Singh
2022,Shivam Mavi,229,142,5,23.4,9.68,45.8,Shivam Mavi
2022,Simarjeet Singh,143,113,4,18.5,7.59,35.75,Simarjeet Singh
2022,T Natarajan,410,272,18,45.2,9.04,22.78,T Natarajan
2022,TA Boult,501,387,16,64.3,7.77,31.31,Trent Boult
2022,TG Southee,284,220,14,36.4,7.75,20.29,Tim Southee
2022,TS Mills,192,107,6,17.5,10.77,32.0,Tymal Mills
2022,TU Deshpande,67,43,1,7.1,9.35,67.0,Tushar Deshpande
2022,Tilak Varma,13,12,0,2.0,6.5,,Tilak Varma
2022,UT Yadav,354,297,16,49.3,7.15,22.12,Upendra Yadav
2022,Umran Malik,455,313,22,52.1,8.72,20.68,Umran Malik
2022,V Shankar,15,10,0,1.4,9.0,,Vijay Shankar
2022,VG Arora,165,110,3,18.2,9.0,55.0,Vaibhav Arora
2022,VR Aaron,53,33,2,5.3,9.64,26.5,Varun Aaron
2022,VR Iyer,46,24,0,4.0,11.5,,Venkatesh Iyer
2022,Washington Sundar,239,170,6,28.2,8.44,39.83,Washington Sundar
2022,YBK Jaiswal,6,1,0,0.1,36.0,,Yashasvi Jaiswal
2022,YS Chahal,536,429,27,71.3,7.5,19.85,Yuzvendra Chahal
2022,Yash Dayal,296,205,11,34.1,8.66,26.91,Yash Dayal
2023,A Badoni,0,1,0,0.1,0.0,,Ayush Badoni
2023,A Mishra,151,115,7,19.1,7.88,21.57,Amit Mishra
2023,A Nortje,370,251,10,41.5,8.84,37.0,Anrich Nortje
2023,A Zampa,189,133,8,22.1,8.53,23.62,Adam Zampa
2023,AD Russell,173,99,7,16.3,10.48,24.71,Andre Russell
2023,AJ Hosein,41,24,1,4.0,10.25,41.0,Akeal Hosein
2023,AK Markram,71,49,1,8.1,8.69,71.0,Aiden Markram
2023,AR Patel,344,288,11,48.0,7.17,31.27,Akshar Patel
2023,AS Joseph,226,150,7,25.0,9.04,32.29,Alzarri Joseph
2023,AS Roy,65,51,3,8.3,7.65,21.67,Anukul Roy
2023,AU Rashid,56,42,2,7.0,8.0,28.0,Adil Rashid
2023,Abhishek Sharma,127,75,2,12.3,10.16,63.5,Abhishek Sharma
2023,Akash Deep,63,33,1,5.3,11.45,63.0,Akash Deep
2023,Akash Madhwal,222,160,15,26.4,8.32,14.8,Akash Madhwal
2023,Akash Singh,188,117,5,19.3,9.64,37.6,Akash Singh
2023,Arjun Tendulkar,95,68,3,11.2,8.38,31.67,Arjun Tendulkar
2023,Arshad Khan,192,97,5,16.1,11.88,38.4,Arshad Khan
2023,Arshdeep Singh,497,324,17,54.0,9.2,29.24,Arshdeep Singh
2023,Avesh Khan,287,176,8,29.2,9.78,35.88,Avesh Khan
2023,B Kumar,432,319,16,53.1,8.13,27.0,Bhuvneshwar Kumar
2023,BA Stokes,18,6,0,1.0,18.0,,Ben Stokes
2023,C Green,370,239,7,39.5,9.29,52.86,Cameron Green
2023,C Sakariya,89,55,3,9.1,9.71,29.67,Chetan Sakariya
2023,CJ Jordan,241,140,3,23.2,10.33,80.33,Chris Jordan
2023,CV Varun,445,323,20,53.5,8.27,22.25,CV Varun
2023,D Jansen,53,28,1,4.4,11.36,53.0,Duan Jansen
2023,D Pretorius,29,28,0,4.4,6.21,,Dwaine Pretorius
2023,D Wiese,38,18,0,3.0,12.67,,David Wiese
2023,DG Nalkande,45,25,1,4.1,10.8,45.0,Darshan Nalkande
2023,DJ Hooda,8,6,0,1.0,8.0,,Deepak Hooda
2023,DJ Willey,106,94,3,15.4,6.77,35.33,David Willey
2023,DL Chahar,302,215,13,35.5,8.43,23.23,Deepak Chahar
2023,Fazalhaq Farooqi,119,86,4,14.2,8.3,29.75,Fazalhaq Farooqi
2023,GD Phillips,20,18,1,3.0,6.67,20.0,Glenn Phillips
2023,GJ Maxwell,95,64,3,10.4,8.91,31.67,Glenn Maxwell
2023,Gurnoor Brar,42,21,0,3.3,12.0,,Gurnoor Brar
2023,H Sharma,33,18,0,3.0,11.0,,Himanshu Sharma
2023,HH Pandya,241,156,3,26.0,9.27,80.33,Hardik Pandya
2023,HR Shokeen,190,119,3,19.5,9.58,63.33,Hrithik Shokeen
2023,HV Patel,468,302,14,50.2,9.3,33.43,Harshal Patel
2023,Harpreet Brar,219,166,9,27.4,7.92,24.33,Harpreet Brar
2023,Harshit Rana,153,108,5,18.0,8.5,30.6,Harshit Rana
2023,I Sharma,210,157,10,26.1,8.03,21.0,Ishant Sharma
2023,J Little,296,211,7,35.1,8.42,42.29,Josh Little
2023,J Yadav,26,24,0,4.0,6.5,,Jayant Yadav
2023,JC Archer,202,129,2,21.3,9.4,101.0,Jofra Archer
2023,JD Unadkat,92,52,0,8.4,10.62,,Jaydev Unadkat
2023,JE Root,15,12,0,2.0,7.5,,Joe Root
2023,JO Holder,290,176,4,29.2,9.89,72.5,Jason Holder
2023,JP Behrendorff,395,262,14,43.4,9.05,28.21,Jason Behrendorff
2023,JR Hazlewood,76,57,3,9.3,8.0,25.33,Josh Hazlewood
2023,K Gowtham,118,100,3,16.4,7.08,39.33,K Gowtham
2023,K Kartikeya,231,163,5,27.1,8.5,46.2,Kumar Kartikeya
2023,K Khejroliya,64,28,2,4.4,13.71,32.0,Kulwant Khejroliya
2023,K Rabada,243,147,7,24.3,9.92,34.71,Kagiso Rabada
2023,K Yadav,68,42,2,7.0,9.71,34.0,K Yadav
2023,KH Pandya,320,253,9,42.1,7.59,35.56,Krunal Pandya
2023,KK Ahmed,309,212,9,35.2,8.75,34.33,Khaleel Ahmed
2023,KM Asif,139,91,3,15.1,9.16,46.33,KM Asif
2023,KR Mayers,59,46,0,7.4,7.7,,Kyle Mayers
2023,KR Sen,29,19,0,3.1,9.16,,Kuldeep Sen
2023,KV Sharma,229,132,10,22.0,10.41,22.9,Karn Sharma
2023,Kartik Tyagi,92,44,1,7.2,12.55,92.0,Kartik Tyagi
2023,Kuldeep Yadav,366,300,10,50.0,7.32,36.6,Kuldip Yadav
2023,LH Ferguson,98,50,1,8.2,11.76,98.0,Lockie Ferguson
2023,LS Livingstone,94,42,2,7.0,13.43,47.0,Liam Livingstone
2023,Lalit Yadav,120,82,2,13.4,8.78,60.0,Lalit Yadav
2023,M Ashwin,53,25,0,4.1,12.72,,Murugan Ashwin
2023,M Jansen,273,178,10,29.4,9.2,27.3,Marco Jansen
2023,M Markande,300,230,12,38.2,7.83,25.0,Mayank Markande
2023,M Pathirana,386,310,19,51.4,7.47,20.32,Matheesha Pathirana
2023,M Theekshana,401,298,11,49.4,8.07,36.45,Maheesh Theekshana
2023,MA Wood,142,102,11,17.0,8.35,12.91,Mark Wood
2023,MG Bracewell,95,66,6,11.0,8.64,15.83,MG Bracewell
2023,MJ Santner,82,72,3,12.0,6.83,27.33,Mitchell Santner
2023,MK Lomror,17,12,0,2.0,8.5,,Mahipal Lomror
2023,MM Ali,198,157,9,26.1,7.57,22.0,Moeen Ali
2023,MM Sharma,362,268,27,44.4,8.1,13.41,Mohit Sharma
2023,MP Stoinis,101,69,5,11.3,8.78,20.2,Marcus Stoinis
2023,MR Marsh,172,132,12,22.0,7.82,14.33,Mitchell Marsh
2023,MW Short,25,25,0,4.1,6.0,,MW Short
2023,Mayank Dagar,83,66,1,11.0,7.55,83.0,Mayank Dagar
2023,Mohammed Shami,532,403,28,67.1,7.92,19.0,Mohammed Shami
2023,Mohammed Siraj,395,329,19,54.5,7.2,20.79,Mohammed Siraj
2023,Mohit Rathee,29,12,0,2.0,14.5,,Mohit Rathee
2023,Mohsin Khan,111,64,3,10.4,10.41,37.0,Mohsin Khan
2023,Mukesh Kumar,328,197,8,32.5,9.99,41.0,Mukesh Kumar
2023,Mustafizur Rahman,79,42,1,7.0,11.29,79.0,Mustafizur Rahman
2023,N Rana,75,54,3,9.0,8.33,25.0,Nitish Rana
2023,NA Saini,35,15,0,2.3,14.0,,NA Saini
2023,NT Ellis,342,233,13,38.5,8.81,26.31,Nathan Ellis
2023,Navdeep Saini,40,25,3,4.1,9.6,13.33,Navdeep Saini
2023,Naveen-ul-Haq,227,175,11,29.1,7.78,20.64,Naveen-ul-Haq
2023,Nithish Kumar Reddy,54,31,0,5.1,10.45,,Nitish Kumar Reddy
2023,Noor Ahmad,375,299,16,49.5,7.53,23.44,Noor Ahmad
2023,OC McCoy,13,7,0,1.1,11.14,,Obed McCoy
2023,P Dubey,19,19,1,3.1,6.0,19.0,Pravin Dubey
2023,PP Chawla,499,371,22,61.5,8.07,22.68,Piyush Chawla
2023,PWH de Silva,259,175,9,29.1,8.88,28.78,PWH de Silva
2023,R Ashwin,370,309,15,51.3,7.18,24.67,Ravichandran Ashwin
2023,R Dhawan,64,42,1,7.0,9.14,64.0,Rishi Dhawan
2023,R Goyal,34,24,0,4.0,8.5,,Raghav Goyal
2023,R Powell,18,14,1,2.2,7.71,18.0,Rovman Powell
2023,R Tewatia,15,14,0,2.2,6.43,,Rahul Tewatia
2023,RA Jadeja,432,348,20,58.0,7.45,21.6,Ravindra Jadeja
2023,RD Chahar,388,301,8,50.1,7.73,48.5,Rahul Chahar
2023,RJW Topley,14,12,1,2.0,7.0,14.0,Reece Topley
2023,RP Meredith,209,126,7,21.0,9.95,29.86,Riley Meredith
2023,RS Hangargekar,60,43,3,7.1,8.37,20.0,Rajvardhan Hangargekar
2023,Rashid Khan,557,407,27,67.5,8.21,20.63,Rashid Khan
2023,Ravi Bishnoi,394,312,16,52.0,7.58,24.62,Ravi Bishnoi
2023,SM Curran,497,299,10,49.5,9.97,49.7,Sam Curran
2023,SN Thakur,222,132,7,22.0,10.09,31.71,Shardul Thakur
2023,SP Narine,389,296,11,49.2,7.89,35.36,Sunil Narine
2023,SSB Magala,52,37,1,6.1,8.43,52.0,SSB Magala
2023,Sandeep Sharma,398,290,10,48.2,8.23,39.8,Sandeep Sharma
2023,Shahbaz Ahmed,95,42,1,7.0,13.57,95.0,Shahbaz Ahmed
2023,Sikandar Raza,124,76,3,12.4,9.79,41.33,Sikandar Raza
2023,Suyash Sharma,330,239,10,39.5,8.28,33.0,Suyash Sharma
2023,Swapnil Singh,18,12,0,2.0,9.0,,Swapnil Singh
2023,T Natarajan,416,276,10,46.0,9.04,41.6,T Natarajan
2023,T Stubbs,14,12,1,2.0,7.0,14.0,Tristan Stubbs
2023,TA Boult,316,235,13,39.1,8.07,24.31,Trent Boult
2023,TG Southee,79,36,2,6.0,13.17,39.5,Tim Southee
2023,TU Deshpande,580,368,21,61.2,9.46,27.62,Tushar Deshpande
2023,Tilak Varma,7,7,0,1.1,6.0,,Tilak Varma
2023,UT Yadav,190,116,1,19.2,9.83,190.0,Upendra Yadav
2023,Umran Malik,219,124,5,20.4,10.6,43.8,Umran Malik
2023,VG Arora,149,107,5,17.5,8.36,29.8,Vaibhav Arora
2023,Vijaykumar Vyshak,253,153,9,25.3,9.92,28.11,Vijaykumar Vyshak
2023,Vivrant Sharma,37,21,0,3.3,10.57,,Vivrant Sharma
2023,WD Parnell,237,157,9,26.1,9.06,26.33,Wayne Parnell
2023,Washington Sundar,146,106,3,17.4,8.26,48.67,Washington Sundar
2023,YS Chahal,434,326,21,54.2,7.99,20.67,Yuzvendra Chahal
2023,Yash Dayal,165,88,2,14.4,11.25,82.5,Yash Dayal
2023,Yash Thakur,297,207,13,34.3,8.61,22.85,Yash Thakur
2023,Yudhvir Singh,73,50,3,8.2,8.76,24.33,Yudhvir Singh
2024,A Badoni,25,12,0,2.0,12.5,,Ayush Badoni
2024,A Kamboj,115,68,2,11.2,10.15,57.5,Anshul Kamboj
2024,A Mishra,20,12,1,2.0,10.0,20.0,Amit Mishra
2024,A Nortje,298,140,7,23.2,12.77,42.57,Anrich Nortje
2024,AD Russell,304,188,19,31.2,9.7,16.0,Andre Russell
2024,AK Markram,15,13,0,2.1,6.92,,Aiden Markram
2024,AR Patel,340,265,11,44.1,7.7,30.91,Akshar Patel
2024,AS Joseph,123,64,1,10.4,11.53,123.0,Alzarri Joseph
2024,AS Roy,60,34,0,5.4,10.59,,Anukul Roy
2024,Abhishek Sharma,51,42,2,7.0,7.29,25.5,Abhishek Sharma
2024,Akash Deep,55,23,1,3.5,14.35,55.0,Akash Deep
2024,Akash Madhwal,209,119,5,19.5,10.54,41.8,Akash Madhwal
2024,Arjun Tendulkar,22,15,0,2.3,8.8,,Arjun Tendulkar
2024,Arshad Khan,90,56,1,9.2,9.64,90.0,Arshad Khan
2024,Arshad Khan (2),25,13,0,2.1,11.54,,Arshad Khan (2)
2024,Arshdeep Singh,514,326,19,54.2,9.46,27.05,Arshdeep Singh
2024,Atharva Taide,4,1,0,0.1,24.0,,Atharva Taide
2024,Avesh Khan,533,346,20,57.4,9.24,26.65,Avesh Khan
2024,Azmatullah Omarzai,194,131,4,21.5,8.89,48.5,Azmatullah Omarzai
2024,B Kumar,555,357,11,59.3,9.33,50.45,Bhuvneshwar Kumar
2024,C Green,305,223,10,37.1,8.21,30.5,Cameron Green
2024,CV Varun,411,309,21,51.3,7.98,19.57,CV Varun
2024,DG Nalkande,46,31,3,5.1,8.9,15.33,Darshan Nalkande
2024,DJ Hooda,22,19,0,3.1,6.95,,Deepak Hooda
2024,DJ Mitchell,70,38,1,6.2,11.05,70.0,Daryl Mitchell
2024,DL Chahar,202,146,5,24.2,8.3,40.4,Deepak Chahar
2024,G Coetzee,357,216,13,36.0,9.92,27.46,Gerald Coetzee
2024,GJ Maxwell,129,98,6,16.2,7.9,21.5,Glenn Maxwell
2024,Gulbadin Naib,12,6,0,1.0,12.0,,Gulbadin Naib
2024,H Sharma,29,12,0,2.0,14.5,,Himanshu Sharma
2024,HH Pandya,389,226,11,37.4,10.33,35.36,Hardik Pandya
2024,HV Patel,485,317,24,52.5,9.18,20.21,Harshal Patel
2024,Harpreet Brar,309,230,7,38.2,8.06,44.14,Harpreet Brar
2024,Harshit Rana,385,264,19,44.0,8.75,20.26,Harshit Rana
2024,I Sharma,266,182,10,30.2,8.77,26.6,Ishant Sharma
2024,J Little,45,25,4,4.1,10.8,11.25,Josh Little
2024,JA Richardson,40,25,0,4.1,9.6,,Jhye Richardson
2024,JD Unadkat,321,200,8,33.2,9.63,40.12,Jaydev Unadkat
2024,JJ Bumrah,341,328,20,54.4,6.24,17.05,Jasprit Bumrah
2024,K Gowtham,30,13,0,2.1,13.85,,K Gowtham
2024,K Rabada,386,262,11,43.4,8.84,35.09,Kagiso Rabada
2024,KA Maharaj,39,36,2,6.0,6.5,19.5,KA Maharaj
2024,KH Pandya,258,205,6,34.1,7.55,43.0,Krunal Pandya
2024,KK Ahmed,493,324,17,54.0,9.13,29.0,Khaleel Ahmed
2024,KR Sen,127,79,6,13.1,9.65,21.17,Kuldeep Sen
2024,KT Maphaka,90,39,1,6.3,13.85,90.0,Kwena Maphaka
2024,KV Sharma,256,149,7,24.5,10.31,36.57,Karn Sharma
2024,Kartik Tyagi,52,26,0,4.2,12.0,,Kartik Tyagi
2024,Kuldeep Yadav,376,267,16,44.3,8.45,23.5,Kuldip Yadav
2024,L Wood,94,38,1,6.2,14.84,94.0,L Wood
2024,LB Williams,74,42,1,7.0,10.57,74.0,Lizaad Williams
2024,LH Ferguson,260,147,9,24.3,10.61,28.89,Lockie Ferguson
2024,LS Livingstone,86,75,3,12.3,6.88,28.67,Liam Livingstone
2024,Lalit Yadav,57,18,0,3.0,19.0,,Lalit Yadav
2024,M Jansen,134,68,1,11.2,11.82,134.0,Marco Jansen
2024,M Markande,259,142,8,23.4,10.94,32.38,Mayank Markande
2024,M Pathirana,175,145,13,24.1,7.24,13.46,Matheesha Pathirana
2024,M Shahrukh Khan,16,12,0,2.0,8.0,,M. Shahrukh Khan
2024,M Siddharth,72,58,1,9.4,7.45,72.0,Manimaran Siddharth
2024,M Theekshana,146,121,2,20.1,7.24,73.0,Maheesh Theekshana
2024,MA Starc,450,267,17,44.3,10.11,26.47,Mitchell Starc
2024,MJ Henry,112,74,1,12.2,9.08,112.0,Matt Henry
2024,MJ Santner,64,54,2,9.0,7.11,32.0,Mitchell Santner
2024,MJ Suthar,26,12,0,2.0,13.0,,Manav Suthar
2024,MK Lomror,18,9,0,1.3,12.0,,Mahipal Lomror
2024,MM Ali,71,49,2,8.1,8.69,35.5,Moeen Ali
2024,MM Sharma,428,245,13,40.5,10.48,32.92,Mohit Sharma
2024,MP Stoinis,127,87,4,14.3,8.76,31.75,Marcus Stoinis
2024,MP Yadav,88,76,7,12.4,6.95,12.57,Mayank Yadav
2024,MR Marsh,103,54,1,9.0,11.44,103.0,Mitchell Marsh
2024,Mayank Dagar,122,72,1,12.0,10.17,122.0,Mayank Dagar
2024,Mohammad Nabi,110,74,2,12.2,8.92,55.0,Mohammad Nabi
2024,Mohammed Siraj,507,350,15,58.2,8.69,33.8,Mohammed Siraj
2024,Mohsin Khan,385,237,10,39.3,9.75,38.5,Mohsin Khan
2024,Mukesh Choudhary,27,7,0,1.1,23.14,,Mukesh Choudhary
2024,Mukesh Kumar,379,223,17,37.1,10.2,22.29,Mukesh Kumar
2024,Mustafizur Rahman,324,225,14,37.3,8.64,23.14,Mustafizur Rahman
2024,N Burger,152,105,7,17.3,8.69,21.71,N Burger
2024,N Thushara,259,172,8,28.4,9.03,32.38,Nuwan Thushara
2024,N Wadhera,13,12,0,2.0,6.5,,Nehal Wadhera
2024,NT Ellis,24,24,1,4.0,6.0,24.0,Nathan Ellis
2024,Naman Dhir,55,29,0,4.5,11.38,,Naman Dhir
2024,Naveen-ul-Haq,375,232,14,38.4,9.7,26.79,Naveen-ul-Haq
2024,Nithish Kumar Reddy,154,87,3,14.3,10.62,51.33,Nitish Kumar Reddy
2024,Noor Ahmad,297,214,8,35.4,8.33,37.12,Noor Ahmad
2024,PJ Cummins,571,375,18,62.3,9.14,31.72,Patrick Cummins
2024,PP Chawla,312,215,13,35.5,8.71,24.0,Piyush Chawla
2024,PVD Chameera,49,19,0,3.1,15.47,,PVD Chameera
2024,R Ashwin,469,346,9,57.4,8.13,52.11,Ravichandran Ashwin
2024,R Dhawan,39,19,0,3.1,12.32,,Rishi Dhawan
2024,R Parag,27,19,0,3.1,8.53,,Riyan Parag
2024,R Ravindra,7,12,0,2.0,3.5,,Rachin Ravindra
2024,R Sai Kishore,137,93,7,15.3,8.84,19.57,R Sai Kishore
2024,R Shepherd,162,76,1,12.4,12.79,162.0,Romario Shepherd
2024,RA Jadeja,371,285,8,47.3,7.81,46.38,Ravindra Jadeja
2024,RD Chahar,280,189,10,31.3,8.89,28.0,Rahul Chahar
2024,RJ Gleeson,72,51,1,8.3,8.47,72.0,RJ Gleeson
2024,RJW Topley,168,95,4,15.5,10.61,42.0,Reece Topley
2024,Ramandeep Singh,9,4,0,0.4,13.5,,Ramandeep Singh
2024,Rashid Khan,372,262,10,43.4,8.52,37.2,Rashid Khan
2024,Rasikh Salam,271,156,9,26.0,10.42,30.11,Rasikh Salam
2024,Ravi Bishnoi,384,270,10,45.0,8.53,38.4,Ravi Bishnoi
2024,S Dube,14,6,1,1.0,14.0,14.0,Shivam Dube
2024,S Gopal,67,42,3,7.0,9.57,22.33,Shreyas Gopal
2024,S Joseph,51,30,0,5.0,10.2,,Shamar Joseph
2024,S Sandeep Warrier,122,70,6,11.4,10.46,20.33,Sandeep Warrier
2024,SH Johnson,155,99,4,16.3,9.39,38.75,Spencer Johnson
2024,SM Curran,422,254,16,42.2,9.97,26.38,Sam Curran
2024,SN Thakur,315,197,5,32.5,9.59,63.0,Shardul Thakur
2024,SP Narine,376,334,17,55.4,6.75,22.12,Sunil Narine
2024,SZ Mulani,57,33,0,5.3,10.36,,Shams Mulani
2024,Sandeep Sharma,314,236,13,39.2,7.98,24.15,Sandeep Sharma
2024,Shahbaz Ahmed,277,166,7,27.4,10.01,39.57,Shahbaz Ahmed
2024,Shashank Singh,5,6,1,1.0,5.0,5.0,Shashank Singh
2024,Sikandar Raza,22,12,0,2.0,11.0,,Sikandar Raza
2024,Simarjeet Singh,122,80,5,13.2,9.15,24.4,Simarjeet Singh
2024,Sumit Kumar,38,22,0,3.4,10.36,,Sumit Kumar
2024,Suyash Sharma,51,25,0,4.1,12.24,,Suyash Sharma
2024,Swapnil Singh,133,92,6,15.2,8.67,22.17,Swapnil Singh
2024,T Natarajan,469,332,19,55.2,8.48,24.68,T Natarajan
2024,T Stubbs,15,13,3,2.1,6.92,5.0,Tristan Stubbs
2024,TA Boult,448,333,16,55.3,8.07,28.0,Trent Boult
2024,TM Head,32,10,0,1.4,19.2,,Travis Head
2024,TU Deshpande,435,310,17,51.4,8.42,25.59,Tushar Deshpande
2024,Tilak Varma,8,4,0,0.4,12.0,,Tilak Varma
2024,UT Yadav,211,129,8,21.3,9.81,26.38,Upendra Yadav
2024,Umran Malik,15,7,0,1.1,12.86,,Umran Malik
2024,V Kaverappa,36,24,2,4.0,9.0,18.0,Vidwath Kaverappa
2024,V Viyaskanth,90,60,1,10.0,9.0,90.0,V Viyaskanth
2024,VG Arora,284,201,11,33.3,8.48,25.82,Vaibhav Arora
2024,VR Iyer,28,6,0,1.0,28.0,,Venkatesh Iyer
2024,Vijaykumar Vyshak,143,90,4,15.0,9.53,35.75,Vijaykumar Vyshak
2024,WG Jacks,100,55,2,9.1,10.91,50.0,Will Jacks
2024,Washington Sundar,73,30,1,5.0,14.6,73.0,Washington Sundar
2024,YS Chahal,548,362,18,60.2,9.08,30.44,Yuzvendra Chahal
2024,Yash Dayal,472,322,15,53.4,8.8,31.47,Yash Dayal
2024,Yash Thakur,405,225,11,37.3,10.8,36.82,Yash Thakur
2024,Yudhvir Singh,52,24,1,4.0,13.0,52.0,Yudhvir Singh
2025,A Badoni,13,10,2,1.4,7.8,6.5,Ayush Badoni
2025,A Kamboj,173,130,8,21.4,7.98,21.62,Anshul Kamboj
2025,A Nortje,87,45,1,7.3,11.6,87.0,Anrich Nortje
2025,A Zampa,94,50,2,8.2,11.28,47.0,Adam Zampa
2025,AD Russell,218,114,8,19.0,11.47,27.25,Andre Russell
2025,AK Markram,102,68,4,11.2,9.0,25.5,Aiden Markram
2025,AR Patel,314,219,5,36.3,8.6,62.8,Akshar Patel
2025,AS Roy,27,25,1,4.1,6.48,27.0,Anukul Roy
2025,Abdul Samad,6,2,0,0.2,18.0,,Abdul Samad
2025,Abhishek Sharma,113,67,0,11.1,10.12,,Abhishek Sharma
2025,Akash Deep,230,127,3,21.1,10.87,76.67,Akash Deep
2025,Akash Madhwal,167,97,4,16.1,10.33,41.75,Akash Madhwal
2025,Akash Singh,99,67,4,11.1,8.87,24.75,Akash Singh
2025,Arshad Khan,220,136,6,22.4,9.71,36.67,Arshad Khan
2025,Arshdeep Singh,527,367,21,61.1,8.62,25.1,Arshdeep Singh
2025,Ashwani Kumar,234,132,11,22.0,10.64,21.27,Ashwani Kumar
2025,Avesh Khan,487,294,13,49.0,9.94,37.46,Avesh Khan
2025,Azmatullah Omarzai,282,169,8,28.1,10.01,35.25,Azmatullah Omarzai
2025,B Kumar,490,318,17,53.0,9.25,28.82,Bhuvneshwar Kumar
2025,C Bosch,56,45,1,7.3,7.47,56.0,C Bosch
2025,C Sakariya,39,19,0,3.1,12.32,,Chetan Sakariya
2025,CV Varun,390,308,17,51.2,7.6,22.94,CV Varun
2025,DJ Hooda,15,7,0,1.1,12.86,,Deepak Hooda
2025,DL Chahar,378,263,11,43.5,8.62,34.36,Deepak Chahar
2025,DS Rathi,435,321,14,53.3,8.13,31.07,DS Rathi
2025,E Malinga,244,165,13,27.3,8.87,18.77,Eshan Malinga
2025,Fazalhaq Farooqi,211,104,0,17.2,12.17,,Fazalhaq Farooqi
2025,G Coetzee,133,76,2,12.4,10.5,66.5,Gerald Coetzee
2025,GJ Maxwell,111,82,4,13.4,8.12,27.75,Glenn Maxwell
2025,HH Pandya,345,229,14,38.1,9.04,24.64,Hardik Pandya
2025,HV Patel,434,286,16,47.4,9.1,27.12,Harshal Patel
2025,Harpreet Brar,190,134,10,22.2,8.51,19.0,Harpreet Brar
2025,Harsh Dubey,98,61,5,10.1,9.64,19.6,Harsh Dubey
2025,Harshit Rana,457,276,15,46.0,9.93,30.47,Harshit Rana
2025,I Sharma,210,117,4,19.3,10.77,52.5,Ishant Sharma
2025,Ishan Kishan,4,1,0,0.1,24.0,,Ishan Kishan
2025,J Overton,84,41,0,6.5,12.29,,Jamie Overton
2025,JC Archer,445,292,11,48.4,9.14,40.45,Jofra Archer
2025,JD Unadkat,177,146,11,24.2,7.27,16.09,Jaydev Unadkat
2025,JJ Bumrah,322,289,18,48.1,6.69,17.89,Jasprit Bumrah
2025,JR Hazlewood,389,270,22,45.0,8.64,17.68,Josh Hazlewood
2025,K Kartikeya,78,49,2,8.1,9.55,39.0,Kumar Kartikeya
2025,K Khejroliya,29,19,1,3.1,9.16,29.0,Kulwant Khejroliya
2025,K Rabada,164,88,2,14.4,11.18,82.0,Kagiso Rabada
2025,KA Jamieson,147,94,5,15.4,9.38,29.4,Kyle Jamieson
2025,KH Pandya,380,283,17,47.1,8.06,22.35,Krunal Pandya
2025,KK Ahmed,454,290,15,48.2,9.39,30.27,Khaleel Ahmed
2025,KT Maphaka,58,32,1,5.2,10.88,58.0,Kwena Maphaka
2025,KV Sharma,133,91,7,15.1,8.77,19.0,Karn Sharma
2025,Karim Janat,30,6,0,1.0,30.0,,Karim Janat
2025,Kuldeep Yadav,392,324,15,54.0,7.26,26.13,Kuldip Yadav
2025,L Ngidi,81,48,4,8.0,10.12,20.25,Lungisani Ngidi
2025,LH Ferguson,107,76,6,12.4,8.45,17.83,Lockie Ferguson
2025,LS Livingstone,76,54,2,9.0,8.44,38.0,Liam Livingstone
2025,M Jansen,448,300,16,50.0,8.96,28.0,Marco Jansen
2025,M Pathirana,430,284,13,47.2,9.08,33.08,Matheesha Pathirana
2025,M Prasidh Krishna,506,364,25,60.4,8.34,20.24,M Prasidh Krishna
2025,M Shahrukh Khan,13,6,1,1.0,13.0,13.0,M. Shahrukh Khan
2025,M Siddharth,68,43,2,7.1,9.49,34.0,Manimaran Siddharth
2025,M Theekshana,412,271,11,45.1,9.12,37.45,Maheesh Theekshana
2025,M Tiwari,14,6,0,1.0,14.0,,Madhav Tiwari
2025,MA Starc,413,245,14,40.5,10.11,29.5,Mitchell Starc
2025,MJ Santner,316,247,10,41.1,7.68,31.6,Mitchell Santner
2025,MM Ali,136,99,6,16.3,8.24,22.67,Moeen Ali
2025,MM Sharma,259,163,2,27.1,9.53,129.5,Mohit Sharma
2025,MP Stoinis,177,91,1,15.1,11.67,177.0,Marcus Stoinis
2025,MP Yadav,100,53,2,8.5,11.32,50.0,Mayank Yadav
2025,Mohammed Shami,348,187,6,31.1,11.17,58.0,Mohammed Shami
2025,Mohammed Siraj,540,367,16,61.1,8.83,33.75,Mohammed Siraj
2025,Mujeeb Ur Rahman,28,13,1,2.1,12.92,28.0,Mujeeb Ur Rahman
2025,Mukesh Choudhary,71,36,1,6.0,11.83,71.0,Mukesh Choudhary
2025,Mukesh Kumar,411,255,12,42.3,9.67,34.25,Mukesh Kumar
2025,Musheer Khan,27,12,1,2.0,13.5,27.0,Musheer Khan
2025,Mustafizur Rahman,87,66,4,11.0,7.91,21.75,Mustafizur Rahman
2025,N Rana,18,12,0,2.0,9.0,,Nitish Rana
2025,N Thushara,30,26,1,4.2,6.92,30.0,Nuwan Thushara
2025,N Wadhera,9,5,0,0.5,10.8,,Nehal Wadhera
2025,NT Ellis,39,25,1,4.1,9.36,39.0,Nathan Ellis
2025,Naman Dhir,21,24,0,4.0,5.25,,Naman Dhir
2025,Nithish Kumar Reddy,47,34,2,5.4,8.29,23.5,Nitish Kumar Reddy
2025,Noor Ahmad,416,314,24,52.2,7.95,17.33,Noor Ahmad
2025,P Dubey,21,12,1,2.0,10.5,21.0,Pravin Dubey
2025,PHKD Mendis,60,42,2,7.0,8.57,30.0,PHKD Mendis
2025,PJ Cummins,460,312,16,52.0,8.85,28.75,Patrick Cummins
2025,PVD Chameera,198,111,4,18.3,10.7,49.5,PVD Chameera
2025,PVSN Raju,54,29,1,4.5,11.17,54.0,PVSN Raju
2025,PWA Mulder,16,6,0,1.0,16.0,,PWA Mulder
2025,PWH de Silva,376,251,11,41.5,8.99,34.18,PWH de Silva
2025,Prince Yadav,226,144,3,24.0,9.42,75.33,Prince Yadav
2025,R Ashwin,286,189,7,31.3,9.08,40.86,Ravichandran Ashwin
2025,R Parag,171,128,3,21.2,8.02,57.0,Riyan Parag
2025,R Sai Kishore,396,262,19,43.4,9.07,20.84,R Sai Kishore
2025,R Shepherd,156,90,6,15.0,10.4,26.0,Romario Shepherd
2025,RA Jadeja,325,232,10,38.4,8.41,32.5,Ravindra Jadeja
2025,RD Chahar,9,6,0,1.0,9.0,,Rahul Chahar
2025,RJ Gleeson,39,22,1,3.4,10.64,39.0,RJ Gleeson
2025,RJW Topley,40,18,0,3.0,13.33,,Reece Topley
2025,Rashid Khan,523,336,9,56.0,9.34,58.11,Rashid Khan
2025,Rasikh Salam,71,38,1,6.2,11.21,71.0,Rasikh Salam
2025,Ravi Bishnoi,402,233,9,38.5,10.35,44.67,Ravi Bishnoi
2025,S Dube,33,13,0,2.1,15.23,,Shivam Dube
2025,SH Johnson,134,73,1,12.1,11.01,134.0,Spencer Johnson
2025,SM Curran,135,74,1,12.2,10.95,135.0,Sam Curran
2025,SN Thakur,376,226,15,37.4,9.98,25.07,Shardul Thakur
2025,SP Narine,357,275,12,45.5,7.79,29.75,Sunil Narine
2025,Sandeep Sharma,376,243,9,40.3,9.28,41.78,Sandeep Sharma
2025,Shahbaz Ahmed,103,56,1,9.2,11.04,103.0,Shahbaz Ahmed
2025,Shashank Singh,27,12,0,2.0,13.5,,Shashank Singh
2025,Simarjeet Singh,146,63,2,10.3,13.9,73.0,Simarjeet Singh
2025,Suryansh Shedge,40,19,0,3.1,12.63,,Suryansh Shedge
2025,Suyash Sharma,454,305,8,50.5,8.93,56.75,Suyash Sharma
2025,T Natarajan,53,25,1,4.1,12.72,53.0,T Natarajan
2025,T Stubbs,40,12,0,2.0,20.0,,Tristan Stubbs
2025,TA Boult,520,357,22,59.3,8.74,23.64,Trent Boult
2025,TU Deshpande,342,212,9,35.2,9.68,38.0,Tushar Deshpande
2025,V Nigam,361,244,12,40.4,8.88,30.08,Vipraj Nigam
2025,V Puthur,109,73,6,12.1,8.96,18.17,Vignesh Puthur
2025,VG Arora,431,272,17,45.2,9.51,25.35,Vaibhav Arora
2025,Vijaykumar Vyshak,181,113,4,18.5,9.61,45.25,Vijaykumar Vyshak
2025,W O'Rourke,132,64,6,10.4,12.38,22.0,W O'Rourke
2025,WG Jacks,121,90,6,15.0,8.07,20.17,Will Jacks
2025,Washington Sundar,112,67,2,11.1,10.03,56.0,Washington Sundar
2025,XC Bartlett,96,60,2,10.0,9.6,48.0,Xavier Bartlett
2025,YS Chahal,431,277,16,46.1,9.34,26.94,Yuzvendra Chahal
2025,Yash Dayal,479,305,13,50.5,9.42,36.85,Yash Dayal
2025,Yash Thakur,80,43,1,7.1,11.16,80.0,Yash Thakur
2025,Yudhvir Singh,132,71,4,11.5,11.15,33.0,Yudhvir Singh
2025,Zeeshan Ansari,334,209,6,34.5,9.59,55.67,Zeeshan Ansari
2026,A Badoni,14,6,0,1.0,14.0,,Ayush Badoni
2026,A Kamboj,535,315,21,52.3,10.19,25.48,Anshul Kamboj
2026,A Nortje,39,27,0,4.3,8.67,,Anrich Nortje
2026,AF Milne,42,21,0,3.3,12.0,,Adam Milne
2026,AJ Hosein,198,151,8,25.1,7.87,24.75,Akeal Hosein
2026,AK Markram,83,39,0,6.3,12.77,,Aiden Markram
2026,AM Ghazanfar,390,237,15,39.3,9.87,26.0,AM Ghazanfar
2026,AR Patel,365,268,11,44.4,8.17,33.18,Akshar Patel
2026,AS Roy,264,184,9,30.4,8.61,29.33,Anukul Roy
2026,Abdul Samad,6,1,0,0.1,36.0,,Abdul Samad
2026,Abhinandan Singh,122,60,3,10.0,12.2,40.67,Abhinandan Singh
2026,Abhishek Sharma,49,29,0,4.5,10.14,,Abhishek Sharma
2026,Akash Singh,80,48,4,8.0,10.0,20.0,Akash Singh
2026,Arjun Tendulkar,36,24,1,4.0,9.0,36.0,Arjun Tendulkar
2026,Arshad Khan,173,111,6,18.3,9.35,28.83,Arshad Khan
2026,Arshdeep Singh,542,347,14,57.5,9.37,38.71,Arshdeep Singh
2026,Ashok Sharma,233,136,6,22.4,10.28,38.83,Ashok Sharma
2026,Ashwani Kumar,102,64,6,10.4,9.56,17.0,Ashwani Kumar
2026,Auqib Nabi,151,84,0,14.0,10.79,,Auqib Nabi
2026,Avesh Khan,278,156,6,26.0,10.69,46.33,Avesh Khan
2026,Azmatullah Omarzai,103,69,3,11.3,8.96,34.33,Azmatullah Omarzai
2026,B Kumar,504,391,29,65.1,7.73,17.38,Bhuvneshwar Kumar
2026,B Muzarabani,79,44,4,7.2,10.77,19.75,B Muzarabani
2026,BJ Dwarshuis,51,26,1,4.2,11.77,51.0,Ben Dwarshuis
2026,Brijesh Sharma,452,297,14,49.3,9.13,32.29,Brijesh Sharma
2026,C Bosch,197,126,12,21.0,9.38,16.42,C Bosch
2026,C Green,241,141,7,23.3,10.26,34.43,Cameron Green
2026,CV Varun,363,255,11,42.3,8.54,33.0,CV Varun
2026,D Ferreira,41,18,1,3.0,13.67,41.0,Donovan Ferreira
2026,D Madushanka,36,28,1,4.4,7.71,36.0,D Madushanka
2026,DA Payne,70,31,2,5.1,13.55,35.0,DA Payne
2026,DL Chahar,269,162,8,27.0,9.96,33.62,Deepak Chahar
2026,DS Rathi,399,240,5,40.0,9.98,79.8,DS Rathi
2026,E Malinga,510,351,20,58.3,8.72,25.5,Eshan Malinga
2026,GF Linde,55,37,1,6.1,8.92,55.0,GF Linde
2026,Gurjapneet Singh,233,159,4,26.3,8.79,58.25,Gurjapneet Singh
2026,HH Pandya,261,151,4,25.1,10.37,65.25,Hardik Pandya
2026,HV Patel,152,84,0,14.0,10.86,,Harshal Patel
2026,Harpreet Brar,60,49,2,8.1,7.35,30.0,Harpreet Brar
2026,Harsh Dubey,230,139,8,23.1,9.93,28.75,Harsh Dubey
2026,J Overton,254,176,14,29.2,8.66,18.14,Jamie Overton
2026,JA Duffy,266,156,9,26.0,10.23,29.56,JA Duffy
2026,JC Archer,566,379,25,63.1,8.96,22.64,Jofra Archer
2026,JD Unadkat,145,78,4,13.0,11.15,36.25,Jaydev Unadkat
2026,JJ Bumrah,420,318,4,53.0,7.92,105.0,Jasprit Bumrah
2026,JO Holder,292,236,17,39.2,7.42,17.18,Jason Holder
2026,JR Hazlewood,506,322,15,53.4,9.43,33.73,Josh Hazlewood
2026,K Khejroliya,31,15,0,2.3,12.4,,Kulwant Khejroliya
2026,K Rabada,631,400,29,66.4,9.46,21.76,Kagiso Rabada
2026,KA Jamieson,90,42,2,7.0,12.86,45.0,Kyle Jamieson
2026,KH Pandya,427,313,14,52.1,8.19,30.5,Krunal Pandya
2026,KK Ahmed,149,106,2,17.4,8.43,74.5,Khaleel Ahmed
2026,Kartik Tyagi,504,317,18,52.5,9.54,28.0,Kartik Tyagi
2026,Krish Bhagat,63,36,0,6.0,10.5,,Krish Bhagat
2026,Kuldeep Yadav,384,226,10,37.4,10.19,38.4,Kuldip Yadav
2026,L Ngidi,342,255,13,42.3,8.05,26.31,Lungisani Ngidi
2026,LH Ferguson,141,70,1,11.4,12.09,141.0,Lockie Ferguson
2026,M Jansen,492,294,9,49.0,10.04,54.67,Marco Jansen
2026,M Markande,76,31,0,5.1,14.71,,Mayank Markande
2026,M Pathirana,9,10,0,1.4,5.4,,Matheesha Pathirana
2026,M Prasidh Krishna,408,242,16,40.2,10.12,25.5,M Prasidh Krishna
2026,M Siddharth,145,92,6,15.2,9.46,24.17,Manimaran Siddharth
2026,M Tiwari,91,69,4,11.3,7.91,22.75,Madhav Tiwari
2026,MA Starc,225,140,11,23.2,9.64,20.45,Mitchell Starc
2026,MD Shanaka,62,38,1,6.2,9.79,62.0,MD Shanaka
2026,MJ Henry,131,61,2,10.1,12.89,65.5,Matt Henry
2026,MJ Santner,126,87,5,14.3,8.69,25.2,Mitchell Santner
2026,MJ Suthar,68,38,2,6.2,10.74,34.0,Manav Suthar
2026,MP Stoinis,98,53,2,8.5,11.09,49.0,Marcus Stoinis
2026,MP Yadav,183,101,0,16.5,10.87,,Mayank Yadav
2026,MW Short,39,20,0,3.2,11.7,,MW Short
2026,Mohammed Shami,468,327,12,54.3,8.59,39.0,Mohammed Shami
2026,Mohammed Siraj,570,386,19,64.2,8.86,30.0,Mohammed Siraj
2026,Mohsin Khan,235,171,11,28.3,8.25,21.36,Mohsin Khan
2026,Mukesh Choudhary,257,178,8,29.4,8.66,32.12,Mukesh Choudhary
2026,Mukesh Kumar,357,204,6,34.0,10.5,59.5,Mukesh Kumar
2026,N Burger,465,278,14,46.2,10.04,33.21,N Burger
2026,N Rana,55,26,0,4.2,12.69,,Nitish Rana
2026,Navdeep Saini,38,19,0,3.1,12.0,,Navdeep Saini
2026,Nithish Kumar Reddy,326,197,8,32.5,9.93,40.75,Nitish Kumar Reddy
2026,Noor Ahmad,443,314,13,52.2,8.46,34.08,Noor Ahmad
2026,PJ Cummins,310,201,8,33.3,9.25,38.75,Patrick Cummins
2026,PP Hinge,307,168,14,28.0,10.96,21.93,PP Hinge
2026,PR Veer,25,12,0,2.0,12.5,,PR Veer
2026,PVD Chameera,18,12,0,2.0,9.0,,PVD Chameera
2026,Prince Yadav,469,331,17,55.1,8.5,27.59,Prince Yadav
2026,R Parag,38,25,2,4.1,9.12,19.0,Riyan Parag
2026,R Sai Kishore,46,24,1,4.0,11.5,46.0,R Sai Kishore
2026,R Shepherd,303,158,7,26.2,11.51,43.29,Romario Shepherd
2026,RA Bawa,50,32,2,5.2,9.38,25.0,Raj Angad Bawa
2026,RA Jadeja,283,202,10,33.4,8.41,28.3,Ravindra Jadeja
2026,RD Chahar,46,25,0,4.1,11.04,,Rahul Chahar
2026,RS Ghosh,24,18,1,3.0,8.0,24.0,Ramakrishna Ghosh
2026,Raghu Sharma,130,90,1,15.0,8.67,130.0,Raghu Sharma
2026,Ramandeep Singh,31,21,1,3.3,8.86,31.0,Ramandeep Singh
2026,Rashid Khan,527,348,21,58.0,9.09,25.1,Rashid Khan
2026,Rasikh Salam,407,272,20,45.2,8.98,20.35,Rasikh Salam
2026,Ravi Bishnoi,259,164,11,27.2,9.48,23.55,Ravi Bishnoi
2026,S Dube,64,32,1,5.2,12.0,64.0,Shivam Dube
2026,SH Johnson,114,71,2,11.5,9.63,57.0,Spencer Johnson
2026,SN Thakur,270,150,12,25.0,10.8,22.5,Shardul Thakur
2026,SP Narine,350,309,17,51.3,6.8,20.59,Sunil Narine
2026,SR Dubey,110,87,5,14.3,7.59,22.0,SR Dubey
2026,SS Mishra,68,47,2,7.5,8.68,34.0,SS Mishra
2026,Sakib Hussain,399,274,15,45.4,8.74,26.6,Sakib Hussain
2026,Sandeep Sharma,225,127,5,21.1,10.63,45.0,Sandeep Sharma
2026,Shahbaz Ahmed,130,70,5,11.4,11.14,26.0,Shahbaz Ahmed
2026,Shashank Singh,89,62,4,10.2,8.61,22.25,Shashank Singh
2026,Shivang Kumar,376,240,9,40.0,9.4,41.78,Shivang Kumar
2026,Suyash Sharma,380,253,9,42.1,9.01,42.22,Suyash Sharma
2026,T Natarajan,357,205,6,34.1,10.45,59.5,T Natarajan
2026,T Vijay,29,12,0,2.0,14.5,,Tripurana Vijay
2026,TA Boult,188,107,2,17.5,10.54,94.0,Trent Boult
2026,TH David,18,6,0,1.0,18.0,,Tim David
2026,TM Head,8,6,1,1.0,8.0,8.0,Travis Head
2026,TU Deshpande,282,151,4,25.1,11.21,70.5,Tushar Deshpande
2026,V Nigam,117,57,2,9.3,12.32,58.5,Vipraj Nigam
2026,VG Arora,396,241,11,40.1,9.86,36.0,Vaibhav Arora
2026,Vijaykumar Vyshak,333,194,9,32.2,10.3,37.0,Vijaykumar Vyshak
2026,WG Jacks,94,58,2,9.4,9.72,47.0,Will Jacks
2026,Washington Sundar,84,55,1,9.1,9.16,84.0,Washington Sundar
2026,XC Bartlett,390,209,5,34.5,11.2,78.0,Xavier Bartlett
2026,YS Chahal,389,262,12,43.4,8.91,32.42,Yuzvendra Chahal
2026,Yash Raj Punja,281,186,9,31.0,9.06,31.22,Yash Raj Punja
2026,Yash Thakur,55,26,2,4.2,12.69,27.5,Yash Thakur
